ply
format ascii 1.0
element vertex 12370
property float x
property float y
property float z
element face 6932
property list uchar int vertex_indices
end_header
24.3061 0.0000 274.4292
-0.4744 0.0000 241.1751
-0.4744 6.0000 241.1751
24.3061 6.0000 274.4292
-0.4744 0.0000 241.1751
-11.7796 0.0000 226.0103
-11.7796 6.0000 226.0103
-0.4744 6.0000 241.1751
-11.7796 0.0000 226.0103
39.5075 0.0000 188.2145
39.5075 6.0000 188.2145
-11.7796 6.0000 226.0103
39.5075 0.0000 188.2145
75.5831 0.0000 236.6334
75.5831 6.0000 236.6334
39.5075 6.0000 188.2145
75.5831 0.0000 236.6334
24.3061 0.0000 274.4292
24.3061 6.0000 274.4292
75.5831 6.0000 236.6334
27.6169 0.0000 241.6182
44.8573 0.0000 228.1261
44.8573 6.0000 228.1261
27.6169 6.0000 241.6182
44.8573 0.0000 228.1261
35.9040 0.0000 216.7940
35.9040 6.0000 216.7940
44.8573 6.0000 228.1261
35.9040 0.0000 216.7940
18.6535 0.0000 230.2861
18.6535 6.0000 230.2861
35.9040 6.0000 216.7940
18.6535 0.0000 230.2861
27.6169 0.0000 241.6182
27.6169 6.0000 241.6182
18.6535 6.0000 230.2861
24.3061 6.0000 274.4292
-0.4744 6.0000 241.1751
-11.7796 6.0000 226.0103
39.5075 6.0000 188.2145
75.5831 6.0000 236.6334
27.6169 6.0000 241.6182
44.8573 6.0000 228.1261
35.9040 6.0000 216.7940
18.6535 6.0000 230.2861
-56.5158 0.0000 -179.8290
-66.3775 0.0000 -190.0644
-66.3775 3.2000 -190.0644
-56.5158 3.2000 -179.8290
-66.3775 0.0000 -190.0644
-57.7270 0.0000 -198.3060
-57.7270 3.2000 -198.3060
-66.3775 3.2000 -190.0644
-57.7270 0.0000 -198.3060
-47.8653 0.0000 -188.0594
-47.8653 3.2000 -188.0594
-57.7270 3.2000 -198.3060
-47.8653 0.0000 -188.0594
-56.5158 0.0000 -179.8290
-56.5158 3.2000 -179.8290
-47.8653 3.2000 -188.0594
-56.5158 3.2000 -179.8290
-66.3775 3.2000 -190.0644
-57.7270 3.2000 -198.3060
-47.8653 3.2000 -188.0594
9.1653 0.0000 172.8171
27.5967 0.0000 157.9956
27.5967 6.0000 157.9956
9.1653 6.0000 172.8171
27.5967 0.0000 157.9956
32.2601 0.0000 163.7448
32.2601 6.0000 163.7448
27.5967 6.0000 157.9956
32.2601 0.0000 163.7448
29.0402 0.0000 166.3368
29.0402 6.0000 166.3368
32.2601 6.0000 163.7448
29.0402 0.0000 166.3368
32.4620 0.0000 170.5462
32.4620 6.0000 170.5462
29.0402 6.0000 166.3368
32.4620 0.0000 170.5462
35.6719 0.0000 167.9652
35.6719 6.0000 167.9652
32.4620 6.0000 170.5462
35.6719 0.0000 167.9652
39.9416 0.0000 173.2269
39.9416 6.0000 173.2269
35.6719 6.0000 167.9652
39.9416 0.0000 173.2269
21.9946 0.0000 187.6496
21.9946 6.0000 187.6496
39.9416 6.0000 173.2269
21.9946 0.0000 187.6496
18.2296 0.0000 183.0193
18.2296 6.0000 183.0193
21.9946 6.0000 187.6496
18.2296 0.0000 183.0193
20.5714 0.0000 181.1361
20.5714 6.0000 181.1361
18.2296 6.0000 183.0193
20.5714 0.0000 181.1361
16.3925 0.0000 175.9852
16.3925 6.0000 175.9852
20.5714 6.0000 181.1361
16.3925 0.0000 175.9852
13.5763 0.0000 178.2450
13.5763 6.0000 178.2450
16.3925 6.0000 175.9852
13.5763 0.0000 178.2450
9.1653 0.0000 172.8171
9.1653 6.0000 172.8171
13.5763 6.0000 178.2450
9.1653 6.0000 172.8171
27.5967 6.0000 157.9956
32.2601 6.0000 163.7448
29.0402 6.0000 166.3368
32.4620 6.0000 170.5462
35.6719 6.0000 167.9652
39.9416 6.0000 173.2269
21.9946 6.0000 187.6496
18.2296 6.0000 183.0193
20.5714 6.0000 181.1361
16.3925 6.0000 175.9852
13.5763 6.0000 178.2450
-17.6139 0.0000 186.5197
1.8169 0.0000 171.4656
1.8169 6.0000 171.4656
-17.6139 6.0000 186.5197
1.8169 0.0000 171.4656
6.1371 0.0000 176.9821
6.1371 6.0000 176.9821
1.8169 6.0000 171.4656
6.1371 0.0000 176.9821
0.9993 0.0000 180.9589
0.9993 6.0000 180.9589
6.1371 6.0000 176.9821
0.9993 0.0000 180.9589
4.5423 0.0000 185.4895
4.5423 6.0000 185.4895
0.9993 6.0000 180.9589
4.5423 0.0000 185.4895
12.1127 0.0000 179.6185
12.1127 6.0000 179.6185
4.5423 6.0000 185.4895
12.1127 0.0000 179.6185
17.5432 0.0000 186.5529
17.5432 6.0000 186.5529
12.1127 6.0000 179.6185
17.5432 0.0000 186.5529
8.9836 0.0000 193.1882
8.9836 6.0000 193.1882
17.5432 6.0000 186.5529
8.9836 0.0000 193.1882
6.8336 0.0000 190.4411
6.8336 6.0000 190.4411
8.9836 6.0000 193.1882
6.8336 0.0000 190.4411
1.5343 0.0000 194.5397
1.5343 6.0000 194.5397
6.8336 6.0000 190.4411
1.5343 0.0000 194.5397
3.6843 0.0000 197.2868
3.6843 6.0000 197.2868
1.5343 6.0000 194.5397
3.6843 0.0000 197.2868
-3.5934 0.0000 202.9252
-3.5934 6.0000 202.9252
3.6843 6.0000 197.2868
-3.5934 0.0000 202.9252
-8.1256 0.0000 197.1428
-8.1256 6.0000 197.1428
-3.5934 6.0000 202.9252
-8.1256 0.0000 197.1428
-1.0094 0.0000 191.6374
-1.0094 6.0000 191.6374
-8.1256 6.0000 197.1428
-1.0094 0.0000 191.6374
-4.5524 0.0000 187.1179
-4.5524 6.0000 187.1179
-1.0094 6.0000 191.6374
-4.5524 0.0000 187.1179
-12.3953 0.0000 193.1882
-12.3953 6.0000 193.1882
-4.5524 6.0000 187.1179
-12.3953 0.0000 193.1882
-17.6139 0.0000 186.5197
-17.6139 6.0000 186.5197
-12.3953 6.0000 193.1882
-17.6139 6.0000 186.5197
1.8169 6.0000 171.4656
6.1371 6.0000 176.9821
0.9993 6.0000 180.9589
4.5423 6.0000 185.4895
12.1127 6.0000 179.6185
17.5432 6.0000 186.5529
8.9836 6.0000 193.1882
6.8336 6.0000 190.4411
1.5343 6.0000 194.5397
3.6843 6.0000 197.2868
-3.5934 6.0000 202.9252
-8.1256 6.0000 197.1428
-1.0094 6.0000 191.6374
-4.5524 6.0000 187.1179
-12.3953 6.0000 193.1882
-35.1873 0.0000 206.1598
-32.2399 0.0000 204.1769
-32.2399 6.0000 204.1769
-35.1873 6.0000 206.1598
-32.2399 0.0000 204.1769
-32.9263 0.0000 203.1578
-32.9263 6.0000 203.1578
-32.2399 6.0000 204.1769
-32.9263 0.0000 203.1578
-29.3834 0.0000 200.7762
-29.3834 6.0000 200.7762
-32.9263 6.0000 203.1578
-29.3834 0.0000 200.7762
-27.9803 0.0000 199.8346
-27.9803 6.0000 199.8346
-29.3834 6.0000 200.7762
-27.9803 0.0000 199.8346
-24.7503 0.0000 204.6089
-24.7503 6.0000 204.6089
-27.9803 6.0000 199.8346
-24.7503 0.0000 204.6089
-19.4005 0.0000 201.0088
-19.4005 6.0000 201.0088
-24.7503 6.0000 204.6089
-19.4005 0.0000 201.0088
-23.1857 0.0000 195.4259
-23.1857 6.0000 195.4259
-19.4005 6.0000 201.0088
-23.1857 0.0000 195.4259
-20.4099 0.0000 193.5649
-20.4099 6.0000 193.5649
-23.1857 6.0000 195.4259
-20.4099 0.0000 193.5649
-19.6528 0.0000 194.6837
-19.6528 6.0000 194.6837
-20.4099 6.0000 193.5649
-19.6528 0.0000 194.6837
-15.8878 0.0000 192.1691
-15.8878 6.0000 192.1691
-19.6528 6.0000 194.6837
-15.8878 0.0000 192.1691
-8.7817 0.0000 202.6483
-8.7817 6.0000 202.6483
-15.8878 6.0000 192.1691
-8.7817 0.0000 202.6483
-15.4033 0.0000 207.0903
-15.4033 6.0000 207.0903
-8.7817 6.0000 202.6483
-15.4033 0.0000 207.0903
-16.5641 0.0000 205.3733
-16.5641 6.0000 205.3733
-15.4033 6.0000 207.0903
-16.5641 0.0000 205.3733
-21.0256 0.0000 208.3752
-21.0256 6.0000 208.3752
-16.5641 6.0000 205.3733
-21.0256 0.0000 208.3752
-20.0263 0.0000 209.8596
-20.0263 6.0000 209.8596
-21.0256 6.0000 208.3752
-20.0263 0.0000 209.8596
-28.7272 0.0000 215.6973
-28.7272 6.0000 215.6973
-20.0263 6.0000 209.8596
-28.7272 0.0000 215.6973
-35.1873 0.0000 206.1598
-35.1873 6.0000 206.1598
-28.7272 6.0000 215.6973
-35.1873 6.0000 206.1598
-32.2399 6.0000 204.1769
-32.9263 6.0000 203.1578
-29.3834 6.0000 200.7762
-27.9803 6.0000 199.8346
-24.7503 6.0000 204.6089
-19.4005 6.0000 201.0088
-23.1857 6.0000 195.4259
-20.4099 6.0000 193.5649
-19.6528 6.0000 194.6837
-15.8878 6.0000 192.1691
-8.7817 6.0000 202.6483
-15.4033 6.0000 207.0903
-16.5641 6.0000 205.3733
-21.0256 6.0000 208.3752
-20.0263 6.0000 209.8596
-28.7272 6.0000 215.6973
-82.9113 0.0000 245.2073
-49.6418 0.0000 221.8452
-49.6418 6.0000 221.8452
-82.9113 6.0000 245.2073
-49.6418 0.0000 221.8452
-42.7073 0.0000 231.2277
-42.7073 6.0000 231.2277
-49.6418 6.0000 221.8452
-42.7073 0.0000 231.2277
-75.2601 0.0000 253.8697
-75.2601 6.0000 253.8697
-42.7073 6.0000 231.2277
-75.2601 0.0000 253.8697
-82.9113 0.0000 245.2073
-82.9113 6.0000 245.2073
-75.2601 6.0000 253.8697
-82.9113 6.0000 245.2073
-49.6418 6.0000 221.8452
-42.7073 6.0000 231.2277
-75.2601 6.0000 253.8697
226.4365 0.0000 55.8629
218.0485 0.0000 62.1991
218.0485 3.2000 62.1991
226.4365 3.2000 55.8629
218.0485 0.0000 62.1991
216.2518 0.0000 59.8396
216.2518 3.2000 59.8396
218.0485 3.2000 62.1991
216.2518 0.0000 59.8396
211.0736 0.0000 53.0492
211.0736 3.2000 53.0492
216.2518 3.2000 59.8396
211.0736 0.0000 53.0492
225.6593 0.0000 42.0495
225.6593 3.2000 42.0495
211.0736 3.2000 53.0492
225.6593 0.0000 42.0495
234.5318 0.0000 35.3588
234.5318 3.2000 35.3588
225.6593 3.2000 42.0495
234.5318 0.0000 35.3588
238.8117 0.0000 40.9639
238.8117 3.2000 40.9639
234.5318 3.2000 35.3588
238.8117 0.0000 40.9639
241.0727 0.0000 43.9326
241.0727 3.2000 43.9326
238.8117 3.2000 40.9639
241.0727 0.0000 43.9326
241.5067 0.0000 44.4975
241.5067 3.2000 44.4975
241.0727 3.2000 43.9326
241.5067 0.0000 44.4975
232.6947 0.0000 51.1439
232.6947 3.2000 51.1439
241.5067 3.2000 44.4975
232.6947 0.0000 51.1439
226.4365 0.0000 55.8629
226.4365 3.2000 55.8629
232.6947 3.2000 51.1439
226.4365 3.2000 55.8629
218.0485 3.2000 62.1991
216.2518 3.2000 59.8396
211.0736 3.2000 53.0492
225.6593 3.2000 42.0495
234.5318 3.2000 35.3588
238.8117 3.2000 40.9639
241.0727 3.2000 43.9326
241.5067 3.2000 44.4975
232.6947 3.2000 51.1439
279.9544 0.0000 92.1632
290.8053 0.0000 106.6302
290.8053 3.2000 106.6302
279.9544 3.2000 92.1632
290.8053 0.0000 106.6302
260.4126 0.0000 129.1836
260.4126 3.2000 129.1836
290.8053 3.2000 106.6302
260.4126 0.0000 129.1836
261.5835 0.0000 130.7455
261.5835 3.2000 130.7455
260.4126 3.2000 129.1836
261.5835 0.0000 130.7455
256.1025 0.0000 134.8108
256.1025 3.2000 134.8108
261.5835 3.2000 130.7455
256.1025 0.0000 134.8108
248.5018 0.0000 140.4492
248.5018 3.2000 140.4492
256.1025 3.2000 134.8108
248.5018 0.0000 140.4492
247.3410 0.0000 138.8873
247.3410 3.2000 138.8873
248.5018 3.2000 140.4492
247.3410 0.0000 138.8873
249.4405 0.0000 137.3365
249.4405 3.2000 137.3365
247.3410 3.2000 138.8873
249.4405 0.0000 137.3365
244.9790 0.0000 131.3879
244.9790 3.2000 131.3879
249.4405 3.2000 137.3365
244.9790 0.0000 131.3879
243.6567 0.0000 132.3738
243.6567 3.2000 132.3738
244.9790 3.2000 131.3879
243.6567 0.0000 132.3738
241.5269 0.0000 129.5380
241.5269 3.2000 129.5380
243.6567 3.2000 132.3738
241.5269 0.0000 129.5380
242.8492 0.0000 128.5522
242.8492 3.2000 128.5522
241.5269 3.2000 129.5380
242.8492 0.0000 128.5522
238.5795 0.0000 122.8695
238.5795 3.2000 122.8695
242.8492 3.2000 128.5522
238.5795 0.0000 122.8695
241.8499 0.0000 120.4436
241.8499 3.2000 120.4436
238.5795 3.2000 122.8695
241.8499 0.0000 120.4436
245.2415 0.0000 117.9290
245.2415 3.2000 117.9290
241.8499 3.2000 120.4436
245.2415 0.0000 117.9290
248.2595 0.0000 115.6914
248.2595 3.2000 115.6914
245.2415 3.2000 117.9290
248.2595 0.0000 115.6914
247.8255 0.0000 115.1154
247.8255 3.2000 115.1154
248.2595 3.2000 115.6914
247.8255 0.0000 115.1154
248.3706 0.0000 114.7166
248.3706 3.2000 114.7166
247.8255 3.2000 115.1154
248.3706 0.0000 114.7166
247.9365 0.0000 114.1406
247.9365 3.2000 114.1406
248.3706 3.2000 114.7166
247.9365 0.0000 114.1406
249.4304 0.0000 113.0328
249.4304 3.2000 113.0328
247.9365 3.2000 114.1406
249.4304 0.0000 113.0328
250.2884 0.0000 114.1849
250.2884 3.2000 114.1849
249.4304 3.2000 113.0328
250.2884 0.0000 114.1849
279.9544 0.0000 92.1632
279.9544 3.2000 92.1632
250.2884 3.2000 114.1849
279.9544 3.2000 92.1632
290.8053 3.2000 106.6302
260.4126 3.2000 129.1836
261.5835 3.2000 130.7455
256.1025 3.2000 134.8108
248.5018 3.2000 140.4492
247.3410 3.2000 138.8873
249.4405 3.2000 137.3365
244.9790 3.2000 131.3879
243.6567 3.2000 132.3738
241.5269 3.2000 129.5380
242.8492 3.2000 128.5522
238.5795 3.2000 122.8695
241.8499 3.2000 120.4436
245.2415 3.2000 117.9290
248.2595 3.2000 115.6914
247.8255 3.2000 115.1154
248.3706 3.2000 114.7166
247.9365 3.2000 114.1406
249.4304 3.2000 113.0328
250.2884 3.2000 114.1849
-50.7622 0.0000 -56.6937
-49.9446 0.0000 -58.7762
-49.9446 6.4000 -58.7762
-50.7622 6.4000 -56.6937
-49.9446 0.0000 -58.7762
-49.1876 0.0000 -60.4489
-49.1876 6.4000 -60.4489
-49.9446 6.4000 -58.7762
-49.1876 0.0000 -60.4489
-48.1479 0.0000 -62.1769
-48.1479 6.4000 -62.1769
-49.1876 6.4000 -60.4489
-48.1479 0.0000 -62.1769
-46.3310 0.0000 -64.6693
-46.3310 6.4000 -64.6693
-48.1479 6.4000 -62.1769
-46.3310 0.0000 -64.6693
-44.6655 0.0000 -66.3863
-44.6655 6.4000 -66.3863
-46.3310 6.4000 -64.6693
-44.6655 0.0000 -66.3863
-42.7881 0.0000 -68.0036
-42.7881 6.4000 -68.0036
-44.6655 6.4000 -66.3863
-42.7881 0.0000 -68.0036
-40.2646 0.0000 -69.6541
-40.2646 6.4000 -69.6541
-42.7881 6.4000 -68.0036
-40.2646 0.0000 -69.6541
-37.5796 0.0000 -70.8837
-37.5796 6.4000 -70.8837
-40.2646 6.4000 -69.6541
-37.5796 0.0000 -70.8837
-35.0561 0.0000 -71.7366
-35.0561 6.4000 -71.7366
-37.5796 6.4000 -70.8837
-35.0561 0.0000 -71.7366
-34.4101 0.0000 -71.8696
-34.4101 6.4000 -71.8696
-35.0561 6.4000 -71.7366
-34.4101 0.0000 -71.8696
-33.8348 0.0000 -71.7810
-33.8348 6.4000 -71.7810
-34.4101 6.4000 -71.8696
-33.8348 0.0000 -71.7810
-33.2594 0.0000 -71.4819
-33.2594 6.4000 -71.4819
-33.8348 6.4000 -71.7810
-33.2594 0.0000 -71.4819
-32.9768 0.0000 -70.9945
-32.9768 6.4000 -70.9945
-33.2594 6.4000 -71.4819
-32.9768 0.0000 -70.9945
-32.4216 0.0000 -66.9512
-32.4216 6.4000 -66.9512
-32.9768 6.4000 -70.9945
-32.4216 0.0000 -66.9512
-31.9068 0.0000 -63.2293
-31.9068 6.4000 -63.2293
-32.4216 6.4000 -66.9512
-31.9068 0.0000 -63.2293
-31.8362 0.0000 -62.0662
-31.8362 6.4000 -62.0662
-31.9068 6.4000 -63.2293
-31.8362 0.0000 -62.0662
-31.9876 0.0000 -60.9141
-31.9876 6.4000 -60.9141
-31.8362 6.4000 -62.0662
-31.9876 0.0000 -60.9141
-32.3308 0.0000 -59.7510
-32.3308 6.4000 -59.7510
-31.9876 6.4000 -60.9141
-32.3308 0.0000 -59.7510
-29.9688 0.0000 -57.3140
-29.9688 6.4000 -57.3140
-32.3308 6.4000 -59.7510
-29.9688 0.0000 -57.3140
-29.9486 0.0000 -56.1952
-29.9486 6.4000 -56.1952
-29.9688 6.4000 -57.3140
-29.9486 0.0000 -56.1952
-29.9789 0.0000 -55.3865
-29.9789 6.4000 -55.3865
-29.9486 6.4000 -56.1952
-29.9789 0.0000 -55.3865
-30.4735 0.0000 -54.3010
-30.4735 6.4000 -54.3010
-29.9789 6.4000 -55.3865
-30.4735 0.0000 -54.3010
-33.9458 0.0000 -51.0332
-33.9458 6.4000 -51.0332
-30.4735 6.4000 -54.3010
-33.9458 0.0000 -51.0332
-34.8341 0.0000 -50.9778
-34.8341 6.4000 -50.9778
-33.9458 6.4000 -51.0332
-34.8341 0.0000 -50.9778
-35.8031 0.0000 -51.0442
-35.8031 6.4000 -51.0442
-34.8341 6.4000 -50.9778
-35.8031 0.0000 -51.0442
-36.5298 0.0000 -51.2547
-36.5298 6.4000 -51.2547
-35.8031 6.4000 -51.0442
-36.5298 0.0000 -51.2547
-38.8615 0.0000 -53.7803
-38.8615 6.4000 -53.7803
-36.5298 6.4000 -51.2547
-38.8615 0.0000 -53.7803
-39.9416 0.0000 -53.5145
-39.9416 6.4000 -53.5145
-38.8615 6.4000 -53.7803
-39.9416 0.0000 -53.5145
-41.0822 0.0000 -53.4591
-41.0822 6.4000 -53.4591
-39.9416 6.4000 -53.5145
-41.0822 0.0000 -53.4591
-42.3439 0.0000 -53.6031
-42.3439 6.4000 -53.6031
-41.0822 6.4000 -53.4591
-42.3439 0.0000 -53.6031
-46.0383 0.0000 -54.3120
-46.0383 6.4000 -54.3120
-42.3439 6.4000 -53.6031
-46.0383 0.0000 -54.3120
-50.4190 0.0000 -55.3533
-50.4190 6.4000 -55.3533
-46.0383 6.4000 -54.3120
-50.4190 0.0000 -55.3533
-50.7925 0.0000 -56.0733
-50.7925 6.4000 -56.0733
-50.4190 6.4000 -55.3533
-50.7925 0.0000 -56.0733
-50.7622 0.0000 -56.6937
-50.7622 6.4000 -56.6937
-50.7925 6.4000 -56.0733
-50.7622 6.4000 -56.6937
-49.9446 6.4000 -58.7762
-49.1876 6.4000 -60.4489
-48.1479 6.4000 -62.1769
-46.3310 6.4000 -64.6693
-44.6655 6.4000 -66.3863
-42.7881 6.4000 -68.0036
-40.2646 6.4000 -69.6541
-37.5796 6.4000 -70.8837
-35.0561 6.4000 -71.7366
-34.4101 6.4000 -71.8696
-33.8348 6.4000 -71.7810
-33.2594 6.4000 -71.4819
-32.9768 6.4000 -70.9945
-32.4216 6.4000 -66.9512
-31.9068 6.4000 -63.2293
-31.8362 6.4000 -62.0662
-31.9876 6.4000 -60.9141
-32.3308 6.4000 -59.7510
-29.9688 6.4000 -57.3140
-29.9486 6.4000 -56.1952
-29.9789 6.4000 -55.3865
-30.4735 6.4000 -54.3010
-33.9458 6.4000 -51.0332
-34.8341 6.4000 -50.9778
-35.8031 6.4000 -51.0442
-36.5298 6.4000 -51.2547
-38.8615 6.4000 -53.7803
-39.9416 6.4000 -53.5145
-41.0822 6.4000 -53.4591
-42.3439 6.4000 -53.6031
-46.0383 6.4000 -54.3120
-50.4190 6.4000 -55.3533
-50.7925 6.4000 -56.0733
35.8435 0.0000 -130.4574
41.6878 0.0000 -135.9961
41.6878 6.0000 -135.9961
35.8435 6.0000 -130.4574
41.6878 0.0000 -135.9961
45.8263 0.0000 -131.6760
45.8263 6.0000 -131.6760
41.6878 6.0000 -135.9961
45.8263 0.0000 -131.6760
39.9820 0.0000 -126.1373
39.9820 6.0000 -126.1373
45.8263 6.0000 -131.6760
39.9820 0.0000 -126.1373
35.8435 0.0000 -130.4574
35.8435 6.0000 -130.4574
39.9820 6.0000 -126.1373
35.8435 6.0000 -130.4574
41.6878 6.0000 -135.9961
45.8263 6.0000 -131.6760
39.9820 6.0000 -126.1373
118.5529 0.0000 -24.8907
127.4961 0.0000 -15.4528
127.4961 19.2000 -15.4528
118.5529 19.2000 -24.8907
127.4961 0.0000 -15.4528
115.7064 0.0000 -4.3977
115.7064 19.2000 -4.3977
127.4961 19.2000 -15.4528
115.7064 0.0000 -4.3977
106.7632 0.0000 -13.8245
106.7632 19.2000 -13.8245
115.7064 19.2000 -4.3977
106.7632 0.0000 -13.8245
118.5529 0.0000 -24.8907
118.5529 19.2000 -24.8907
106.7632 19.2000 -13.8245
118.5529 19.2000 -24.8907
127.4961 19.2000 -15.4528
115.7064 19.2000 -4.3977
106.7632 19.2000 -13.8245
-43.5552 0.0000 174.7556
-37.0143 0.0000 168.5634
-37.0143 36.5000 168.5634
-43.5552 36.5000 174.7556
-37.0143 0.0000 168.5634
-38.5890 0.0000 167.0015
-38.5890 36.5000 167.0015
-37.0143 36.5000 168.5634
-38.5890 0.0000 167.0015
-26.9003 0.0000 155.9685
-26.9003 36.5000 155.9685
-38.5890 36.5000 167.0015
-26.9003 0.0000 155.9685
-18.7040 0.0000 165.6944
-18.7040 36.5000 165.6944
-26.9003 36.5000 155.9685
-18.7040 0.0000 165.6944
-20.6017 0.0000 168.2975
-20.6017 36.5000 168.2975
-18.7040 36.5000 165.6944
-20.6017 0.0000 168.2975
-22.2772 0.0000 170.2693
-22.2772 36.5000 170.2693
-20.6017 36.5000 168.2975
-22.2772 0.0000 170.2693
-24.6493 0.0000 172.5844
-24.6493 36.5000 172.5844
-22.2772 36.5000 170.2693
-24.6493 0.0000 172.5844
-26.9003 0.0000 174.4011
-26.9003 36.5000 174.4011
-24.6493 36.5000 172.5844
-26.9003 0.0000 174.4011
-29.7972 0.0000 176.4061
-29.7972 36.5000 176.4061
-26.9003 36.5000 174.4011
-29.7972 0.0000 176.4061
-31.6040 0.0000 174.3900
-31.6040 36.5000 174.3900
-29.7972 36.5000 176.4061
-31.6040 0.0000 174.3900
-38.1550 0.0000 180.5158
-38.1550 36.5000 180.5158
-31.6040 36.5000 174.3900
-38.1550 0.0000 180.5158
-43.5552 0.0000 174.7556
-43.5552 36.5000 174.7556
-38.1550 36.5000 180.5158
-43.5552 36.5000 174.7556
-37.0143 36.5000 168.5634
-38.5890 36.5000 167.0015
-26.9003 36.5000 155.9685
-18.7040 36.5000 165.6944
-20.6017 36.5000 168.2975
-22.2772 36.5000 170.2693
-24.6493 36.5000 172.5844
-26.9003 36.5000 174.4011
-29.7972 36.5000 176.4061
-31.6040 36.5000 174.3900
-38.1550 36.5000 180.5158
-0.2019 0.0000 -58.3220
2.3923 0.0000 -60.7590
2.3923 6.0000 -60.7590
-0.2019 6.0000 -58.3220
2.3923 0.0000 -60.7590
6.1674 0.0000 -56.7823
6.1674 6.0000 -56.7823
2.3923 6.0000 -60.7590
6.1674 0.0000 -56.7823
8.1256 0.0000 -54.7219
8.1256 6.0000 -54.7219
6.1674 6.0000 -56.7823
8.1256 0.0000 -54.7219
8.3880 0.0000 -54.4339
8.3880 6.0000 -54.4339
8.1256 6.0000 -54.7219
8.3880 0.0000 -54.4339
9.4479 0.0000 -55.4308
9.4479 6.0000 -55.4308
8.3880 6.0000 -54.4339
9.4479 0.0000 -55.4308
12.9505 0.0000 -51.7421
12.9505 6.0000 -51.7421
9.4479 6.0000 -55.4308
12.9505 0.0000 -51.7421
16.4228 0.0000 -48.0755
16.4228 6.0000 -48.0755
12.9505 6.0000 -51.7421
16.4228 0.0000 -48.0755
15.3024 0.0000 -47.0232
15.3024 6.0000 -47.0232
16.4228 6.0000 -48.0755
15.3024 0.0000 -47.0232
31.1700 0.0000 -30.3075
31.1700 6.0000 -30.3075
15.3024 6.0000 -47.0232
31.1700 0.0000 -30.3075
28.4446 0.0000 -27.7487
28.4446 6.0000 -27.7487
31.1700 6.0000 -30.3075
28.4446 0.0000 -27.7487
26.7488 0.0000 -29.5321
26.7488 6.0000 -29.5321
28.4446 6.0000 -27.7487
26.7488 0.0000 -29.5321
12.6477 0.0000 -44.4975
12.6477 6.0000 -44.4975
26.7488 6.0000 -29.5321
12.6477 0.0000 -44.4975
11.5575 0.0000 -43.4784
11.5575 6.0000 -43.4784
12.6477 6.0000 -44.4975
11.5575 0.0000 -43.4784
8.0953 0.0000 -47.1229
8.0953 6.0000 -47.1229
11.5575 6.0000 -43.4784
8.0953 0.0000 -47.1229
4.5322 0.0000 -50.8670
4.5322 6.0000 -50.8670
8.0953 6.0000 -47.1229
4.5322 0.0000 -50.8670
5.7737 0.0000 -52.0301
5.7737 6.0000 -52.0301
4.5322 6.0000 -50.8670
5.7737 0.0000 -52.0301
-0.2019 0.0000 -58.3220
-0.2019 6.0000 -58.3220
5.7737 6.0000 -52.0301
-0.2019 6.0000 -58.3220
2.3923 6.0000 -60.7590
6.1674 6.0000 -56.7823
8.1256 6.0000 -54.7219
8.3880 6.0000 -54.4339
9.4479 6.0000 -55.4308
12.9505 6.0000 -51.7421
16.4228 6.0000 -48.0755
15.3024 6.0000 -47.0232
31.1700 6.0000 -30.3075
28.4446 6.0000 -27.7487
26.7488 6.0000 -29.5321
12.6477 6.0000 -44.4975
11.5575 6.0000 -43.4784
8.0953 6.0000 -47.1229
4.5322 6.0000 -50.8670
5.7737 6.0000 -52.0301
-61.3709 0.0000 -19.2081
-60.5230 0.0000 -18.3108
-60.5230 6.0000 -18.3108
-61.3709 6.0000 -19.2081
-60.5230 0.0000 -18.3108
-60.9066 0.0000 -17.8345
-60.9066 6.0000 -17.8345
-60.5230 6.0000 -18.3108
-60.9066 0.0000 -17.8345
-61.0681 0.0000 -17.2474
-61.0681 6.0000 -17.2474
-60.9066 6.0000 -17.8345
-61.0681 0.0000 -17.2474
-60.9773 0.0000 -16.6492
-60.9773 6.0000 -16.6492
-61.0681 6.0000 -17.2474
-60.9773 0.0000 -16.6492
-60.6644 0.0000 -16.1286
-60.6644 6.0000 -16.1286
-60.9773 6.0000 -16.6492
-60.6644 0.0000 -16.1286
-60.1597 0.0000 -15.7852
-60.1597 6.0000 -15.7852
-60.6644 6.0000 -16.1286
-60.1597 0.0000 -15.7852
-59.8669 0.0000 -15.7298
-59.8669 6.0000 -15.7298
-60.1597 6.0000 -15.7852
-59.8669 0.0000 -15.7298
-68.2550 0.0000 -7.6212
-68.2550 6.0000 -7.6212
-59.8669 6.0000 -15.7298
-68.2550 0.0000 -7.6212
-55.6174 0.0000 5.7934
-55.6174 6.0000 5.7934
-68.2550 6.0000 -7.6212
-55.6174 0.0000 5.7934
-54.3456 0.0000 4.6082
-54.3456 6.0000 4.6082
-55.6174 6.0000 5.7934
-54.3456 0.0000 4.6082
-50.7219 0.0000 8.4409
-50.7219 6.0000 8.4409
-54.3456 6.0000 4.6082
-50.7219 0.0000 8.4409
-47.4111 0.0000 11.9413
-47.4111 6.0000 11.9413
-50.7219 6.0000 8.4409
-47.4111 0.0000 11.9413
-48.6728 0.0000 13.1266
-48.6728 6.0000 13.1266
-47.4111 6.0000 11.9413
-48.6728 0.0000 13.1266
-38.3669 0.0000 24.0267
-38.3669 6.0000 24.0267
-48.6728 6.0000 13.1266
-38.3669 0.0000 24.0267
-38.0237 0.0000 23.7165
-38.0237 6.0000 23.7165
-38.3669 6.0000 24.0267
-38.0237 0.0000 23.7165
-36.5197 0.0000 25.3006
-36.5197 6.0000 25.3006
-38.0237 6.0000 23.7165
-36.5197 0.0000 25.3006
-36.8831 0.0000 25.6440
-36.8831 6.0000 25.6440
-36.5197 6.0000 25.3006
-36.8831 0.0000 25.6440
-34.5413 0.0000 28.1142
-34.5413 6.0000 28.1142
-36.8831 6.0000 25.6440
-34.5413 0.0000 28.1142
-34.7129 0.0000 28.2693
-34.7129 6.0000 28.2693
-34.5413 6.0000 28.1142
-34.7129 0.0000 28.2693
-32.9465 0.0000 30.1303
-32.9465 6.0000 30.1303
-34.7129 6.0000 28.2693
-32.9465 0.0000 30.1303
-35.6416 0.0000 32.6559
-35.6416 6.0000 32.6559
-32.9465 6.0000 30.1303
-35.6416 0.0000 32.6559
-51.5899 0.0000 15.7962
-51.5899 6.0000 15.7962
-35.6416 6.0000 32.6559
-51.5899 0.0000 15.7962
-52.7305 0.0000 16.8707
-52.7305 6.0000 16.8707
-51.5899 6.0000 15.7962
-52.7305 0.0000 16.8707
-55.8899 0.0000 13.0712
-55.8899 6.0000 13.0712
-52.7305 6.0000 16.8707
-55.8899 0.0000 13.0712
-59.6651 0.0000 9.5376
-59.6651 6.0000 9.5376
-55.8899 6.0000 13.0712
-59.6651 0.0000 9.5376
-58.4134 0.0000 8.3744
-58.4134 6.0000 8.3744
-59.6651 6.0000 9.5376
-58.4134 0.0000 8.3744
-71.1216 0.0000 -5.0623
-71.1216 6.0000 -5.0623
-58.4134 6.0000 8.3744
-71.1216 0.0000 -5.0623
-72.6155 0.0000 -3.6555
-72.6155 6.0000 -3.6555
-71.1216 6.0000 -5.0623
-72.6155 0.0000 -3.6555
-75.0482 0.0000 -6.2254
-75.0482 6.0000 -6.2254
-72.6155 6.0000 -3.6555
-75.0482 0.0000 -6.2254
-61.3709 0.0000 -19.2081
-61.3709 6.0000 -19.2081
-75.0482 6.0000 -6.2254
-61.3709 6.0000 -19.2081
-60.5230 6.0000 -18.3108
-60.9066 6.0000 -17.8345
-61.0681 6.0000 -17.2474
-60.9773 6.0000 -16.6492
-60.6644 6.0000 -16.1286
-60.1597 6.0000 -15.7852
-59.8669 6.0000 -15.7298
-68.2550 6.0000 -7.6212
-55.6174 6.0000 5.7934
-54.3456 6.0000 4.6082
-50.7219 6.0000 8.4409
-47.4111 6.0000 11.9413
-48.6728 6.0000 13.1266
-38.3669 6.0000 24.0267
-38.0237 6.0000 23.7165
-36.5197 6.0000 25.3006
-36.8831 6.0000 25.6440
-34.5413 6.0000 28.1142
-34.7129 6.0000 28.2693
-32.9465 6.0000 30.1303
-35.6416 6.0000 32.6559
-51.5899 6.0000 15.7962
-52.7305 6.0000 16.8707
-55.8899 6.0000 13.0712
-59.6651 6.0000 9.5376
-58.4134 6.0000 8.3744
-71.1216 6.0000 -5.0623
-72.6155 6.0000 -3.6555
-75.0482 6.0000 -6.2254
-34.5817 0.0000 -44.2982
-36.7115 0.0000 -46.4915
-36.7115 6.0000 -46.4915
-34.5817 6.0000 -44.2982
-36.7115 0.0000 -46.4915
-51.1155 0.0000 -49.6263
-51.1155 6.0000 -49.6263
-36.7115 6.0000 -46.4915
-51.1155 0.0000 -49.6263
-52.8416 0.0000 -50.2688
-52.8416 6.0000 -50.2688
-51.1155 6.0000 -49.6263
-52.8416 0.0000 -50.2688
-54.1235 0.0000 -51.2104
-54.1235 6.0000 -51.2104
-52.8416 6.0000 -50.2688
-54.1235 0.0000 -51.2104
-55.3146 0.0000 -52.5175
-55.3146 6.0000 -52.5175
-54.1235 6.0000 -51.2104
-55.3146 0.0000 -52.5175
-56.0212 0.0000 -53.7692
-56.0212 6.0000 -53.7692
-55.3146 6.0000 -52.5175
-56.0212 0.0000 -53.7692
-56.4653 0.0000 -55.1096
-56.4653 6.0000 -55.1096
-56.0212 6.0000 -53.7692
-56.4653 0.0000 -55.1096
-56.5259 0.0000 -56.5940
-56.5259 6.0000 -56.5940
-56.4653 6.0000 -55.1096
-56.5259 0.0000 -56.5940
-56.0514 0.0000 -58.4106
-56.0514 6.0000 -58.4106
-56.5259 6.0000 -56.5940
-56.0514 0.0000 -58.4106
-55.3752 0.0000 -60.3270
-55.3752 6.0000 -60.3270
-56.0514 6.0000 -58.4106
-55.3752 0.0000 -60.3270
-54.2648 0.0000 -62.9191
-54.2648 6.0000 -62.9191
-55.3752 6.0000 -60.3270
-54.2648 0.0000 -62.9191
-53.1747 0.0000 -65.0459
-53.1747 6.0000 -65.0459
-54.2648 6.0000 -62.9191
-53.1747 0.0000 -65.0459
-52.2259 0.0000 -66.4528
-52.2259 6.0000 -66.4528
-53.1747 6.0000 -65.0459
-52.2259 0.0000 -66.4528
-49.5207 0.0000 -63.7942
-49.5207 6.0000 -63.7942
-52.2259 6.0000 -66.4528
-49.5207 0.0000 -63.7942
-50.3383 0.0000 -62.3542
-50.3383 6.0000 -62.3542
-49.5207 6.0000 -63.7942
-50.3383 0.0000 -62.3542
-51.2871 0.0000 -60.5264
-51.2871 6.0000 -60.5264
-50.3383 6.0000 -62.3542
-51.2871 0.0000 -60.5264
-52.0240 0.0000 -58.5436
-52.0240 6.0000 -58.5436
-51.2871 6.0000 -60.5264
-52.0240 0.0000 -58.5436
-52.5388 0.0000 -56.8598
-52.5388 6.0000 -56.8598
-52.0240 6.0000 -58.5436
-52.5388 0.0000 -56.8598
-52.6397 0.0000 -55.6856
-52.6397 6.0000 -55.6856
-52.5388 6.0000 -56.8598
-52.6397 0.0000 -55.6856
-52.3672 0.0000 -54.8770
-52.3672 6.0000 -54.8770
-52.6397 6.0000 -55.6856
-52.3672 0.0000 -54.8770
-51.7918 0.0000 -54.1348
-51.7918 6.0000 -54.1348
-52.3672 6.0000 -54.8770
-51.7918 0.0000 -54.1348
-51.0751 0.0000 -53.6363
-51.0751 6.0000 -53.6363
-51.7918 6.0000 -54.1348
-51.0751 0.0000 -53.6363
-50.0254 0.0000 -53.3262
-50.0254 6.0000 -53.3262
-51.0751 6.0000 -53.6363
-50.0254 0.0000 -53.3262
-46.3714 0.0000 -52.5840
-46.3714 6.0000 -52.5840
-50.0254 6.0000 -53.3262
-46.3714 0.0000 -52.5840
-46.0383 0.0000 -54.3120
-46.0383 6.0000 -54.3120
-46.3714 6.0000 -52.5840
-46.0383 0.0000 -54.3120
-42.3439 0.0000 -53.6031
-42.3439 6.0000 -53.6031
-46.0383 6.0000 -54.3120
-42.3439 0.0000 -53.6031
-41.0822 0.0000 -53.4591
-41.0822 6.0000 -53.4591
-42.3439 6.0000 -53.6031
-41.0822 0.0000 -53.4591
-39.9416 0.0000 -53.5145
-39.9416 6.0000 -53.5145
-41.0822 6.0000 -53.4591
-39.9416 0.0000 -53.5145
-38.8615 0.0000 -53.7803
-38.8615 6.0000 -53.7803
-39.9416 6.0000 -53.5145
-38.8615 0.0000 -53.7803
-36.5298 0.0000 -51.2547
-36.5298 6.0000 -51.2547
-38.8615 6.0000 -53.7803
-36.5298 0.0000 -51.2547
-35.8031 0.0000 -51.0442
-35.8031 6.0000 -51.0442
-36.5298 6.0000 -51.2547
-35.8031 0.0000 -51.0442
-34.8341 0.0000 -50.9778
-34.8341 6.0000 -50.9778
-35.8031 6.0000 -51.0442
-34.8341 0.0000 -50.9778
-33.9458 0.0000 -51.0332
-33.9458 6.0000 -51.0332
-34.8341 6.0000 -50.9778
-33.9458 0.0000 -51.0332
-30.4735 0.0000 -54.3010
-30.4735 6.0000 -54.3010
-33.9458 6.0000 -51.0332
-30.4735 0.0000 -54.3010
-29.9789 0.0000 -55.3865
-29.9789 6.0000 -55.3865
-30.4735 6.0000 -54.3010
-29.9789 0.0000 -55.3865
-29.9486 0.0000 -56.1952
-29.9486 6.0000 -56.1952
-29.9789 6.0000 -55.3865
-29.9486 0.0000 -56.1952
-29.9688 0.0000 -57.3140
-29.9688 6.0000 -57.3140
-29.9486 6.0000 -56.1952
-29.9688 0.0000 -57.3140
-32.3308 0.0000 -59.7510
-32.3308 6.0000 -59.7510
-29.9688 6.0000 -57.3140
-32.3308 0.0000 -59.7510
-31.9876 0.0000 -60.9141
-31.9876 6.0000 -60.9141
-32.3308 6.0000 -59.7510
-31.9876 0.0000 -60.9141
-31.8362 0.0000 -62.0662
-31.8362 6.0000 -62.0662
-31.9876 6.0000 -60.9141
-31.8362 0.0000 -62.0662
-31.9068 0.0000 -63.2293
-31.9068 6.0000 -63.2293
-31.8362 6.0000 -62.0662
-31.9068 0.0000 -63.2293
-32.4216 0.0000 -66.9512
-32.4216 6.0000 -66.9512
-31.9068 6.0000 -63.2293
-32.4216 0.0000 -66.9512
-30.6350 0.0000 -67.2614
-30.6350 6.0000 -67.2614
-32.4216 6.0000 -66.9512
-30.6350 0.0000 -67.2614
-31.2810 0.0000 -71.5373
-31.2810 6.0000 -71.5373
-30.6350 6.0000 -67.2614
-31.2810 0.0000 -71.5373
-31.7554 0.0000 -72.5453
-31.7554 6.0000 -72.5453
-31.2810 6.0000 -71.5373
-31.7554 0.0000 -72.5453
-32.6033 0.0000 -73.2875
-32.6033 6.0000 -73.2875
-31.7554 6.0000 -72.5453
-32.6033 0.0000 -73.2875
-33.6531 0.0000 -73.6862
-33.6531 6.0000 -73.6862
-32.6033 6.0000 -73.2875
-33.6531 0.0000 -73.6862
-34.9047 0.0000 -73.6530
-34.9047 6.0000 -73.6530
-33.6531 6.0000 -73.6862
-34.9047 0.0000 -73.6530
-36.6308 0.0000 -73.2875
-36.6308 6.0000 -73.2875
-34.9047 6.0000 -73.6530
-36.6308 0.0000 -73.2875
-39.1038 0.0000 -72.2462
-39.1038 6.0000 -72.2462
-36.6308 6.0000 -73.2875
-39.1038 0.0000 -72.2462
-41.4355 0.0000 -70.9612
-41.4355 6.0000 -70.9612
-39.1038 6.0000 -72.2462
-41.4355 0.0000 -70.9612
-44.2113 0.0000 -73.7970
-44.2113 6.0000 -73.7970
-41.4355 6.0000 -70.9612
-44.2113 0.0000 -73.7970
-41.4658 0.0000 -75.3368
-41.4658 6.0000 -75.3368
-44.2113 6.0000 -73.7970
-41.4658 0.0000 -75.3368
-39.2350 0.0000 -76.2783
-39.2350 6.0000 -76.2783
-41.4658 6.0000 -75.3368
-39.2350 0.0000 -76.2783
-36.8629 0.0000 -77.0870
-36.8629 6.0000 -77.0870
-39.2350 6.0000 -76.2783
-36.8629 0.0000 -77.0870
-34.8341 0.0000 -77.5301
-34.8341 6.0000 -77.5301
-36.8629 6.0000 -77.0870
-34.8341 0.0000 -77.5301
-33.0373 0.0000 -77.5633
-33.0373 6.0000 -77.5633
-34.8341 6.0000 -77.5301
-33.0373 0.0000 -77.5633
-31.4526 0.0000 -77.1202
-31.4526 6.0000 -77.1202
-33.0373 6.0000 -77.5633
-31.4526 0.0000 -77.1202
-30.0294 0.0000 -76.2119
-30.0294 6.0000 -76.2119
-31.4526 6.0000 -77.1202
-30.0294 0.0000 -76.2119
-28.7474 0.0000 -74.9712
-28.7474 6.0000 -74.9712
-30.0294 6.0000 -76.2119
-28.7474 0.0000 -74.9712
-27.8289 0.0000 -73.3872
-27.8289 6.0000 -73.3872
-28.7474 6.0000 -74.9712
-27.8289 0.0000 -73.3872
-27.3242 0.0000 -71.8696
-27.3242 6.0000 -71.8696
-27.8289 6.0000 -73.3872
-27.3242 0.0000 -71.8696
-27.1223 0.0000 -69.7870
-27.1223 6.0000 -69.7870
-27.3242 6.0000 -71.8696
-27.1223 0.0000 -69.7870
-25.8000 0.0000 -56.7601
-25.8000 6.0000 -56.7601
-27.1223 6.0000 -69.7870
-25.8000 0.0000 -56.7601
-23.6904 0.0000 -54.5004
-23.6904 6.0000 -54.5004
-25.8000 6.0000 -56.7601
-23.6904 0.0000 -54.5004
-34.5817 0.0000 -44.2982
-34.5817 6.0000 -44.2982
-23.6904 6.0000 -54.5004
-34.5817 6.0000 -44.2982
-36.7115 6.0000 -46.4915
-51.1155 6.0000 -49.6263
-52.8416 6.0000 -50.2688
-54.1235 6.0000 -51.2104
-55.3146 6.0000 -52.5175
-56.0212 6.0000 -53.7692
-56.4653 6.0000 -55.1096
-56.5259 6.0000 -56.5940
-56.0514 6.0000 -58.4106
-55.3752 6.0000 -60.3270
-54.2648 6.0000 -62.9191
-53.1747 6.0000 -65.0459
-52.2259 6.0000 -66.4528
-49.5207 6.0000 -63.7942
-50.3383 6.0000 -62.3542
-51.2871 6.0000 -60.5264
-52.0240 6.0000 -58.5436
-52.5388 6.0000 -56.8598
-52.6397 6.0000 -55.6856
-52.3672 6.0000 -54.8770
-51.7918 6.0000 -54.1348
-51.0751 6.0000 -53.6363
-50.0254 6.0000 -53.3262
-46.3714 6.0000 -52.5840
-46.0383 6.0000 -54.3120
-42.3439 6.0000 -53.6031
-41.0822 6.0000 -53.4591
-39.9416 6.0000 -53.5145
-38.8615 6.0000 -53.7803
-36.5298 6.0000 -51.2547
-35.8031 6.0000 -51.0442
-34.8341 6.0000 -50.9778
-33.9458 6.0000 -51.0332
-30.4735 6.0000 -54.3010
-29.9789 6.0000 -55.3865
-29.9486 6.0000 -56.1952
-29.9688 6.0000 -57.3140
-32.3308 6.0000 -59.7510
-31.9876 6.0000 -60.9141
-31.8362 6.0000 -62.0662
-31.9068 6.0000 -63.2293
-32.4216 6.0000 -66.9512
-30.6350 6.0000 -67.2614
-31.2810 6.0000 -71.5373
-31.7554 6.0000 -72.5453
-32.6033 6.0000 -73.2875
-33.6531 6.0000 -73.6862
-34.9047 6.0000 -73.6530
-36.6308 6.0000 -73.2875
-39.1038 6.0000 -72.2462
-41.4355 6.0000 -70.9612
-44.2113 6.0000 -73.7970
-41.4658 6.0000 -75.3368
-39.2350 6.0000 -76.2783
-36.8629 6.0000 -77.0870
-34.8341 6.0000 -77.5301
-33.0373 6.0000 -77.5633
-31.4526 6.0000 -77.1202
-30.0294 6.0000 -76.2119
-28.7474 6.0000 -74.9712
-27.8289 6.0000 -73.3872
-27.3242 6.0000 -71.8696
-27.1223 6.0000 -69.7870
-25.8000 6.0000 -56.7601
-23.6904 6.0000 -54.5004
-186.5757 0.0000 -74.4284
-175.8055 0.0000 -84.5642
-175.8055 3.2000 -84.5642
-186.5757 3.2000 -74.4284
-175.8055 0.0000 -84.5642
-171.4349 0.0000 -79.9782
-171.4349 3.2000 -79.9782
-175.8055 3.2000 -84.5642
-171.4349 0.0000 -79.9782
-182.2050 0.0000 -69.8313
-182.2050 3.2000 -69.8313
-171.4349 3.2000 -79.9782
-182.2050 0.0000 -69.8313
-186.5757 0.0000 -74.4284
-186.5757 3.2000 -74.4284
-182.2050 3.2000 -69.8313
-186.5757 3.2000 -74.4284
-175.8055 3.2000 -84.5642
-171.4349 3.2000 -79.9782
-182.2050 3.2000 -69.8313
8.1256 0.0000 -54.7219
6.1674 0.0000 -56.7823
6.1674 6.0000 -56.7823
8.1256 6.0000 -54.7219
6.1674 0.0000 -56.7823
94.0651 0.0000 -139.2418
94.0651 6.0000 -139.2418
6.1674 6.0000 -56.7823
94.0651 0.0000 -139.2418
96.0132 0.0000 -137.1814
96.0132 6.0000 -137.1814
94.0651 6.0000 -139.2418
96.0132 0.0000 -137.1814
8.1256 0.0000 -54.7219
8.1256 6.0000 -54.7219
96.0132 6.0000 -137.1814
8.1256 6.0000 -54.7219
6.1674 6.0000 -56.7823
94.0651 6.0000 -139.2418
96.0132 6.0000 -137.1814
99.0515 0.0000 -28.0699
105.9658 0.0000 -34.6166
105.9658 9.6000 -34.6166
99.0515 9.6000 -28.0699
105.9658 0.0000 -34.6166
114.6163 0.0000 -25.5775
114.6163 9.6000 -25.5775
105.9658 9.6000 -34.6166
114.6163 0.0000 -25.5775
107.6919 0.0000 -19.0308
107.6919 9.6000 -19.0308
114.6163 9.6000 -25.5775
107.6919 0.0000 -19.0308
99.0515 0.0000 -28.0699
99.0515 9.6000 -28.0699
107.6919 9.6000 -19.0308
99.0515 9.6000 -28.0699
105.9658 9.6000 -34.6166
114.6163 9.6000 -25.5775
107.6919 9.6000 -19.0308
35.2984 0.0000 -69.6098
43.2928 0.0000 -77.1978
43.2928 3.2000 -77.1978
35.2984 3.2000 -69.6098
43.2928 0.0000 -77.1978
48.3094 0.0000 -71.9693
48.3094 3.2000 -71.9693
43.2928 3.2000 -77.1978
48.3094 0.0000 -71.9693
40.3150 0.0000 -64.3813
40.3150 3.2000 -64.3813
48.3094 3.2000 -71.9693
40.3150 0.0000 -64.3813
35.2984 0.0000 -69.6098
35.2984 3.2000 -69.6098
40.3150 3.2000 -64.3813
35.2984 3.2000 -69.6098
43.2928 3.2000 -77.1978
48.3094 3.2000 -71.9693
40.3150 3.2000 -64.3813
-145.0090 0.0000 -28.4687
-139.1848 0.0000 -33.9298
-139.1848 3.2000 -33.9298
-145.0090 3.2000 -28.4687
-139.1848 0.0000 -33.9298
-138.1754 0.0000 -34.8824
-138.1754 3.2000 -34.8824
-139.1848 3.2000 -33.9298
-138.1754 0.0000 -34.8824
-135.1675 0.0000 -31.7254
-135.1675 3.2000 -31.7254
-138.1754 3.2000 -34.8824
-135.1675 0.0000 -31.7254
-142.0010 0.0000 -25.3006
-142.0010 3.2000 -25.3006
-135.1675 3.2000 -31.7254
-142.0010 0.0000 -25.3006
-143.9996 0.0000 -27.4053
-143.9996 3.2000 -27.4053
-142.0010 3.2000 -25.3006
-143.9996 0.0000 -27.4053
-145.0090 0.0000 -28.4687
-145.0090 3.2000 -28.4687
-143.9996 3.2000 -27.4053
-145.0090 3.2000 -28.4687
-139.1848 3.2000 -33.9298
-138.1754 3.2000 -34.8824
-135.1675 3.2000 -31.7254
-142.0010 3.2000 -25.3006
-143.9996 3.2000 -27.4053
-136.7017 0.0000 91.5318
-138.9527 0.0000 100.4823
-138.9527 6.0000 100.4823
-136.7017 6.0000 91.5318
-138.9527 0.0000 100.4823
-143.2224 0.0000 104.4590
-143.2224 6.0000 104.4590
-138.9527 6.0000 100.4823
-143.2224 0.0000 104.4590
-139.9520 0.0000 92.8611
-139.9520 6.0000 92.8611
-143.2224 6.0000 104.4590
-139.9520 0.0000 92.8611
-139.9318 0.0000 90.8228
-139.9318 6.0000 90.8228
-139.9520 6.0000 92.8611
-139.9318 0.0000 90.8228
-140.3860 0.0000 89.4271
-140.3860 6.0000 89.4271
-139.9318 6.0000 90.8228
-140.3860 0.0000 89.4271
-141.3247 0.0000 87.7877
-141.3247 6.0000 87.7877
-140.3860 6.0000 89.4271
-141.3247 0.0000 87.7877
-142.3341 0.0000 86.7464
-142.3341 6.0000 86.7464
-141.3247 6.0000 87.7877
-142.3341 0.0000 86.7464
-143.2022 0.0000 86.0596
-143.2022 6.0000 86.0596
-142.3341 6.0000 86.7464
-143.2022 0.0000 86.0596
-144.0400 0.0000 85.6497
-144.0400 6.0000 85.6497
-143.2022 6.0000 86.0596
-144.0400 0.0000 85.6497
-145.8569 0.0000 84.9851
-145.8569 6.0000 84.9851
-144.0400 6.0000 85.6497
-145.8569 0.0000 84.9851
-158.7165 0.0000 80.8865
-158.7165 6.0000 80.8865
-145.8569 6.0000 84.9851
-158.7165 0.0000 80.8865
-157.8787 0.0000 78.1282
-157.8787 6.0000 78.1282
-158.7165 6.0000 80.8865
-157.8787 0.0000 78.1282
-145.9074 0.0000 80.8754
-145.9074 6.0000 80.8754
-157.8787 6.0000 78.1282
-145.9074 0.0000 80.8754
-141.6780 0.0000 82.0053
-141.6780 6.0000 82.0053
-145.9074 6.0000 80.8754
-141.6780 0.0000 82.0053
-140.0731 0.0000 82.5038
-140.0731 6.0000 82.5038
-141.6780 6.0000 82.0053
-140.0731 0.0000 82.5038
-139.1041 0.0000 82.9801
-139.1041 6.0000 82.9801
-140.0731 6.0000 82.5038
-139.1041 0.0000 82.9801
-138.3470 0.0000 83.6004
-138.3470 6.0000 83.6004
-139.1041 6.0000 82.9801
-138.3470 0.0000 83.6004
-137.5799 0.0000 84.4977
-137.5799 6.0000 84.4977
-138.3470 6.0000 83.6004
-137.5799 0.0000 84.4977
-137.0247 0.0000 85.5833
-137.0247 6.0000 85.5833
-137.5799 6.0000 84.4977
-137.0247 0.0000 85.5833
-136.6008 0.0000 86.8018
-136.6008 6.0000 86.8018
-137.0247 6.0000 85.5833
-136.6008 0.0000 86.8018
-136.4494 0.0000 88.3304
-136.4494 6.0000 88.3304
-136.6008 6.0000 86.8018
-136.4494 0.0000 88.3304
-136.5099 0.0000 90.0917
-136.5099 6.0000 90.0917
-136.4494 6.0000 88.3304
-136.5099 0.0000 90.0917
-136.7017 0.0000 91.5318
-136.7017 6.0000 91.5318
-136.5099 6.0000 90.0917
-136.7017 6.0000 91.5318
-138.9527 6.0000 100.4823
-143.2224 6.0000 104.4590
-139.9520 6.0000 92.8611
-139.9318 6.0000 90.8228
-140.3860 6.0000 89.4271
-141.3247 6.0000 87.7877
-142.3341 6.0000 86.7464
-143.2022 6.0000 86.0596
-144.0400 6.0000 85.6497
-145.8569 6.0000 84.9851
-158.7165 6.0000 80.8865
-157.8787 6.0000 78.1282
-145.9074 6.0000 80.8754
-141.6780 6.0000 82.0053
-140.0731 6.0000 82.5038
-139.1041 6.0000 82.9801
-138.3470 6.0000 83.6004
-137.5799 6.0000 84.4977
-137.0247 6.0000 85.5833
-136.6008 6.0000 86.8018
-136.4494 6.0000 88.3304
-136.5099 6.0000 90.0917
-161.2097 0.0000 13.3592
-156.3344 0.0000 9.9585
-156.3344 6.0000 9.9585
-161.2097 6.0000 13.3592
-156.3344 0.0000 9.9585
-150.9846 0.0000 17.5465
-150.9846 6.0000 17.5465
-156.3344 6.0000 9.9585
-150.9846 0.0000 17.5465
-155.8902 0.0000 20.9693
-155.8902 6.0000 20.9693
-150.9846 6.0000 17.5465
-155.8902 0.0000 20.9693
-158.3733 0.0000 17.4135
-158.3733 6.0000 17.4135
-155.8902 6.0000 20.9693
-158.3733 0.0000 17.4135
-161.2097 0.0000 13.3592
-161.2097 6.0000 13.3592
-158.3733 6.0000 17.4135
-161.2097 6.0000 13.3592
-156.3344 6.0000 9.9585
-150.9846 6.0000 17.5465
-155.8902 6.0000 20.9693
-158.3733 6.0000 17.4135
-150.3487 0.0000 76.5774
-150.3184 0.0000 75.8352
-150.3184 6.0000 75.8352
-150.3487 6.0000 76.5774
-150.3184 0.0000 75.8352
-147.9564 0.0000 75.9571
-147.9564 6.0000 75.9571
-150.3184 6.0000 75.8352
-147.9564 0.0000 75.9571
-145.5945 0.0000 75.9017
-145.5945 6.0000 75.9017
-147.9564 6.0000 75.9571
-145.5945 0.0000 75.9017
-143.2426 0.0000 75.6691
-143.2426 6.0000 75.6691
-145.5945 6.0000 75.9017
-143.2426 0.0000 75.6691
-140.9210 0.0000 75.2592
-140.9210 6.0000 75.2592
-143.2426 6.0000 75.6691
-140.9210 0.0000 75.2592
-138.6297 0.0000 74.6721
-138.6297 6.0000 74.6721
-140.9210 6.0000 75.2592
-138.6297 0.0000 74.6721
-136.3989 0.0000 73.9189
-136.3989 6.0000 73.9189
-138.6297 6.0000 74.6721
-136.3989 0.0000 73.9189
-134.2287 0.0000 72.9995
-134.2287 6.0000 72.9995
-136.3989 6.0000 73.9189
-134.2287 0.0000 72.9995
-132.1292 0.0000 71.9139
-132.1292 6.0000 71.9139
-134.2287 6.0000 72.9995
-132.1292 0.0000 71.9139
-130.1205 0.0000 70.6732
-130.1205 6.0000 70.6732
-132.1292 6.0000 71.9139
-130.1205 0.0000 70.6732
-128.2128 0.0000 69.2886
-128.2128 6.0000 69.2886
-130.1205 6.0000 70.6732
-128.2128 0.0000 69.2886
-126.4160 0.0000 67.7599
-126.4160 6.0000 67.7599
-128.2128 6.0000 69.2886
-126.4160 0.0000 67.7599
-123.1961 0.0000 64.7912
-123.1961 6.0000 64.7912
-126.4160 6.0000 67.7599
-123.1961 0.0000 64.7912
-120.3597 0.0000 67.6159
-120.3597 6.0000 67.6159
-123.1961 6.0000 64.7912
-120.3597 0.0000 67.6159
-123.2970 0.0000 70.3741
-123.2970 6.0000 70.3741
-120.3597 6.0000 67.6159
-123.2970 0.0000 70.3741
-125.5984 0.0000 68.0036
-125.5984 6.0000 68.0036
-123.2970 6.0000 70.3741
-125.5984 0.0000 68.0036
-127.4557 0.0000 69.5987
-127.4557 6.0000 69.5987
-125.5984 6.0000 68.0036
-127.4557 0.0000 69.5987
-129.4240 0.0000 71.0388
-129.4240 6.0000 71.0388
-127.4557 6.0000 69.5987
-129.4240 0.0000 71.0388
-131.5034 0.0000 72.3348
-131.5034 6.0000 72.3348
-129.4240 6.0000 71.0388
-131.5034 0.0000 72.3348
-133.6736 0.0000 73.4758
-133.6736 6.0000 73.4758
-131.5034 6.0000 72.3348
-133.6736 0.0000 73.4758
-135.9245 0.0000 74.4506
-135.9245 6.0000 74.4506
-133.6736 6.0000 73.4758
-135.9245 0.0000 74.4506
-138.2360 0.0000 75.2481
-138.2360 6.0000 75.2481
-135.9245 6.0000 74.4506
-138.2360 0.0000 75.2481
-140.6081 0.0000 75.8796
-140.6081 6.0000 75.8796
-138.2360 6.0000 75.2481
-140.6081 0.0000 75.8796
-143.0104 0.0000 76.3226
-143.0104 6.0000 76.3226
-140.6081 6.0000 75.8796
-143.0104 0.0000 76.3226
-145.4531 0.0000 76.5996
-145.4531 6.0000 76.5996
-143.0104 6.0000 76.3226
-145.4531 0.0000 76.5996
-147.8959 0.0000 76.6771
-147.8959 6.0000 76.6771
-145.4531 6.0000 76.5996
-147.8959 0.0000 76.6771
-150.3487 0.0000 76.5774
-150.3487 6.0000 76.5774
-147.8959 6.0000 76.6771
-150.3487 6.0000 76.5774
-150.3184 6.0000 75.8352
-147.9564 6.0000 75.9571
-145.5945 6.0000 75.9017
-143.2426 6.0000 75.6691
-140.9210 6.0000 75.2592
-138.6297 6.0000 74.6721
-136.3989 6.0000 73.9189
-134.2287 6.0000 72.9995
-132.1292 6.0000 71.9139
-130.1205 6.0000 70.6732
-128.2128 6.0000 69.2886
-126.4160 6.0000 67.7599
-123.1961 6.0000 64.7912
-120.3597 6.0000 67.6159
-123.2970 6.0000 70.3741
-125.5984 6.0000 68.0036
-127.4557 6.0000 69.5987
-129.4240 6.0000 71.0388
-131.5034 6.0000 72.3348
-133.6736 6.0000 73.4758
-135.9245 6.0000 74.4506
-138.2360 6.0000 75.2481
-140.6081 6.0000 75.8796
-143.0104 6.0000 76.3226
-145.4531 6.0000 76.5996
-147.8959 6.0000 76.6771
145.7560 0.0000 -212.0861
142.4048 0.0000 -209.8153
142.4048 3.2000 -209.8153
145.7560 3.2000 -212.0861
142.4048 0.0000 -209.8153
125.8306 0.0000 -233.1441
125.8306 3.2000 -233.1441
142.4048 3.2000 -209.8153
125.8306 0.0000 -233.1441
129.0808 0.0000 -235.4260
129.0808 3.2000 -235.4260
125.8306 3.2000 -233.1441
129.0808 0.0000 -235.4260
145.7560 0.0000 -212.0861
145.7560 3.2000 -212.0861
129.0808 3.2000 -235.4260
145.7560 3.2000 -212.0861
142.4048 3.2000 -209.8153
125.8306 3.2000 -233.1441
129.0808 3.2000 -235.4260
144.4841 0.0000 81.4182
138.1149 0.0000 73.0770
138.1149 3.2000 73.0770
144.4841 3.2000 81.4182
138.1149 0.0000 73.0770
141.8900 0.0000 70.2301
141.8900 3.2000 70.2301
138.1149 3.2000 73.0770
141.8900 0.0000 70.2301
139.7703 0.0000 67.4497
139.7703 3.2000 67.4497
141.8900 3.2000 70.2301
139.7703 0.0000 67.4497
150.3992 0.0000 59.4298
150.3992 3.2000 59.4298
139.7703 3.2000 67.4497
150.3992 0.0000 59.4298
152.2060 0.0000 61.8003
152.2060 3.2000 61.8003
150.3992 3.2000 59.4298
152.2060 0.0000 61.8003
153.6090 0.0000 63.6391
153.6090 3.2000 63.6391
152.2060 3.2000 61.8003
153.6090 0.0000 63.6391
156.2536 0.0000 61.6452
156.2536 3.2000 61.6452
153.6090 3.2000 63.6391
156.2536 0.0000 61.6452
161.5226 0.0000 68.5575
161.5226 3.2000 68.5575
156.2536 3.2000 61.6452
161.5226 0.0000 68.5575
157.9393 0.0000 71.2603
157.9393 3.2000 71.2603
161.5226 3.2000 68.5575
157.9393 0.0000 71.2603
157.6466 0.0000 70.8726
157.6466 3.2000 70.8726
157.9393 3.2000 71.2603
157.6466 0.0000 70.8726
155.8701 0.0000 72.2130
155.8701 3.2000 72.2130
157.6466 3.2000 70.8726
155.8701 0.0000 72.2130
158.4440 0.0000 75.5694
158.4440 3.2000 75.5694
155.8701 3.2000 72.2130
158.4440 0.0000 75.5694
155.9508 0.0000 77.4415
155.9508 3.2000 77.4415
158.4440 3.2000 75.5694
155.9508 0.0000 77.4415
154.9010 0.0000 78.2390
154.9010 3.2000 78.2390
155.9508 3.2000 77.4415
154.9010 0.0000 78.2390
152.3372 0.0000 74.8826
152.3372 3.2000 74.8826
154.9010 3.2000 78.2390
152.3372 0.0000 74.8826
149.7229 0.0000 76.8544
149.7229 3.2000 76.8544
152.3372 3.2000 74.8826
149.7229 0.0000 76.8544
150.0156 0.0000 77.2310
150.0156 3.2000 77.2310
149.7229 3.2000 76.8544
150.0156 0.0000 77.2310
144.4841 0.0000 81.4182
144.4841 3.2000 81.4182
150.0156 3.2000 77.2310
144.4841 3.2000 81.4182
138.1149 3.2000 73.0770
141.8900 3.2000 70.2301
139.7703 3.2000 67.4497
150.3992 3.2000 59.4298
152.2060 3.2000 61.8003
153.6090 3.2000 63.6391
156.2536 3.2000 61.6452
161.5226 3.2000 68.5575
157.9393 3.2000 71.2603
157.6466 3.2000 70.8726
155.8701 3.2000 72.2130
158.4440 3.2000 75.5694
155.9508 3.2000 77.4415
154.9010 3.2000 78.2390
152.3372 3.2000 74.8826
149.7229 3.2000 76.8544
150.0156 3.2000 77.2310
128.2531 0.0000 72.4234
136.0860 0.0000 66.5192
136.0860 3.2000 66.5192
128.2531 3.2000 72.4234
136.0860 0.0000 66.5192
136.4090 0.0000 66.9402
136.4090 3.2000 66.9402
136.0860 3.2000 66.5192
136.4090 0.0000 66.9402
139.0738 0.0000 70.4406
139.0738 3.2000 70.4406
136.4090 3.2000 66.9402
139.0738 0.0000 70.4406
135.8437 0.0000 72.8776
135.8437 3.2000 72.8776
139.0738 3.2000 70.4406
135.8437 0.0000 72.8776
142.7076 0.0000 81.8724
142.7076 3.2000 81.8724
135.8437 3.2000 72.8776
142.7076 0.0000 81.8724
139.1142 0.0000 84.5863
139.1142 3.2000 84.5863
142.7076 3.2000 81.8724
139.1142 0.0000 84.5863
138.1048 0.0000 85.3507
138.1048 3.2000 85.3507
139.1142 3.2000 84.5863
138.1048 0.0000 85.3507
128.2531 0.0000 72.4234
128.2531 3.2000 72.4234
138.1048 3.2000 85.3507
128.2531 3.2000 72.4234
136.0860 3.2000 66.5192
136.4090 3.2000 66.9402
139.0738 3.2000 70.4406
135.8437 3.2000 72.8776
142.7076 3.2000 81.8724
139.1142 3.2000 84.5863
138.1048 3.2000 85.3507
164.6114 0.0000 13.4146
176.4414 0.0000 4.4863
176.4414 3.2000 4.4863
164.6114 3.2000 13.4146
176.4414 0.0000 4.4863
187.5245 0.0000 18.9976
187.5245 3.2000 18.9976
176.4414 3.2000 4.4863
187.5245 0.0000 18.9976
175.6945 0.0000 27.9259
175.6945 3.2000 27.9259
187.5245 3.2000 18.9976
175.6945 0.0000 27.9259
164.6114 0.0000 13.4146
164.6114 3.2000 13.4146
175.6945 3.2000 27.9259
164.6114 3.2000 13.4146
176.4414 3.2000 4.4863
187.5245 3.2000 18.9976
175.6945 3.2000 27.9259
186.4142 0.0000 14.5556
180.7818 0.0000 7.1781
180.7818 3.2000 7.1781
186.4142 3.2000 14.5556
180.7818 0.0000 7.1781
180.9938 0.0000 7.0230
180.9938 3.2000 7.0230
180.7818 3.2000 7.1781
180.9938 0.0000 7.0230
178.4097 0.0000 3.6334
178.4097 3.2000 3.6334
180.9938 3.2000 7.0230
178.4097 0.0000 3.6334
194.9133 0.0000 -8.8175
194.9133 3.2000 -8.8175
178.4097 3.2000 3.6334
194.9133 0.0000 -8.8175
197.4973 0.0000 -5.4279
197.4973 3.2000 -5.4279
194.9133 3.2000 -8.8175
197.4973 0.0000 -5.4279
197.6891 0.0000 -5.5830
197.6891 3.2000 -5.5830
197.4973 3.2000 -5.4279
197.6891 0.0000 -5.5830
205.9459 0.0000 5.2396
205.9459 3.2000 5.2396
197.6891 3.2000 -5.5830
205.9459 0.0000 5.2396
205.6229 0.0000 5.4833
205.6229 3.2000 5.4833
205.9459 3.2000 5.2396
205.6229 0.0000 5.4833
204.7144 0.0000 6.1701
204.7144 3.2000 6.1701
205.6229 3.2000 5.4833
204.7144 0.0000 6.1701
192.9551 0.0000 15.0430
192.9551 3.2000 15.0430
204.7144 3.2000 6.1701
192.9551 0.0000 15.0430
190.3306 0.0000 11.5979
190.3306 3.2000 11.5979
192.9551 3.2000 15.0430
190.3306 0.0000 11.5979
186.4142 0.0000 14.5556
186.4142 3.2000 14.5556
190.3306 3.2000 11.5979
186.4142 3.2000 14.5556
180.7818 3.2000 7.1781
180.9938 3.2000 7.0230
178.4097 3.2000 3.6334
194.9133 3.2000 -8.8175
197.4973 3.2000 -5.4279
197.6891 3.2000 -5.5830
205.9459 3.2000 5.2396
205.6229 3.2000 5.4833
204.7144 3.2000 6.1701
192.9551 3.2000 15.0430
190.3306 3.2000 11.5979
176.6130 0.0000 -4.6414
171.5257 0.0000 -11.3099
171.5257 3.2000 -11.3099
176.6130 3.2000 -4.6414
171.5257 0.0000 -11.3099
170.5668 0.0000 -12.5617
170.5668 3.2000 -12.5617
171.5257 3.2000 -11.3099
170.5668 0.0000 -12.5617
170.2438 0.0000 -12.9937
170.2438 3.2000 -12.9937
170.5668 3.2000 -12.5617
170.2438 0.0000 -12.9937
184.2440 0.0000 -23.5614
184.2440 3.2000 -23.5614
170.2438 3.2000 -12.9937
184.2440 0.0000 -23.5614
190.6234 0.0000 -15.2202
190.6234 3.2000 -15.2202
184.2440 3.2000 -23.5614
190.6234 0.0000 -15.2202
190.2499 0.0000 -14.9322
190.2499 3.2000 -14.9322
190.6234 3.2000 -15.2202
190.2499 0.0000 -14.9322
187.8576 0.0000 -13.1377
187.8576 3.2000 -13.1377
190.2499 3.2000 -14.9322
187.8576 0.0000 -13.1377
185.6370 0.0000 -11.4539
185.6370 3.2000 -11.4539
187.8576 3.2000 -13.1377
185.6370 0.0000 -11.4539
183.5475 0.0000 -9.8810
183.5475 3.2000 -9.8810
185.6370 3.2000 -11.4539
183.5475 0.0000 -9.8810
181.2764 0.0000 -8.1640
181.2764 3.2000 -8.1640
183.5475 3.2000 -9.8810
181.2764 0.0000 -8.1640
179.1365 0.0000 -6.5467
179.1365 3.2000 -6.5467
181.2764 3.2000 -8.1640
179.1365 0.0000 -6.5467
176.6130 0.0000 -4.6414
176.6130 3.2000 -4.6414
179.1365 3.2000 -6.5467
176.6130 3.2000 -4.6414
171.5257 3.2000 -11.3099
170.5668 3.2000 -12.5617
170.2438 3.2000 -12.9937
184.2440 3.2000 -23.5614
190.6234 3.2000 -15.2202
190.2499 3.2000 -14.9322
187.8576 3.2000 -13.1377
185.6370 3.2000 -11.4539
183.5475 3.2000 -9.8810
181.2764 3.2000 -8.1640
179.1365 3.2000 -6.5467
174.3419 0.0000 -5.1509
169.5574 0.0000 -1.5397
169.5574 3.2000 -1.5397
174.3419 3.2000 -5.1509
169.5574 0.0000 -1.5397
164.5912 0.0000 -8.0532
164.5912 3.2000 -8.0532
169.5574 3.2000 -1.5397
164.5912 0.0000 -8.0532
169.3757 0.0000 -11.6644
169.3757 3.2000 -11.6644
164.5912 3.2000 -8.0532
169.3757 0.0000 -11.6644
170.3346 0.0000 -10.4127
170.3346 3.2000 -10.4127
169.3757 3.2000 -11.6644
170.3346 0.0000 -10.4127
174.3419 0.0000 -5.1509
174.3419 3.2000 -5.1509
170.3346 3.2000 -10.4127
174.3419 3.2000 -5.1509
169.5574 3.2000 -1.5397
164.5912 3.2000 -8.0532
169.3757 3.2000 -11.6644
170.3346 3.2000 -10.4127
200.9292 0.0000 99.7068
188.7661 0.0000 83.7666
188.7661 3.2000 83.7666
200.9292 3.2000 99.7068
188.7661 0.0000 83.7666
193.5102 0.0000 80.1886
193.5102 3.2000 80.1886
188.7661 3.2000 83.7666
193.5102 0.0000 80.1886
194.7215 0.0000 81.7948
194.7215 3.2000 81.7948
193.5102 3.2000 80.1886
194.7215 0.0000 81.7948
208.9943 0.0000 71.0166
208.9943 3.2000 71.0166
194.7215 3.2000 81.7948
208.9943 0.0000 71.0166
212.2546 0.0000 75.2925
212.2546 3.2000 75.2925
208.9943 3.2000 71.0166
212.2546 0.0000 75.2925
219.6736 0.0000 69.6984
219.6736 3.2000 69.6984
212.2546 3.2000 75.2925
219.6736 0.0000 69.6984
221.2079 0.0000 68.5353
221.2079 3.2000 68.5353
219.6736 3.2000 69.6984
221.2079 0.0000 68.5353
218.8661 0.0000 65.4558
218.8661 3.2000 65.4558
221.2079 3.2000 68.5353
218.8661 0.0000 65.4558
228.3140 0.0000 58.3220
228.3140 3.2000 58.3220
218.8661 3.2000 65.4558
228.3140 0.0000 58.3220
226.4365 0.0000 55.8629
226.4365 3.2000 55.8629
228.3140 3.2000 58.3220
226.4365 0.0000 55.8629
232.6947 0.0000 51.1439
232.6947 3.2000 51.1439
226.4365 3.2000 55.8629
232.6947 0.0000 51.1439
234.5722 0.0000 53.6031
234.5722 3.2000 53.6031
232.6947 3.2000 51.1439
234.5722 0.0000 53.6031
235.7734 0.0000 52.6948
235.7734 3.2000 52.6948
234.5722 3.2000 53.6031
235.7734 0.0000 52.6948
240.1743 0.0000 49.3716
240.1743 3.2000 49.3716
235.7734 3.2000 52.6948
240.1743 0.0000 49.3716
242.5161 0.0000 52.4511
242.5161 3.2000 52.4511
240.1743 3.2000 49.3716
242.5161 0.0000 52.4511
245.1607 0.0000 50.4571
245.1607 3.2000 50.4571
242.5161 3.2000 52.4511
245.1607 0.0000 50.4571
246.1297 0.0000 51.7310
246.1297 3.2000 51.7310
245.1607 3.2000 50.4571
246.1297 0.0000 51.7310
249.1175 0.0000 55.6413
249.1175 3.2000 55.6413
246.1297 3.2000 51.7310
249.1175 0.0000 55.6413
252.8422 0.0000 60.5264
252.8422 3.2000 60.5264
249.1175 3.2000 55.6413
252.8422 0.0000 60.5264
218.1292 0.0000 86.7242
218.1292 3.2000 86.7242
252.8422 3.2000 60.5264
218.1292 0.0000 86.7242
200.9292 0.0000 99.7068
200.9292 3.2000 99.7068
218.1292 3.2000 86.7242
200.9292 3.2000 99.7068
188.7661 3.2000 83.7666
193.5102 3.2000 80.1886
194.7215 3.2000 81.7948
208.9943 3.2000 71.0166
212.2546 3.2000 75.2925
219.6736 3.2000 69.6984
221.2079 3.2000 68.5353
218.8661 3.2000 65.4558
228.3140 3.2000 58.3220
226.4365 3.2000 55.8629
232.6947 3.2000 51.1439
234.5722 3.2000 53.6031
235.7734 3.2000 52.6948
240.1743 3.2000 49.3716
242.5161 3.2000 52.4511
245.1607 3.2000 50.4571
246.1297 3.2000 51.7310
249.1175 3.2000 55.6413
252.8422 3.2000 60.5264
218.1292 3.2000 86.7242
48.6324 0.0000 162.5816
130.8372 0.0000 104.2818
130.8372 6.0000 104.2818
48.6324 6.0000 162.5816
130.8372 0.0000 104.2818
138.6700 0.0000 115.2040
138.6700 6.0000 115.2040
130.8372 6.0000 104.2818
138.6700 0.0000 115.2040
56.4552 0.0000 173.4817
56.4552 6.0000 173.4817
138.6700 6.0000 115.2040
56.4552 0.0000 173.4817
48.6324 0.0000 162.5816
48.6324 6.0000 162.5816
56.4552 6.0000 173.4817
48.6324 6.0000 162.5816
130.8372 6.0000 104.2818
138.6700 6.0000 115.2040
56.4552 6.0000 173.4817
-74.9674 0.0000 -185.0243
-83.9106 0.0000 -169.5382
-83.9106 9.6000 -169.5382
-74.9674 9.6000 -185.0243
-83.9106 0.0000 -169.5382
-87.7261 0.0000 -171.8312
-87.7261 9.6000 -171.8312
-83.9106 9.6000 -169.5382
-87.7261 0.0000 -171.8312
-88.3620 0.0000 -170.6127
-88.3620 9.6000 -170.6127
-87.7261 9.6000 -171.8312
-88.3620 0.0000 -170.6127
-89.1897 0.0000 -169.0065
-89.1897 9.6000 -169.0065
-88.3620 9.6000 -170.6127
-89.1897 0.0000 -169.0065
-90.0881 0.0000 -169.5160
-90.0881 9.6000 -169.5160
-89.1897 9.6000 -169.0065
-90.0881 0.0000 -169.5160
-99.7782 0.0000 -175.0658
-99.7782 9.6000 -175.0658
-90.0881 9.6000 -169.5160
-99.7782 0.0000 -175.0658
-98.7285 0.0000 -176.7274
-98.7285 9.6000 -176.7274
-99.7782 9.6000 -175.0658
-98.7285 0.0000 -176.7274
-97.6787 0.0000 -178.3890
-97.6787 9.6000 -178.3890
-98.7285 9.6000 -176.7274
-97.6787 0.0000 -178.3890
-100.0205 0.0000 -179.6407
-100.0205 9.6000 -179.6407
-97.6787 9.6000 -178.3890
-100.0205 0.0000 -179.6407
-100.6968 0.0000 -182.5983
-100.6968 9.6000 -182.5983
-100.0205 9.6000 -179.6407
-100.6968 0.0000 -182.5983
-99.3038 0.0000 -184.8913
-99.3038 9.6000 -184.8913
-100.6968 9.6000 -182.5983
-99.3038 0.0000 -184.8913
-96.7702 0.0000 -185.5006
-96.7702 9.6000 -185.5006
-99.3038 9.6000 -184.8913
-96.7702 0.0000 -185.5006
-95.6195 0.0000 -184.9910
-95.6195 9.6000 -184.9910
-96.7702 9.6000 -185.5006
-95.6195 0.0000 -184.9910
-94.6808 0.0000 -186.6194
-94.6808 9.6000 -186.6194
-95.6195 9.6000 -184.9910
-94.6808 0.0000 -186.6194
-93.6512 0.0000 -188.3918
-93.6512 9.6000 -188.3918
-94.6808 9.6000 -186.6194
-93.6512 0.0000 -188.3918
-93.6512 0.0000 -191.6263
-93.6512 9.6000 -191.6263
-93.6512 9.6000 -188.3918
-93.6512 0.0000 -191.6263
-91.0773 0.0000 -193.1993
-91.0773 9.6000 -193.1993
-93.6512 9.6000 -191.6263
-91.0773 0.0000 -193.1993
-89.3209 0.0000 -192.6676
-89.3209 9.6000 -192.6676
-91.0773 9.6000 -193.1993
-89.3209 0.0000 -192.6676
-83.4968 0.0000 -189.0342
-83.4968 9.6000 -189.0342
-89.3209 9.6000 -192.6676
-83.4968 0.0000 -189.0342
-82.4470 0.0000 -189.0342
-82.4470 9.6000 -189.0342
-83.4968 9.6000 -189.0342
-82.4470 0.0000 -189.0342
-81.7404 0.0000 -188.7573
-81.7404 9.6000 -188.7573
-82.4470 9.6000 -189.0342
-81.7404 0.0000 -188.7573
-81.0339 0.0000 -188.1259
-81.0339 9.6000 -188.1259
-81.7404 9.6000 -188.7573
-81.0339 0.0000 -188.1259
-80.6604 0.0000 -187.3505
-80.6604 9.6000 -187.3505
-81.0339 9.6000 -188.1259
-80.6604 0.0000 -187.3505
-79.7116 0.0000 -186.9074
-79.7116 9.6000 -186.9074
-80.6604 9.6000 -187.3505
-79.7116 0.0000 -186.9074
-79.2069 0.0000 -187.7161
-79.2069 9.6000 -187.7161
-79.7116 9.6000 -186.9074
-79.2069 0.0000 -187.7161
-74.9674 0.0000 -185.0243
-74.9674 9.6000 -185.0243
-79.2069 9.6000 -187.7161
-74.9674 9.6000 -185.0243
-83.9106 9.6000 -169.5382
-87.7261 9.6000 -171.8312
-88.3620 9.6000 -170.6127
-89.1897 9.6000 -169.0065
-90.0881 9.6000 -169.5160
-99.7782 9.6000 -175.0658
-98.7285 9.6000 -176.7274
-97.6787 9.6000 -178.3890
-100.0205 9.6000 -179.6407
-100.6968 9.6000 -182.5983
-99.3038 9.6000 -184.8913
-96.7702 9.6000 -185.5006
-95.6195 9.6000 -184.9910
-94.6808 9.6000 -186.6194
-93.6512 9.6000 -188.3918
-93.6512 9.6000 -191.6263
-91.0773 9.6000 -193.1993
-89.3209 9.6000 -192.6676
-83.4968 9.6000 -189.0342
-82.4470 9.6000 -189.0342
-81.7404 9.6000 -188.7573
-81.0339 9.6000 -188.1259
-80.6604 9.6000 -187.3505
-79.7116 9.6000 -186.9074
-79.2069 9.6000 -187.7161
-67.2153 0.0000 -223.3961
-38.1751 0.0000 -244.9968
-38.1751 3.2000 -244.9968
-67.2153 3.2000 -223.3961
-38.1751 0.0000 -244.9968
-27.3343 0.0000 -230.5742
-27.3343 3.2000 -230.5742
-38.1751 3.2000 -244.9968
-27.3343 0.0000 -230.5742
-36.7115 0.0000 -223.6065
-36.7115 3.2000 -223.6065
-27.3343 3.2000 -230.5742
-36.7115 0.0000 -223.6065
-40.4564 0.0000 -228.5913
-40.4564 3.2000 -228.5913
-36.7115 3.2000 -223.6065
-40.4564 0.0000 -228.5913
-50.7622 0.0000 -220.9369
-50.7622 3.2000 -220.9369
-40.4564 3.2000 -228.5913
-50.7622 0.0000 -220.9369
-46.4017 0.0000 -215.1435
-46.4017 3.2000 -215.1435
-50.7622 3.2000 -220.9369
-46.4017 0.0000 -215.1435
-48.9151 0.0000 -213.2714
-48.9151 3.2000 -213.2714
-46.4017 3.2000 -215.1435
-48.9151 0.0000 -213.2714
-48.0672 0.0000 -212.1969
-48.0672 3.2000 -212.1969
-48.9151 3.2000 -213.2714
-48.0672 0.0000 -212.1969
-47.3909 0.0000 -211.3439
-47.3909 3.2000 -211.3439
-48.0672 3.2000 -212.1969
-47.3909 0.0000 -211.3439
-51.9230 0.0000 -207.9100
-51.9230 3.2000 -207.9100
-47.3909 3.2000 -211.3439
-51.9230 0.0000 -207.9100
-52.6902 0.0000 -208.8405
-52.6902 3.2000 -208.8405
-51.9230 3.2000 -207.9100
-52.6902 0.0000 -208.8405
-53.5179 0.0000 -209.8485
-53.5179 3.2000 -209.8485
-52.6902 3.2000 -208.8405
-53.5179 0.0000 -209.8485
-55.7688 0.0000 -208.1758
-55.7688 3.2000 -208.1758
-53.5179 3.2000 -209.8485
-55.7688 0.0000 -208.1758
-57.0608 0.0000 -209.9039
-57.0608 3.2000 -209.9039
-55.7688 3.2000 -208.1758
-57.0608 0.0000 -209.9039
-66.8620 0.0000 -222.9308
-66.8620 3.2000 -222.9308
-57.0608 3.2000 -209.9039
-66.8620 0.0000 -222.9308
-67.2153 0.0000 -223.3961
-67.2153 3.2000 -223.3961
-66.8620 3.2000 -222.9308
-67.2153 3.2000 -223.3961
-38.1751 3.2000 -244.9968
-27.3343 3.2000 -230.5742
-36.7115 3.2000 -223.6065
-40.4564 3.2000 -228.5913
-50.7622 3.2000 -220.9369
-46.4017 3.2000 -215.1435
-48.9151 3.2000 -213.2714
-48.0672 3.2000 -212.1969
-47.3909 3.2000 -211.3439
-51.9230 3.2000 -207.9100
-52.6902 3.2000 -208.8405
-53.5179 3.2000 -209.8485
-55.7688 3.2000 -208.1758
-57.0608 3.2000 -209.9039
-66.8620 3.2000 -222.9308
-35.8939 0.0000 -223.0748
-31.4728 0.0000 -217.4919
-31.4728 3.2000 -217.4919
-35.8939 3.2000 -223.0748
-31.4728 0.0000 -217.4919
-28.6768 0.0000 -219.6741
-28.6768 3.2000 -219.6741
-31.4728 3.2000 -217.4919
-28.6768 0.0000 -219.6741
-26.1129 0.0000 -216.4395
-26.1129 3.2000 -216.4395
-28.6768 3.2000 -219.6741
-26.1129 0.0000 -216.4395
-21.0458 0.0000 -210.0368
-21.0458 3.2000 -210.0368
-26.1129 3.2000 -216.4395
-21.0458 0.0000 -210.0368
-30.5139 0.0000 -202.6150
-30.5139 3.2000 -202.6150
-21.0458 3.2000 -210.0368
-30.5139 0.0000 -202.6150
-42.5761 0.0000 -217.8463
-42.5761 3.2000 -217.8463
-30.5139 3.2000 -202.6150
-42.5761 0.0000 -217.8463
-35.8939 0.0000 -223.0748
-35.8939 3.2000 -223.0748
-42.5761 3.2000 -217.8463
-35.8939 3.2000 -223.0748
-31.4728 3.2000 -217.4919
-28.6768 3.2000 -219.6741
-26.1129 3.2000 -216.4395
-21.0458 3.2000 -210.0368
-30.5139 3.2000 -202.6150
-42.5761 3.2000 -217.8463
-22.0350 0.0000 -225.1463
-19.5014 0.0000 -221.7677
-19.5014 3.2000 -221.7677
-22.0350 3.2000 -225.1463
-19.5014 0.0000 -221.7677
-26.1129 0.0000 -216.4395
-26.1129 3.2000 -216.4395
-19.5014 3.2000 -221.7677
-26.1129 0.0000 -216.4395
-28.6768 0.0000 -219.6741
-28.6768 3.2000 -219.6741
-26.1129 3.2000 -216.4395
-28.6768 0.0000 -219.6741
-22.0350 0.0000 -225.1463
-22.0350 3.2000 -225.1463
-28.6768 3.2000 -219.6741
-22.0350 3.2000 -225.1463
-19.5014 3.2000 -221.7677
-26.1129 3.2000 -216.4395
-28.6768 3.2000 -219.6741
-13.5056 0.0000 -223.5068
-5.4507 0.0000 -229.6658
-5.4507 3.2000 -229.6658
-13.5056 3.2000 -223.5068
-5.4507 0.0000 -229.6658
-3.8962 0.0000 -227.6608
-3.8962 3.2000 -227.6608
-5.4507 3.2000 -229.6658
-3.8962 0.0000 -227.6608
-3.5934 0.0000 -227.2288
-3.5934 3.2000 -227.2288
-3.8962 3.2000 -227.6608
-3.5934 0.0000 -227.2288
-11.5676 0.0000 -220.9258
-11.5676 3.2000 -220.9258
-3.5934 3.2000 -227.2288
-11.5676 0.0000 -220.9258
-13.5056 0.0000 -223.5068
-13.5056 3.2000 -223.5068
-11.5676 3.2000 -220.9258
-13.5056 3.2000 -223.5068
-5.4507 3.2000 -229.6658
-3.8962 3.2000 -227.6608
-3.5934 3.2000 -227.2288
-11.5676 3.2000 -220.9258
-20.6824 0.0000 -233.0665
-13.5056 0.0000 -223.5068
-13.5056 3.2000 -223.5068
-20.6824 3.2000 -233.0665
-13.5056 0.0000 -223.5068
-11.5676 0.0000 -220.9258
-11.5676 3.2000 -220.9258
-13.5056 3.2000 -223.5068
-11.5676 0.0000 -220.9258
-16.2613 0.0000 -217.4475
-16.2613 3.2000 -217.4475
-11.5676 3.2000 -220.9258
-16.2613 0.0000 -217.4475
-19.5014 0.0000 -221.7677
-19.5014 3.2000 -221.7677
-16.2613 3.2000 -217.4475
-19.5014 0.0000 -221.7677
-22.0350 0.0000 -225.1463
-22.0350 3.2000 -225.1463
-19.5014 3.2000 -221.7677
-22.0350 0.0000 -225.1463
-25.3660 0.0000 -229.5883
-25.3660 3.2000 -229.5883
-22.0350 3.2000 -225.1463
-25.3660 0.0000 -229.5883
-23.4885 0.0000 -230.9840
-23.4885 3.2000 -230.9840
-25.3660 3.2000 -229.5883
-23.4885 0.0000 -230.9840
-20.6824 0.0000 -233.0665
-20.6824 3.2000 -233.0665
-23.4885 3.2000 -230.9840
-20.6824 3.2000 -233.0665
-13.5056 3.2000 -223.5068
-11.5676 3.2000 -220.9258
-16.2613 3.2000 -217.4475
-19.5014 3.2000 -221.7677
-22.0350 3.2000 -225.1463
-25.3660 3.2000 -229.5883
-23.4885 3.2000 -230.9840
-8.6101 0.0000 -242.2496
-4.9763 0.0000 -237.5529
-4.9763 3.2000 -237.5529
-8.6101 3.2000 -242.2496
-4.9763 0.0000 -237.5529
0.2322 0.0000 -230.8179
0.2322 3.2000 -230.8179
-4.9763 3.2000 -237.5529
0.2322 0.0000 -230.8179
-3.8962 0.0000 -227.6608
-3.8962 3.2000 -227.6608
0.2322 3.2000 -230.8179
-3.8962 0.0000 -227.6608
-5.4507 0.0000 -229.6658
-5.4507 3.2000 -229.6658
-3.8962 3.2000 -227.6608
-5.4507 0.0000 -229.6658
-13.5056 0.0000 -223.5068
-13.5056 3.2000 -223.5068
-5.4507 3.2000 -229.6658
-13.5056 0.0000 -223.5068
-20.6824 0.0000 -233.0665
-20.6824 3.2000 -233.0665
-13.5056 3.2000 -223.5068
-20.6824 0.0000 -233.0665
-8.6101 0.0000 -242.2496
-8.6101 3.2000 -242.2496
-20.6824 3.2000 -233.0665
-8.6101 3.2000 -242.2496
-4.9763 3.2000 -237.5529
0.2322 3.2000 -230.8179
-3.8962 3.2000 -227.6608
-5.4507 3.2000 -229.6658
-13.5056 3.2000 -223.5068
-20.6824 3.2000 -233.0665
195.5997 0.0000 -115.9905
191.0170 0.0000 -113.6532
191.0170 3.2000 -113.6532
195.5997 3.2000 -115.9905
191.0170 0.0000 -113.6532
189.4323 0.0000 -116.9210
189.4323 3.2000 -116.9210
191.0170 3.2000 -113.6532
189.4323 0.0000 -116.9210
187.6961 0.0000 -120.1112
187.6961 3.2000 -120.1112
189.4323 3.2000 -116.9210
187.6961 0.0000 -120.1112
185.7985 0.0000 -123.2240
185.7985 3.2000 -123.2240
187.6961 3.2000 -120.1112
185.7985 0.0000 -123.2240
183.7595 0.0000 -126.2259
183.7595 3.2000 -126.2259
185.7985 3.2000 -123.2240
183.7595 0.0000 -126.2259
181.5792 0.0000 -129.1392
181.5792 3.2000 -129.1392
183.7595 3.2000 -126.2259
181.5792 0.0000 -129.1392
179.2576 0.0000 -131.9418
179.2576 3.2000 -131.9418
181.5792 3.2000 -129.1392
179.2576 0.0000 -131.9418
176.8149 0.0000 -134.6336
176.8149 3.2000 -134.6336
179.2576 3.2000 -131.9418
176.8149 0.0000 -134.6336
174.2309 0.0000 -137.2035
174.2309 3.2000 -137.2035
176.8149 3.2000 -134.6336
174.2309 0.0000 -137.2035
171.5358 0.0000 -139.6405
171.5358 3.2000 -139.6405
174.2309 3.2000 -137.2035
171.5358 0.0000 -139.6405
175.4320 0.0000 -143.5287
175.4320 3.2000 -143.5287
171.5358 3.2000 -139.6405
175.4320 0.0000 -143.5287
171.7579 0.0000 -146.8740
171.7579 3.2000 -146.8740
175.4320 3.2000 -143.5287
171.7579 0.0000 -146.8740
167.9323 0.0000 -150.0421
167.9323 3.2000 -150.0421
171.7579 3.2000 -146.8740
167.9323 0.0000 -150.0421
165.5501 0.0000 -151.8367
165.5501 3.2000 -151.8367
167.9323 3.2000 -150.0421
165.5501 0.0000 -151.8367
163.9654 0.0000 -153.0330
163.9654 3.2000 -153.0330
165.5501 3.2000 -151.8367
163.9654 0.0000 -153.0330
159.8471 0.0000 -155.8245
159.8471 3.2000 -155.8245
163.9654 3.2000 -153.0330
159.8471 0.0000 -155.8245
155.6076 0.0000 -158.4166
155.6076 3.2000 -158.4166
159.8471 3.2000 -155.8245
155.6076 0.0000 -158.4166
151.2470 0.0000 -160.8093
151.2470 3.2000 -160.8093
155.6076 3.2000 -158.4166
151.2470 0.0000 -160.8093
148.2492 0.0000 -162.2715
148.2492 3.2000 -162.2715
151.2470 3.2000 -160.8093
148.2492 0.0000 -162.2715
146.7754 0.0000 -162.9915
146.7754 3.2000 -162.9915
148.2492 3.2000 -162.2715
146.7754 0.0000 -162.9915
142.2029 0.0000 -164.9633
142.2029 3.2000 -164.9633
146.7754 3.2000 -162.9915
142.2029 0.0000 -164.9633
137.5496 0.0000 -166.7024
137.5496 3.2000 -166.7024
142.2029 3.2000 -164.9633
137.5496 0.0000 -166.7024
134.5416 0.0000 -167.6772
134.5416 3.2000 -167.6772
137.5496 3.2000 -166.7024
134.5416 0.0000 -167.6772
132.8156 0.0000 -168.2311
132.8156 3.2000 -168.2311
134.5416 3.2000 -167.6772
132.8156 0.0000 -168.2311
133.6433 0.0000 -170.7456
133.6433 3.2000 -170.7456
132.8156 3.2000 -168.2311
133.6433 0.0000 -170.7456
134.0571 0.0000 -171.9863
134.0571 3.2000 -171.9863
133.6433 3.2000 -170.7456
134.0571 0.0000 -171.9863
134.5820 0.0000 -173.5703
134.5820 3.2000 -173.5703
134.0571 3.2000 -171.9863
134.5820 0.0000 -173.5703
134.9858 0.0000 -174.7667
134.9858 3.2000 -174.7667
134.5820 3.2000 -173.5703
134.9858 0.0000 -174.7667
139.5785 0.0000 -173.2934
139.5785 3.2000 -173.2934
134.9858 3.2000 -174.7667
139.5785 0.0000 -173.2934
144.1006 0.0000 -171.6318
144.1006 3.2000 -171.6318
139.5785 3.2000 -173.2934
144.1006 0.0000 -171.6318
148.5318 0.0000 -169.7597
148.5318 3.2000 -169.7597
144.1006 3.2000 -171.6318
148.5318 0.0000 -169.7597
152.4886 0.0000 -167.8877
152.4886 3.2000 -167.8877
148.5318 3.2000 -169.7597
152.4886 0.0000 -167.8877
152.8823 0.0000 -167.6994
152.8823 3.2000 -167.6994
152.4886 3.2000 -167.8877
152.8823 0.0000 -167.6994
157.1318 0.0000 -165.4396
157.1318 3.2000 -165.4396
152.8823 3.2000 -167.6994
157.1318 0.0000 -165.4396
161.2804 0.0000 -162.9915
161.2804 3.2000 -162.9915
157.1318 3.2000 -165.4396
161.2804 0.0000 -162.9915
164.1067 0.0000 -161.1416
164.1067 3.2000 -161.1416
161.2804 3.2000 -162.9915
164.1067 0.0000 -161.1416
165.3079 0.0000 -160.3551
165.3079 3.2000 -160.3551
164.1067 3.2000 -161.1416
165.3079 0.0000 -160.3551
169.2243 0.0000 -157.5525
169.2243 3.2000 -157.5525
165.3079 3.2000 -160.3551
169.2243 0.0000 -157.5525
172.5452 0.0000 -154.9272
172.5452 3.2000 -154.9272
169.2243 3.2000 -157.5525
172.5452 0.0000 -154.9272
172.9994 0.0000 -154.5727
172.9994 3.2000 -154.5727
172.5452 3.2000 -154.9272
172.9994 0.0000 -154.5727
176.1285 0.0000 -151.8699
176.1285 3.2000 -151.8699
172.9994 3.2000 -154.5727
176.1285 0.0000 -151.8699
176.6332 0.0000 -151.4268
176.6332 3.2000 -151.4268
176.1285 3.2000 -151.8699
176.6332 0.0000 -151.4268
175.5935 0.0000 -150.5406
175.5935 3.2000 -150.5406
176.6332 3.2000 -151.4268
175.5935 0.0000 -150.5406
178.9447 0.0000 -147.6273
178.9447 3.2000 -147.6273
175.5935 3.2000 -150.5406
178.9447 0.0000 -147.6273
182.1647 0.0000 -144.5699
182.1647 3.2000 -144.5699
178.9447 3.2000 -147.6273
182.1647 0.0000 -144.5699
185.2332 0.0000 -141.3686
185.2332 3.2000 -141.3686
182.1647 3.2000 -144.5699
185.2332 0.0000 -141.3686
188.1705 0.0000 -138.0343
188.1705 3.2000 -138.0343
185.2332 3.2000 -141.3686
188.1705 0.0000 -138.0343
190.9464 0.0000 -134.5782
190.9464 3.2000 -134.5782
188.1705 3.2000 -138.0343
190.9464 0.0000 -134.5782
193.5708 0.0000 -131.0002
193.5708 3.2000 -131.0002
190.9464 3.2000 -134.5782
193.5708 0.0000 -131.0002
196.0337 0.0000 -127.3115
196.0337 3.2000 -127.3115
193.5708 3.2000 -131.0002
196.0337 0.0000 -127.3115
198.3250 0.0000 -123.5120
198.3250 3.2000 -123.5120
196.0337 3.2000 -127.3115
198.3250 0.0000 -123.5120
200.4447 0.0000 -119.6238
200.4447 3.2000 -119.6238
198.3250 3.2000 -123.5120
200.4447 0.0000 -119.6238
202.3929 0.0000 -115.6471
202.3929 3.2000 -115.6471
200.4447 3.2000 -119.6238
202.3929 0.0000 -115.6471
204.1593 0.0000 -111.5817
204.1593 3.2000 -111.5817
202.3929 3.2000 -115.6471
204.1593 0.0000 -111.5817
205.7440 0.0000 -107.4388
205.7440 3.2000 -107.4388
204.1593 3.2000 -111.5817
205.7440 0.0000 -107.4388
207.1471 0.0000 -103.2405
207.1471 3.2000 -103.2405
205.7440 3.2000 -107.4388
207.1471 0.0000 -103.2405
208.3583 0.0000 -98.9757
208.3583 3.2000 -98.9757
207.1471 3.2000 -103.2405
208.3583 0.0000 -98.9757
209.3677 0.0000 -94.6667
209.3677 3.2000 -94.6667
208.3583 3.2000 -98.9757
209.3677 0.0000 -94.6667
210.0339 0.0000 -91.1552
210.0339 3.2000 -91.1552
209.3677 3.2000 -94.6667
210.0339 0.0000 -91.1552
207.5609 0.0000 -90.6899
207.5609 3.2000 -90.6899
210.0339 3.2000 -91.1552
207.5609 0.0000 -90.6899
205.0475 0.0000 -90.2357
205.0475 3.2000 -90.2357
207.5609 3.2000 -90.6899
205.0475 0.0000 -90.2357
204.2198 0.0000 -93.5700
204.2198 3.2000 -93.5700
205.0475 3.2000 -90.2357
204.2198 0.0000 -93.5700
203.2912 0.0000 -96.8821
203.2912 3.2000 -96.8821
204.2198 3.2000 -93.5700
203.2912 0.0000 -96.8821
202.2515 0.0000 -100.1610
202.2515 3.2000 -100.1610
203.2912 3.2000 -96.8821
202.2515 0.0000 -100.1610
201.1210 0.0000 -103.4067
201.1210 3.2000 -103.4067
202.2515 3.2000 -100.1610
201.1210 0.0000 -103.4067
199.8896 0.0000 -106.6191
199.8896 3.2000 -106.6191
201.1210 3.2000 -103.4067
199.8896 0.0000 -106.6191
198.5572 0.0000 -109.7872
198.5572 3.2000 -109.7872
199.8896 3.2000 -106.6191
198.5572 0.0000 -109.7872
197.1238 0.0000 -112.9110
197.1238 3.2000 -112.9110
198.5572 3.2000 -109.7872
197.1238 0.0000 -112.9110
195.5997 0.0000 -115.9905
195.5997 3.2000 -115.9905
197.1238 3.2000 -112.9110
195.5997 3.2000 -115.9905
191.0170 3.2000 -113.6532
189.4323 3.2000 -116.9210
187.6961 3.2000 -120.1112
185.7985 3.2000 -123.2240
183.7595 3.2000 -126.2259
181.5792 3.2000 -129.1392
179.2576 3.2000 -131.9418
176.8149 3.2000 -134.6336
174.2309 3.2000 -137.2035
171.5358 3.2000 -139.6405
175.4320 3.2000 -143.5287
171.7579 3.2000 -146.8740
167.9323 3.2000 -150.0421
165.5501 3.2000 -151.8367
163.9654 3.2000 -153.0330
159.8471 3.2000 -155.8245
155.6076 3.2000 -158.4166
151.2470 3.2000 -160.8093
148.2492 3.2000 -162.2715
146.7754 3.2000 -162.9915
142.2029 3.2000 -164.9633
137.5496 3.2000 -166.7024
134.5416 3.2000 -167.6772
132.8156 3.2000 -168.2311
133.6433 3.2000 -170.7456
134.0571 3.2000 -171.9863
134.5820 3.2000 -173.5703
134.9858 3.2000 -174.7667
139.5785 3.2000 -173.2934
144.1006 3.2000 -171.6318
148.5318 3.2000 -169.7597
152.4886 3.2000 -167.8877
152.8823 3.2000 -167.6994
157.1318 3.2000 -165.4396
161.2804 3.2000 -162.9915
164.1067 3.2000 -161.1416
165.3079 3.2000 -160.3551
169.2243 3.2000 -157.5525
172.5452 3.2000 -154.9272
172.9994 3.2000 -154.5727
176.1285 3.2000 -151.8699
176.6332 3.2000 -151.4268
175.5935 3.2000 -150.5406
178.9447 3.2000 -147.6273
182.1647 3.2000 -144.5699
185.2332 3.2000 -141.3686
188.1705 3.2000 -138.0343
190.9464 3.2000 -134.5782
193.5708 3.2000 -131.0002
196.0337 3.2000 -127.3115
198.3250 3.2000 -123.5120
200.4447 3.2000 -119.6238
202.3929 3.2000 -115.6471
204.1593 3.2000 -111.5817
205.7440 3.2000 -107.4388
207.1471 3.2000 -103.2405
208.3583 3.2000 -98.9757
209.3677 3.2000 -94.6667
210.0339 3.2000 -91.1552
207.5609 3.2000 -90.6899
205.0475 3.2000 -90.2357
204.2198 3.2000 -93.5700
203.2912 3.2000 -96.8821
202.2515 3.2000 -100.1610
201.1210 3.2000 -103.4067
199.8896 3.2000 -106.6191
198.5572 3.2000 -109.7872
197.1238 3.2000 -112.9110
117.2306 0.0000 -134.6890
126.1233 0.0000 -124.2098
126.1233 35.2000 -124.2098
117.2306 35.2000 -134.6890
126.1233 0.0000 -124.2098
133.3606 0.0000 -115.6803
133.3606 35.2000 -115.6803
126.1233 35.2000 -124.2098
133.3606 0.0000 -115.6803
120.9351 0.0000 -105.2233
120.9351 35.2000 -105.2233
133.3606 35.2000 -115.6803
120.9351 0.0000 -105.2233
101.9787 0.0000 -127.9318
101.9787 35.2000 -127.9318
120.9351 35.2000 -105.2233
101.9787 0.0000 -127.9318
98.6376 0.0000 -131.8643
98.6376 35.2000 -131.8643
101.9787 35.2000 -127.9318
98.6376 0.0000 -131.8643
104.3811 0.0000 -136.6940
104.3811 35.2000 -136.6940
98.6376 35.2000 -131.8643
104.3811 0.0000 -136.6940
110.8916 0.0000 -142.1551
110.8916 35.2000 -142.1551
104.3811 35.2000 -136.6940
110.8916 0.0000 -142.1551
117.2306 0.0000 -134.6890
117.2306 35.2000 -134.6890
110.8916 35.2000 -142.1551
117.2306 35.2000 -134.6890
126.1233 35.2000 -124.2098
133.3606 35.2000 -115.6803
120.9351 35.2000 -105.2233
101.9787 35.2000 -127.9318
98.6376 35.2000 -131.8643
104.3811 35.2000 -136.6940
110.8916 35.2000 -142.1551
-249.5617 0.0000 -117.9844
-240.3661 0.0000 -125.1625
-240.3661 3.2000 -125.1625
-249.5617 3.2000 -117.9844
-240.3661 0.0000 -125.1625
-231.1605 0.0000 -113.4870
-231.1605 3.2000 -113.4870
-240.3661 3.2000 -125.1625
-231.1605 0.0000 -113.4870
-240.3560 0.0000 -106.3089
-240.3560 3.2000 -106.3089
-231.1605 3.2000 -113.4870
-240.3560 0.0000 -106.3089
-249.5617 0.0000 -117.9844
-249.5617 3.2000 -117.9844
-240.3560 3.2000 -106.3089
-249.5617 3.2000 -117.9844
-240.3661 3.2000 -125.1625
-231.1605 3.2000 -113.4870
-240.3560 3.2000 -106.3089
111.9818 0.0000 -189.1561
110.7301 0.0000 -190.9174
110.7301 3.2000 -190.9174
111.9818 3.2000 -189.1561
110.7301 0.0000 -190.9174
117.7858 0.0000 -195.8689
117.7858 3.2000 -195.8689
110.7301 3.2000 -190.9174
117.7858 0.0000 -195.8689
119.1081 0.0000 -193.9969
119.1081 3.2000 -193.9969
117.7858 3.2000 -195.8689
119.1081 0.0000 -193.9969
111.9818 0.0000 -189.1561
111.9818 3.2000 -189.1561
119.1081 3.2000 -193.9969
111.9818 3.2000 -189.1561
110.7301 3.2000 -190.9174
117.7858 3.2000 -195.8689
119.1081 3.2000 -193.9969
100.0205 0.0000 -206.0047
98.8698 0.0000 -207.6109
98.8698 3.2000 -207.6109
100.0205 3.2000 -206.0047
98.8698 0.0000 -207.6109
101.3024 0.0000 -209.3168
101.3024 3.2000 -209.3168
98.8698 3.2000 -207.6109
101.3024 0.0000 -209.3168
102.4531 0.0000 -207.7106
102.4531 3.2000 -207.7106
101.3024 3.2000 -209.3168
102.4531 0.0000 -207.7106
101.3024 0.0000 -206.9019
101.3024 3.2000 -206.9019
102.4531 3.2000 -207.7106
101.3024 0.0000 -206.9019
100.0205 0.0000 -206.0047
100.0205 3.2000 -206.0047
101.3024 3.2000 -206.9019
100.0205 3.2000 -206.0047
98.8698 3.2000 -207.6109
101.3024 3.2000 -209.3168
102.4531 3.2000 -207.7106
101.3024 3.2000 -206.9019
195.2565 0.0000 145.7995
198.6884 0.0000 143.2517
198.6884 3.2000 143.2517
195.2565 3.2000 145.7995
198.6884 0.0000 143.2517
201.6358 0.0000 141.0584
201.6358 3.2000 141.0584
198.6884 3.2000 143.2517
201.6358 0.0000 141.0584
204.2501 0.0000 139.1199
204.2501 3.2000 139.1199
201.6358 3.2000 141.0584
204.2501 0.0000 139.1199
207.0360 0.0000 142.8308
207.0360 3.2000 142.8308
204.2501 3.2000 139.1199
207.0360 0.0000 142.8308
208.4593 0.0000 144.7250
208.4593 3.2000 144.7250
207.0360 3.2000 142.8308
208.4593 0.0000 144.7250
211.4774 0.0000 148.7461
211.4774 3.2000 148.7461
208.4593 3.2000 144.7250
211.4774 0.0000 148.7461
209.2668 0.0000 150.3744
209.2668 3.2000 150.3744
211.4774 3.2000 148.7461
209.2668 0.0000 150.3744
217.5135 0.0000 161.3521
217.5135 3.2000 161.3521
209.2668 3.2000 150.3744
217.5135 0.0000 161.3521
216.7868 0.0000 161.8948
216.7868 3.2000 161.8948
217.5135 3.2000 161.3521
216.7868 0.0000 161.8948
210.4882 0.0000 166.5695
210.4882 3.2000 166.5695
216.7868 3.2000 161.8948
210.4882 0.0000 166.5695
201.3633 0.0000 154.4066
201.3633 3.2000 154.4066
210.4882 3.2000 166.5695
201.3633 0.0000 154.4066
201.5954 0.0000 154.2404
201.5954 3.2000 154.2404
201.3633 3.2000 154.4066
201.5954 0.0000 154.2404
195.2565 0.0000 145.7995
195.2565 3.2000 145.7995
201.5954 3.2000 154.2404
195.2565 3.2000 145.7995
198.6884 3.2000 143.2517
201.6358 3.2000 141.0584
204.2501 3.2000 139.1199
207.0360 3.2000 142.8308
208.4593 3.2000 144.7250
211.4774 3.2000 148.7461
209.2668 3.2000 150.3744
217.5135 3.2000 161.3521
216.7868 3.2000 161.8948
210.4882 3.2000 166.5695
201.3633 3.2000 154.4066
201.5954 3.2000 154.2404
180.0147 0.0000 102.3986
174.2410 0.0000 106.7631
174.2410 3.2000 106.7631
180.0147 3.2000 102.3986
174.2410 0.0000 106.7631
173.9987 0.0000 106.9403
173.9987 3.2000 106.9403
174.2410 3.2000 106.7631
173.9987 0.0000 106.9403
169.1637 0.0000 100.6041
169.1637 3.2000 100.6041
173.9987 3.2000 106.9403
169.1637 0.0000 100.6041
165.7924 0.0000 103.1408
165.7924 3.2000 103.1408
169.1637 3.2000 100.6041
165.7924 0.0000 103.1408
165.4694 0.0000 102.7199
165.4694 3.2000 102.7199
165.7924 3.2000 103.1408
165.4694 0.0000 102.7199
164.2379 0.0000 103.6504
164.2379 3.2000 103.6504
165.4694 3.2000 102.7199
164.2379 0.0000 103.6504
161.2804 0.0000 99.7622
161.2804 3.2000 99.7622
164.2379 3.2000 103.6504
161.2804 0.0000 99.7622
160.7757 0.0000 100.1389
160.7757 3.2000 100.1389
161.2804 3.2000 99.7622
160.7757 0.0000 100.1389
155.8196 0.0000 93.6586
155.8196 3.2000 93.6586
160.7757 3.2000 100.1389
155.8196 0.0000 93.6586
163.6222 0.0000 87.7655
163.6222 3.2000 87.7655
155.8196 3.2000 93.6586
163.6222 0.0000 87.7655
165.6712 0.0000 86.2258
165.6712 3.2000 86.2258
163.6222 3.2000 87.7655
165.6712 0.0000 86.2258
166.9431 0.0000 85.2620
166.9431 3.2000 85.2620
165.6712 3.2000 86.2258
166.9431 0.0000 85.2620
168.9013 0.0000 87.8320
168.9013 3.2000 87.8320
166.9431 3.2000 85.2620
168.9013 0.0000 87.8320
174.6649 0.0000 83.4786
174.6649 3.2000 83.4786
168.9013 3.2000 87.8320
174.6649 0.0000 83.4786
175.0182 0.0000 83.9438
175.0182 3.2000 83.9438
174.6649 3.2000 83.4786
175.0182 0.0000 83.9438
177.5518 0.0000 87.2559
177.5518 3.2000 87.2559
175.0182 3.2000 83.9438
177.5518 0.0000 87.2559
180.8424 0.0000 91.5761
180.8424 3.2000 91.5761
177.5518 3.2000 87.2559
180.8424 0.0000 91.5761
181.6398 0.0000 92.6174
181.6398 3.2000 92.6174
180.8424 3.2000 91.5761
181.6398 0.0000 92.6174
175.8762 0.0000 96.9707
175.8762 3.2000 96.9707
181.6398 3.2000 92.6174
175.8762 0.0000 96.9707
180.0147 0.0000 102.3986
180.0147 3.2000 102.3986
175.8762 3.2000 96.9707
180.0147 3.2000 102.3986
174.2410 3.2000 106.7631
173.9987 3.2000 106.9403
169.1637 3.2000 100.6041
165.7924 3.2000 103.1408
165.4694 3.2000 102.7199
164.2379 3.2000 103.6504
161.2804 3.2000 99.7622
160.7757 3.2000 100.1389
155.8196 3.2000 93.6586
163.6222 3.2000 87.7655
165.6712 3.2000 86.2258
166.9431 3.2000 85.2620
168.9013 3.2000 87.8320
174.6649 3.2000 83.4786
175.0182 3.2000 83.9438
177.5518 3.2000 87.2559
180.8424 3.2000 91.5761
181.6398 3.2000 92.6174
175.8762 3.2000 96.9707
190.4921 0.0000 106.2314
189.5130 0.0000 104.9575
189.5130 3.2000 104.9575
190.4921 3.2000 106.2314
189.5130 0.0000 104.9575
181.9729 0.0000 95.0765
181.9729 3.2000 95.0765
189.5130 3.2000 104.9575
181.9729 0.0000 95.0765
188.7661 0.0000 89.9588
188.7661 3.2000 89.9588
181.9729 3.2000 95.0765
188.7661 0.0000 89.9588
197.2752 0.0000 101.1137
197.2752 3.2000 101.1137
188.7661 3.2000 89.9588
197.2752 0.0000 101.1137
190.4921 0.0000 106.2314
190.4921 3.2000 106.2314
197.2752 3.2000 101.1137
190.4921 3.2000 106.2314
189.5130 3.2000 104.9575
181.9729 3.2000 95.0765
188.7661 3.2000 89.9588
197.2752 3.2000 101.1137
192.1173 0.0000 79.6348
186.9795 0.0000 72.8998
186.9795 3.2000 72.8998
192.1173 3.2000 79.6348
186.9795 0.0000 72.8998
194.1259 0.0000 67.5051
194.1259 3.2000 67.5051
186.9795 3.2000 72.8998
194.1259 0.0000 67.5051
201.1917 0.0000 62.1769
201.1917 3.2000 62.1769
194.1259 3.2000 67.5051
201.1917 0.0000 62.1769
200.4144 0.0000 61.1578
200.4144 3.2000 61.1578
201.1917 3.2000 62.1769
200.4144 0.0000 61.1578
200.9595 0.0000 60.7480
200.9595 3.2000 60.7480
200.4144 3.2000 61.1578
200.9595 0.0000 60.7480
202.8269 0.0000 59.3301
202.8269 3.2000 59.3301
200.9595 3.2000 60.7480
202.8269 0.0000 59.3301
203.1196 0.0000 59.1085
203.1196 3.2000 59.1085
202.8269 3.2000 59.3301
203.1196 0.0000 59.1085
208.2675 0.0000 65.8657
208.2675 3.2000 65.8657
203.1196 3.2000 59.1085
208.2675 0.0000 65.8657
209.0346 0.0000 66.8626
209.0346 3.2000 66.8626
208.2675 3.2000 65.8657
209.0346 0.0000 66.8626
192.7330 0.0000 79.1695
192.7330 3.2000 79.1695
209.0346 3.2000 66.8626
192.7330 0.0000 79.1695
192.1173 0.0000 79.6348
192.1173 3.2000 79.6348
192.7330 3.2000 79.1695
192.1173 3.2000 79.6348
186.9795 3.2000 72.8998
194.1259 3.2000 67.5051
201.1917 3.2000 62.1769
200.4144 3.2000 61.1578
200.9595 3.2000 60.7480
202.8269 3.2000 59.3301
203.1196 3.2000 59.1085
208.2675 3.2000 65.8657
209.0346 3.2000 66.8626
192.7330 3.2000 79.1695
184.2440 0.0000 -23.5614
170.2438 0.0000 -12.9937
170.2438 3.2000 -12.9937
184.2440 3.2000 -23.5614
170.2438 0.0000 -12.9937
170.5668 0.0000 -12.5617
170.5668 3.2000 -12.5617
170.2438 3.2000 -12.9937
170.5668 0.0000 -12.5617
169.3757 0.0000 -11.6644
169.3757 3.2000 -11.6644
170.5668 3.2000 -12.5617
169.3757 0.0000 -11.6644
168.5985 0.0000 -12.6835
168.5985 3.2000 -12.6835
169.3757 3.2000 -11.6644
168.5985 0.0000 -12.6835
168.0938 0.0000 -12.2958
168.0938 3.2000 -12.2958
168.5985 3.2000 -12.6835
168.0938 0.0000 -12.2958
163.1377 0.0000 -18.7982
163.1377 3.2000 -18.7982
168.0938 3.2000 -12.2958
163.1377 0.0000 -18.7982
161.1492 0.0000 -21.4124
161.1492 3.2000 -21.4124
163.1377 3.2000 -18.7982
161.1492 0.0000 -21.4124
166.0043 0.0000 -25.0679
166.0043 3.2000 -25.0679
161.1492 3.2000 -21.4124
166.0043 0.0000 -25.0679
170.6879 0.0000 -18.9311
170.6879 3.2000 -18.9311
166.0043 3.2000 -25.0679
170.6879 0.0000 -18.9311
181.5288 0.0000 -27.1283
181.5288 3.2000 -27.1283
170.6879 3.2000 -18.9311
181.5288 0.0000 -27.1283
183.0327 0.0000 -25.1566
183.0327 3.2000 -25.1566
181.5288 3.2000 -27.1283
183.0327 0.0000 -25.1566
184.2440 0.0000 -23.5614
184.2440 3.2000 -23.5614
183.0327 3.2000 -25.1566
184.2440 3.2000 -23.5614
170.2438 3.2000 -12.9937
170.5668 3.2000 -12.5617
169.3757 3.2000 -11.6644
168.5985 3.2000 -12.6835
168.0938 3.2000 -12.2958
163.1377 3.2000 -18.7982
161.1492 3.2000 -21.4124
166.0043 3.2000 -25.0679
170.6879 3.2000 -18.9311
181.5288 3.2000 -27.1283
183.0327 3.2000 -25.1566
230.7163 0.0000 17.6905
224.1654 0.0000 22.6309
224.1654 3.2000 22.6309
230.7163 3.2000 17.6905
224.1654 0.0000 22.6309
223.8424 0.0000 22.1989
223.8424 3.2000 22.1989
224.1654 3.2000 22.6309
223.8424 0.0000 22.1989
220.8041 0.0000 18.2222
220.8041 3.2000 18.2222
223.8424 3.2000 22.1989
220.8041 0.0000 18.2222
214.6569 0.0000 10.1690
214.6569 3.2000 10.1690
220.8041 3.2000 18.2222
214.6569 0.0000 10.1690
219.8856 0.0000 6.2365
219.8856 3.2000 6.2365
214.6569 3.2000 10.1690
219.8856 0.0000 6.2365
223.7415 0.0000 11.2989
223.7415 3.2000 11.2989
219.8856 3.2000 6.2365
223.7415 0.0000 11.2989
225.3464 0.0000 10.0914
225.3464 3.2000 10.0914
223.7415 3.2000 11.2989
225.3464 0.0000 10.0914
230.7163 0.0000 17.6905
230.7163 3.2000 17.6905
225.3464 3.2000 10.0914
230.7163 3.2000 17.6905
224.1654 3.2000 22.6309
223.8424 3.2000 22.1989
220.8041 3.2000 18.2222
214.6569 3.2000 10.1690
219.8856 3.2000 6.2365
223.7415 3.2000 11.2989
225.3464 3.2000 10.0914
215.1919 0.0000 27.3277
211.1544 0.0000 22.0328
211.1544 3.2000 22.0328
215.1919 3.2000 27.3277
211.1544 0.0000 22.0328
214.6065 0.0000 19.4296
214.6065 3.2000 19.4296
211.1544 3.2000 22.0328
214.6065 0.0000 19.4296
216.2821 0.0000 21.6340
216.2821 3.2000 21.6340
214.6065 3.2000 19.4296
216.2821 0.0000 21.6340
218.6440 0.0000 24.7246
218.6440 3.2000 24.7246
216.2821 3.2000 21.6340
218.6440 0.0000 24.7246
215.1919 0.0000 27.3277
215.1919 3.2000 27.3277
218.6440 3.2000 24.7246
215.1919 3.2000 27.3277
211.1544 3.2000 22.0328
214.6065 3.2000 19.4296
216.2821 3.2000 21.6340
218.6440 3.2000 24.7246
253.6093 0.0000 61.5344
218.8964 0.0000 87.7323
218.8964 3.2000 87.7323
253.6093 3.2000 61.5344
218.8964 0.0000 87.7323
218.1292 0.0000 86.7242
218.1292 3.2000 86.7242
218.8964 3.2000 87.7323
218.1292 0.0000 86.7242
252.8422 0.0000 60.5264
252.8422 3.2000 60.5264
218.1292 3.2000 86.7242
252.8422 0.0000 60.5264
253.6093 0.0000 61.5344
253.6093 3.2000 61.5344
252.8422 3.2000 60.5264
253.6093 3.2000 61.5344
218.8964 3.2000 87.7323
218.1292 3.2000 86.7242
252.8422 3.2000 60.5264
215.8076 0.0000 93.8469
213.3245 0.0000 95.6858
213.3245 3.2000 95.6858
215.8076 3.2000 93.8469
213.3245 0.0000 95.6858
211.5480 0.0000 93.3152
211.5480 3.2000 93.3152
213.3245 3.2000 95.6858
211.5480 0.0000 93.3152
214.3037 0.0000 91.2659
214.3037 3.2000 91.2659
211.5480 3.2000 93.3152
214.3037 0.0000 91.2659
216.0802 0.0000 93.6476
216.0802 3.2000 93.6476
214.3037 3.2000 91.2659
216.0802 0.0000 93.6476
215.8076 0.0000 93.8469
215.8076 3.2000 93.8469
216.0802 3.2000 93.6476
215.8076 3.2000 93.8469
213.3245 3.2000 95.6858
211.5480 3.2000 93.3152
214.3037 3.2000 91.2659
216.0802 3.2000 93.6476
249.3699 0.0000 78.7375
245.0295 0.0000 82.3930
245.0295 3.2000 82.3930
249.3699 3.2000 78.7375
245.0295 0.0000 82.3930
241.1131 0.0000 77.7959
241.1131 3.2000 77.7959
245.0295 3.2000 82.3930
241.1131 0.0000 77.7959
245.4534 0.0000 74.1293
245.4534 3.2000 74.1293
241.1131 3.2000 77.7959
245.4534 0.0000 74.1293
249.3699 0.0000 78.7375
249.3699 3.2000 78.7375
245.4534 3.2000 74.1293
249.3699 3.2000 78.7375
245.0295 3.2000 82.3930
241.1131 3.2000 77.7959
245.4534 3.2000 74.1293
239.1548 0.0000 85.4725
235.8642 0.0000 81.1745
235.8642 3.2000 81.1745
239.1548 3.2000 85.4725
235.8642 0.0000 81.1745
239.9624 0.0000 78.0618
239.9624 3.2000 78.0618
235.8642 3.2000 81.1745
239.9624 0.0000 78.0618
243.2530 0.0000 82.3598
243.2530 3.2000 82.3598
239.9624 3.2000 78.0618
243.2530 0.0000 82.3598
239.1548 0.0000 85.4725
239.1548 3.2000 85.4725
243.2530 3.2000 82.3598
239.1548 3.2000 85.4725
235.8642 3.2000 81.1745
239.9624 3.2000 78.0618
243.2530 3.2000 82.3598
200.9595 0.0000 60.7480
200.4144 0.0000 61.1578
200.4144 3.2000 61.1578
200.9595 3.2000 60.7480
200.4144 0.0000 61.1578
196.0640 0.0000 64.4367
196.0640 3.2000 64.4367
200.4144 3.2000 61.1578
196.0640 0.0000 64.4367
194.1966 0.0000 61.9886
194.1966 3.2000 61.9886
196.0640 3.2000 64.4367
194.1966 0.0000 61.9886
197.8506 0.0000 59.2304
197.8506 3.2000 59.2304
194.1966 3.2000 61.9886
197.8506 0.0000 59.2304
199.0921 0.0000 58.2888
199.0921 3.2000 58.2888
197.8506 3.2000 59.2304
199.0921 0.0000 58.2888
200.9595 0.0000 60.7480
200.9595 3.2000 60.7480
199.0921 3.2000 58.2888
200.9595 3.2000 60.7480
200.4144 3.2000 61.1578
196.0640 3.2000 64.4367
194.1966 3.2000 61.9886
197.8506 3.2000 59.2304
199.0921 3.2000 58.2888
202.8269 0.0000 59.3301
200.9595 0.0000 60.7480
200.9595 3.2000 60.7480
202.8269 3.2000 59.3301
200.9595 0.0000 60.7480
199.0921 0.0000 58.2888
199.0921 3.2000 58.2888
200.9595 3.2000 60.7480
199.0921 0.0000 58.2888
200.9595 0.0000 56.8820
200.9595 3.2000 56.8820
199.0921 3.2000 58.2888
200.9595 0.0000 56.8820
202.8269 0.0000 59.3301
202.8269 3.2000 59.3301
200.9595 3.2000 56.8820
202.8269 3.2000 59.3301
200.9595 3.2000 60.7480
199.0921 3.2000 58.2888
200.9595 3.2000 56.8820
239.5990 0.0000 48.6183
243.4145 0.0000 45.7382
243.4145 3.2000 45.7382
239.5990 3.2000 48.6183
243.4145 0.0000 45.7382
247.3107 0.0000 50.8448
247.3107 3.2000 50.8448
243.4145 3.2000 45.7382
247.3107 0.0000 50.8448
246.1297 0.0000 51.7310
246.1297 3.2000 51.7310
247.3107 3.2000 50.8448
246.1297 0.0000 51.7310
245.1607 0.0000 50.4571
245.1607 3.2000 50.4571
246.1297 3.2000 51.7310
245.1607 0.0000 50.4571
242.5161 0.0000 52.4511
242.5161 3.2000 52.4511
245.1607 3.2000 50.4571
242.5161 0.0000 52.4511
240.1743 0.0000 49.3716
240.1743 3.2000 49.3716
242.5161 3.2000 52.4511
240.1743 0.0000 49.3716
239.5990 0.0000 48.6183
239.5990 3.2000 48.6183
240.1743 3.2000 49.3716
239.5990 3.2000 48.6183
243.4145 3.2000 45.7382
247.3107 3.2000 50.8448
246.1297 3.2000 51.7310
245.1607 3.2000 50.4571
242.5161 3.2000 52.4511
240.1743 3.2000 49.3716
235.7734 0.0000 52.6948
235.1980 0.0000 51.9415
235.1980 3.2000 51.9415
235.7734 3.2000 52.6948
235.1980 0.0000 51.9415
239.5990 0.0000 48.6183
239.5990 3.2000 48.6183
235.1980 3.2000 51.9415
239.5990 0.0000 48.6183
240.1743 0.0000 49.3716
240.1743 3.2000 49.3716
239.5990 3.2000 48.6183
240.1743 0.0000 49.3716
235.7734 0.0000 52.6948
235.7734 3.2000 52.6948
240.1743 3.2000 49.3716
235.7734 3.2000 52.6948
235.1980 3.2000 51.9415
239.5990 3.2000 48.6183
240.1743 3.2000 49.3716
238.8117 0.0000 40.9639
239.8917 0.0000 40.1552
239.8917 3.2000 40.1552
238.8117 3.2000 40.9639
239.8917 0.0000 40.1552
242.1527 0.0000 43.1240
242.1527 3.2000 43.1240
239.8917 3.2000 40.1552
242.1527 0.0000 43.1240
241.0727 0.0000 43.9326
241.0727 3.2000 43.9326
242.1527 3.2000 43.1240
241.0727 0.0000 43.9326
238.8117 0.0000 40.9639
238.8117 3.2000 40.9639
241.0727 3.2000 43.9326
238.8117 3.2000 40.9639
239.8917 3.2000 40.1552
242.1527 3.2000 43.1240
241.0727 3.2000 43.9326
209.0346 0.0000 66.8626
210.6295 0.0000 68.9562
210.6295 3.2000 68.9562
209.0346 3.2000 66.8626
210.6295 0.0000 68.9562
208.5905 0.0000 70.4960
208.5905 3.2000 70.4960
210.6295 3.2000 68.9562
208.5905 0.0000 70.4960
208.9943 0.0000 71.0166
208.9943 3.2000 71.0166
208.5905 3.2000 70.4960
208.9943 0.0000 71.0166
194.7215 0.0000 81.7948
194.7215 3.2000 81.7948
208.9943 3.2000 71.0166
194.7215 0.0000 81.7948
193.5102 0.0000 80.1886
193.5102 3.2000 80.1886
194.7215 3.2000 81.7948
193.5102 0.0000 80.1886
192.7330 0.0000 79.1695
192.7330 3.2000 79.1695
193.5102 3.2000 80.1886
192.7330 0.0000 79.1695
209.0346 0.0000 66.8626
209.0346 3.2000 66.8626
192.7330 3.2000 79.1695
209.0346 3.2000 66.8626
210.6295 3.2000 68.9562
208.5905 3.2000 70.4960
208.9943 3.2000 71.0166
194.7215 3.2000 81.7948
193.5102 3.2000 80.1886
192.7330 3.2000 79.1695
210.6295 0.0000 68.9562
215.3938 0.0000 65.3672
215.3938 3.2000 65.3672
210.6295 3.2000 68.9562
215.3938 0.0000 65.3672
216.0095 0.0000 64.9019
216.0095 3.2000 64.9019
215.3938 3.2000 65.3672
216.0095 0.0000 64.9019
219.6736 0.0000 69.6984
219.6736 3.2000 69.6984
216.0095 3.2000 64.9019
219.6736 0.0000 69.6984
212.2546 0.0000 75.2925
212.2546 3.2000 75.2925
219.6736 3.2000 69.6984
212.2546 0.0000 75.2925
208.9943 0.0000 71.0166
208.9943 3.2000 71.0166
212.2546 3.2000 75.2925
208.9943 0.0000 71.0166
208.5905 0.0000 70.4960
208.5905 3.2000 70.4960
208.9943 3.2000 71.0166
208.5905 0.0000 70.4960
210.6295 0.0000 68.9562
210.6295 3.2000 68.9562
208.5905 3.2000 70.4960
210.6295 3.2000 68.9562
215.3938 3.2000 65.3672
216.0095 3.2000 64.9019
219.6736 3.2000 69.6984
212.2546 3.2000 75.2925
208.9943 3.2000 71.0166
208.5905 3.2000 70.4960
208.2675 0.0000 65.8657
213.0318 0.0000 62.2766
213.0318 3.2000 62.2766
208.2675 3.2000 65.8657
213.0318 0.0000 62.2766
215.3938 0.0000 65.3672
215.3938 3.2000 65.3672
213.0318 3.2000 62.2766
215.3938 0.0000 65.3672
210.6295 0.0000 68.9562
210.6295 3.2000 68.9562
215.3938 3.2000 65.3672
210.6295 0.0000 68.9562
209.0346 0.0000 66.8626
209.0346 3.2000 66.8626
210.6295 3.2000 68.9562
209.0346 0.0000 66.8626
208.2675 0.0000 65.8657
208.2675 3.2000 65.8657
209.0346 3.2000 66.8626
208.2675 3.2000 65.8657
213.0318 3.2000 62.2766
215.3938 3.2000 65.3672
210.6295 3.2000 68.9562
209.0346 3.2000 66.8626
203.1196 0.0000 59.1085
208.1666 0.0000 55.2647
208.1666 3.2000 55.2647
203.1196 3.2000 59.1085
208.1666 0.0000 55.2647
211.0736 0.0000 53.0492
211.0736 3.2000 53.0492
208.1666 3.2000 55.2647
211.0736 0.0000 53.0492
216.2518 0.0000 59.8396
216.2518 3.2000 59.8396
211.0736 3.2000 53.0492
216.2518 0.0000 59.8396
213.0318 0.0000 62.2766
213.0318 3.2000 62.2766
216.2518 3.2000 59.8396
213.0318 0.0000 62.2766
208.2675 0.0000 65.8657
208.2675 3.2000 65.8657
213.0318 3.2000 62.2766
208.2675 0.0000 65.8657
203.1196 0.0000 59.1085
203.1196 3.2000 59.1085
208.2675 3.2000 65.8657
203.1196 3.2000 59.1085
208.1666 3.2000 55.2647
211.0736 3.2000 53.0492
216.2518 3.2000 59.8396
213.0318 3.2000 62.2766
208.2675 3.2000 65.8657
192.9551 0.0000 15.0430
204.7144 0.0000 6.1701
204.7144 3.2000 6.1701
192.9551 3.2000 15.0430
204.7144 0.0000 6.1701
208.8832 0.0000 11.6423
208.8832 3.2000 11.6423
204.7144 3.2000 6.1701
208.8832 0.0000 11.6423
197.1137 0.0000 20.5041
197.1137 3.2000 20.5041
208.8832 3.2000 11.6423
197.1137 0.0000 20.5041
196.8412 0.0000 20.1385
196.8412 3.2000 20.1385
197.1137 3.2000 20.5041
196.8412 0.0000 20.1385
192.9551 0.0000 15.0430
192.9551 3.2000 15.0430
196.8412 3.2000 20.1385
192.9551 3.2000 15.0430
204.7144 3.2000 6.1701
208.8832 3.2000 11.6423
197.1137 3.2000 20.5041
196.8412 3.2000 20.1385
220.2086 0.0000 18.6653
216.7262 0.0000 21.2906
216.7262 3.2000 21.2906
220.2086 3.2000 18.6653
216.7262 0.0000 21.2906
216.2821 0.0000 21.6340
216.2821 3.2000 21.6340
216.7262 3.2000 21.2906
216.2821 0.0000 21.6340
214.6065 0.0000 19.4296
214.6065 3.2000 19.4296
216.2821 3.2000 21.6340
214.6065 0.0000 19.4296
212.7492 0.0000 16.9926
212.7492 3.2000 16.9926
214.6065 3.2000 19.4296
212.7492 0.0000 16.9926
216.6858 0.0000 14.0349
216.6858 3.2000 14.0349
212.7492 3.2000 16.9926
216.6858 0.0000 14.0349
220.2086 0.0000 18.6653
220.2086 3.2000 18.6653
216.6858 3.2000 14.0349
220.2086 3.2000 18.6653
216.7262 3.2000 21.2906
216.2821 3.2000 21.6340
214.6065 3.2000 19.4296
212.7492 3.2000 16.9926
216.6858 3.2000 14.0349
223.8424 0.0000 22.1989
219.7645 0.0000 25.2784
219.7645 3.2000 25.2784
223.8424 3.2000 22.1989
219.7645 0.0000 25.2784
216.7262 0.0000 21.2906
216.7262 3.2000 21.2906
219.7645 3.2000 25.2784
216.7262 0.0000 21.2906
220.2086 0.0000 18.6653
220.2086 3.2000 18.6653
216.7262 3.2000 21.2906
220.2086 0.0000 18.6653
220.8041 0.0000 18.2222
220.8041 3.2000 18.2222
220.2086 3.2000 18.6653
220.8041 0.0000 18.2222
223.8424 0.0000 22.1989
223.8424 3.2000 22.1989
220.8041 3.2000 18.2222
223.8424 3.2000 22.1989
219.7645 3.2000 25.2784
216.7262 3.2000 21.2906
220.2086 3.2000 18.6653
220.8041 3.2000 18.2222
215.1919 0.0000 27.3277
211.6187 0.0000 30.0195
211.6187 3.2000 30.0195
215.1919 3.2000 27.3277
211.6187 0.0000 30.0195
205.1990 0.0000 21.6007
205.1990 3.2000 21.6007
211.6187 3.2000 30.0195
205.1990 0.0000 21.6007
212.2243 0.0000 16.3058
212.2243 3.2000 16.3058
205.1990 3.2000 21.6007
212.2243 0.0000 16.3058
212.7492 0.0000 16.9926
212.7492 3.2000 16.9926
212.2243 3.2000 16.3058
212.7492 0.0000 16.9926
214.6065 0.0000 19.4296
214.6065 3.2000 19.4296
212.7492 3.2000 16.9926
214.6065 0.0000 19.4296
211.1544 0.0000 22.0328
211.1544 3.2000 22.0328
214.6065 3.2000 19.4296
211.1544 0.0000 22.0328
215.1919 0.0000 27.3277
215.1919 3.2000 27.3277
211.1544 3.2000 22.0328
215.1919 3.2000 27.3277
211.6187 3.2000 30.0195
205.1990 3.2000 21.6007
212.2243 3.2000 16.3058
212.7492 3.2000 16.9926
214.6065 3.2000 19.4296
211.1544 3.2000 22.0328
218.6440 0.0000 24.7246
220.6527 0.0000 27.3499
220.6527 3.2000 27.3499
218.6440 3.2000 24.7246
220.6527 0.0000 27.3499
213.6274 0.0000 32.6559
213.6274 3.2000 32.6559
220.6527 3.2000 27.3499
213.6274 0.0000 32.6559
211.6187 0.0000 30.0195
211.6187 3.2000 30.0195
213.6274 3.2000 32.6559
211.6187 0.0000 30.0195
215.1919 0.0000 27.3277
215.1919 3.2000 27.3277
211.6187 3.2000 30.0195
215.1919 0.0000 27.3277
218.6440 0.0000 24.7246
218.6440 3.2000 24.7246
215.1919 3.2000 27.3277
218.6440 3.2000 24.7246
220.6527 3.2000 27.3499
213.6274 3.2000 32.6559
211.6187 3.2000 30.0195
215.1919 3.2000 27.3277
201.9790 0.0000 29.6872
205.4715 0.0000 27.0397
205.4715 3.2000 27.0397
201.9790 3.2000 29.6872
205.4715 0.0000 27.0397
207.2783 0.0000 25.6772
207.2783 3.2000 25.6772
205.4715 3.2000 27.0397
207.2783 0.0000 25.6772
211.8508 0.0000 31.6589
211.8508 3.2000 31.6589
207.2783 3.2000 25.6772
211.8508 0.0000 31.6589
206.5515 0.0000 35.6689
206.5515 3.2000 35.6689
211.8508 3.2000 31.6589
206.5515 0.0000 35.6689
201.9790 0.0000 29.6872
201.9790 3.2000 29.6872
206.5515 3.2000 35.6689
201.9790 3.2000 29.6872
205.4715 3.2000 27.0397
207.2783 3.2000 25.6772
211.8508 3.2000 31.6589
206.5515 3.2000 35.6689
206.5515 0.0000 35.6689
201.6762 0.0000 39.3466
201.6762 3.2000 39.3466
206.5515 3.2000 35.6689
201.6762 0.0000 39.3466
197.6083 0.0000 34.0295
197.6083 3.2000 34.0295
201.6762 3.2000 39.3466
197.6083 0.0000 34.0295
197.1036 0.0000 33.3648
197.1036 3.2000 33.3648
197.6083 3.2000 34.0295
197.1036 0.0000 33.3648
201.9790 0.0000 29.6872
201.9790 3.2000 29.6872
197.1036 3.2000 33.3648
201.9790 0.0000 29.6872
206.5515 0.0000 35.6689
206.5515 3.2000 35.6689
201.9790 3.2000 29.6872
206.5515 3.2000 35.6689
201.6762 3.2000 39.3466
197.6083 3.2000 34.0295
197.1036 3.2000 33.3648
201.9790 3.2000 29.6872
216.0600 0.0000 -3.0684
220.1581 0.0000 2.7361
220.1581 3.2000 2.7361
216.0600 3.2000 -3.0684
220.1581 0.0000 2.7361
211.0736 0.0000 9.5819
211.0736 3.2000 9.5819
220.1581 3.2000 2.7361
211.0736 0.0000 9.5819
206.7736 0.0000 3.9324
206.7736 3.2000 3.9324
211.0736 3.2000 9.5819
206.7736 0.0000 3.9324
207.7224 0.0000 3.2124
207.7224 3.2000 3.2124
206.7736 3.2000 3.9324
207.7224 0.0000 3.2124
216.0600 0.0000 -3.0684
216.0600 3.2000 -3.0684
207.7224 3.2000 3.2124
216.0600 3.2000 -3.0684
220.1581 3.2000 2.7361
211.0736 3.2000 9.5819
206.7736 3.2000 3.9324
207.7224 3.2000 3.2124
169.3757 0.0000 -11.6644
164.5912 0.0000 -8.0532
164.5912 3.2000 -8.0532
169.3757 3.2000 -11.6644
164.5912 0.0000 -8.0532
161.6337 0.0000 -11.9303
161.6337 3.2000 -11.9303
164.5912 3.2000 -8.0532
161.6337 0.0000 -11.9303
158.8578 0.0000 -15.5636
158.8578 3.2000 -15.5636
161.6337 3.2000 -11.9303
158.8578 0.0000 -15.5636
163.1377 0.0000 -18.7982
163.1377 3.2000 -18.7982
158.8578 3.2000 -15.5636
163.1377 0.0000 -18.7982
168.0938 0.0000 -12.2958
168.0938 3.2000 -12.2958
163.1377 3.2000 -18.7982
168.0938 0.0000 -12.2958
168.5985 0.0000 -12.6835
168.5985 3.2000 -12.6835
168.0938 3.2000 -12.2958
168.5985 0.0000 -12.6835
169.3757 0.0000 -11.6644
169.3757 3.2000 -11.6644
168.5985 3.2000 -12.6835
169.3757 3.2000 -11.6644
164.5912 3.2000 -8.0532
161.6337 3.2000 -11.9303
158.8578 3.2000 -15.5636
163.1377 3.2000 -18.7982
168.0938 3.2000 -12.2958
168.5985 3.2000 -12.6835
156.0921 0.0000 58.8648
153.6494 0.0000 60.7036
153.6494 3.2000 60.7036
156.0921 3.2000 58.8648
153.6494 0.0000 60.7036
151.5700 0.0000 57.9786
151.5700 3.2000 57.9786
153.6494 3.2000 60.7036
151.5700 0.0000 57.9786
154.0027 0.0000 56.1398
154.0027 3.2000 56.1398
151.5700 3.2000 57.9786
154.0027 0.0000 56.1398
156.0921 0.0000 58.8648
156.0921 3.2000 58.8648
154.0027 3.2000 56.1398
156.0921 3.2000 58.8648
153.6494 3.2000 60.7036
151.5700 3.2000 57.9786
154.0027 3.2000 56.1398
187.9283 0.0000 147.4500
191.4410 0.0000 144.8469
191.4410 3.2000 144.8469
187.9283 3.2000 147.4500
191.4410 0.0000 144.8469
192.0062 0.0000 144.4259
192.0062 3.2000 144.4259
191.4410 3.2000 144.8469
192.0062 0.0000 144.4259
201.8276 0.0000 157.4972
201.8276 3.2000 157.4972
192.0062 3.2000 144.4259
201.8276 0.0000 157.4972
197.7497 0.0000 160.5213
197.7497 3.2000 160.5213
201.8276 3.2000 157.4972
197.7497 0.0000 160.5213
187.9283 0.0000 147.4500
187.9283 3.2000 147.4500
197.7497 3.2000 160.5213
187.9283 3.2000 147.4500
191.4410 3.2000 144.8469
192.0062 3.2000 144.4259
201.8276 3.2000 157.4972
197.7497 3.2000 160.5213
-214.2633 0.0000 142.7200
-214.6368 0.0000 130.9116
-214.6368 6.4000 130.9116
-214.2633 6.4000 142.7200
-214.6368 0.0000 130.9116
-201.1715 0.0000 130.5018
-201.1715 6.4000 130.5018
-214.6368 6.4000 130.9116
-201.1715 0.0000 130.5018
-200.8081 0.0000 142.3102
-200.8081 6.4000 142.3102
-201.1715 6.4000 130.5018
-200.8081 0.0000 142.3102
-214.2633 0.0000 142.7200
-214.2633 6.4000 142.7200
-200.8081 6.4000 142.3102
-214.2633 6.4000 142.7200
-214.6368 6.4000 130.9116
-201.1715 6.4000 130.5018
-200.8081 6.4000 142.3102
245.2415 0.0000 117.9290
241.8499 0.0000 120.4436
241.8499 3.2000 120.4436
245.2415 3.2000 117.9290
241.8499 0.0000 120.4436
239.2659 0.0000 116.9985
239.2659 3.2000 116.9985
241.8499 3.2000 120.4436
239.2659 0.0000 116.9985
242.6574 0.0000 114.4840
242.6574 3.2000 114.4840
239.2659 3.2000 116.9985
242.6574 0.0000 114.4840
245.2415 0.0000 117.9290
245.2415 3.2000 117.9290
242.6574 3.2000 114.4840
245.2415 3.2000 117.9290
241.8499 3.2000 120.4436
239.2659 3.2000 116.9985
242.6574 3.2000 114.4840
221.8438 0.0000 -145.8438
227.5670 0.0000 -147.4611
227.5670 48.0000 -147.4611
221.8438 48.0000 -145.8438
227.5670 0.0000 -147.4611
226.8706 0.0000 -149.9092
226.8706 48.0000 -149.9092
227.5670 48.0000 -147.4611
226.8706 0.0000 -149.9092
232.6544 0.0000 -154.6946
232.6544 48.0000 -154.6946
226.8706 48.0000 -149.9092
232.6544 0.0000 -154.6946
234.4410 0.0000 -153.7087
234.4410 48.0000 -153.7087
232.6544 48.0000 -154.6946
234.4410 0.0000 -153.7087
236.4800 0.0000 -157.3310
236.4800 48.0000 -157.3310
234.4410 48.0000 -153.7087
236.4800 0.0000 -157.3310
244.4239 0.0000 -152.9112
244.4239 48.0000 -152.9112
236.4800 48.0000 -157.3310
244.4239 0.0000 -152.9112
252.0448 0.0000 -147.9707
252.0448 48.0000 -147.9707
244.4239 48.0000 -152.9112
252.0448 0.0000 -147.9707
257.8992 0.0000 -143.6616
257.8992 48.0000 -143.6616
252.0448 48.0000 -147.9707
257.8992 0.0000 -143.6616
258.9894 0.0000 -145.1127
258.9894 48.0000 -145.1127
257.8992 48.0000 -143.6616
258.9894 0.0000 -145.1127
265.0558 0.0000 -139.6405
265.0558 48.0000 -139.6405
258.9894 48.0000 -145.1127
265.0558 0.0000 -139.6405
270.6579 0.0000 -133.6920
270.6579 48.0000 -133.6920
265.0558 48.0000 -139.6405
270.6579 0.0000 -133.6920
275.7553 0.0000 -127.3226
275.7553 48.0000 -127.3226
270.6579 48.0000 -133.6920
275.7553 0.0000 -127.3226
280.3178 0.0000 -120.5543
280.3178 48.0000 -120.5543
275.7553 48.0000 -127.3226
280.3178 0.0000 -120.5543
284.3150 0.0000 -113.4427
284.3150 48.0000 -113.4427
280.3178 48.0000 -120.5543
284.3150 0.0000 -113.4427
287.7166 0.0000 -106.0320
287.7166 48.0000 -106.0320
284.3150 48.0000 -113.4427
287.7166 0.0000 -106.0320
289.7152 0.0000 -100.7481
289.7152 48.0000 -100.7481
287.7166 48.0000 -106.0320
289.7152 0.0000 -100.7481
292.0166 0.0000 -93.3152
292.0166 48.0000 -93.3152
289.7152 48.0000 -100.7481
292.0166 0.0000 -93.3152
288.6654 0.0000 -92.1964
288.6654 48.0000 -92.1964
292.0166 48.0000 -93.3152
288.6654 0.0000 -92.1964
287.3835 0.0000 -96.2396
287.3835 48.0000 -96.2396
288.6654 48.0000 -92.1964
287.3835 0.0000 -96.2396
285.2436 0.0000 -95.4310
285.2436 48.0000 -95.4310
287.3835 48.0000 -96.2396
285.2436 0.0000 -95.4310
286.9394 0.0000 -89.2720
286.9394 48.0000 -89.2720
285.2436 48.0000 -95.4310
286.9394 0.0000 -89.2720
281.2565 0.0000 -84.4645
281.2565 48.0000 -84.4645
286.9394 48.0000 -89.2720
281.2565 0.0000 -84.4645
279.1873 0.0000 -85.3728
279.1873 48.0000 -85.3728
281.2565 48.0000 -84.4645
279.1873 0.0000 -85.3728
277.3300 0.0000 -81.7727
277.3300 48.0000 -81.7727
279.1873 48.0000 -85.3728
277.3300 0.0000 -81.7727
271.0011 0.0000 -85.1623
271.0011 48.0000 -85.1623
277.3300 48.0000 -81.7727
271.0011 0.0000 -85.1623
265.4797 0.0000 -88.3969
265.4797 48.0000 -88.3969
271.0011 48.0000 -85.1623
265.4797 0.0000 -88.3969
264.6319 0.0000 -86.8350
264.6319 48.0000 -86.8350
265.4797 48.0000 -88.3969
264.6319 0.0000 -86.8350
256.5971 0.0000 -92.7060
256.5971 48.0000 -92.7060
264.6319 48.0000 -86.8350
256.5971 0.0000 -92.7060
253.8314 0.0000 -95.1651
253.8314 48.0000 -95.1651
256.5971 48.0000 -92.7060
253.8314 0.0000 -95.1651
249.1680 0.0000 -99.3191
249.1680 48.0000 -99.3191
253.8314 48.0000 -95.1651
249.1680 0.0000 -99.3191
242.4152 0.0000 -106.6080
242.4152 48.0000 -106.6080
249.1680 48.0000 -99.3191
242.4152 0.0000 -106.6080
239.7201 0.0000 -110.1417
239.7201 48.0000 -110.1417
242.4152 48.0000 -106.6080
239.7201 0.0000 -110.1417
236.3891 0.0000 -114.5172
236.3891 48.0000 -114.5172
239.7201 48.0000 -110.1417
236.3891 0.0000 -114.5172
233.2802 0.0000 -119.5241
233.2802 48.0000 -119.5241
236.3891 48.0000 -114.5172
233.2802 0.0000 -119.5241
231.1504 0.0000 -122.9581
231.1504 48.0000 -122.9581
233.2802 48.0000 -119.5241
231.1504 0.0000 -122.9581
226.7595 0.0000 -131.8532
226.7595 48.0000 -131.8532
231.1504 48.0000 -122.9581
226.7595 0.0000 -131.8532
223.2469 0.0000 -141.1360
223.2469 48.0000 -141.1360
226.7595 48.0000 -131.8532
223.2469 0.0000 -141.1360
221.8438 0.0000 -145.8438
221.8438 48.0000 -145.8438
223.2469 48.0000 -141.1360
260.8769 0.0000 -137.9789
256.2135 0.0000 -142.5317
256.2135 48.0000 -142.5317
260.8769 48.0000 -137.9789
256.2135 0.0000 -142.5317
251.1565 0.0000 -146.6635
251.1565 48.0000 -146.6635
256.2135 48.0000 -142.5317
251.1565 0.0000 -146.6635
245.7563 0.0000 -150.3301
245.7563 48.0000 -150.3301
251.1565 48.0000 -146.6635
245.7563 0.0000 -150.3301
242.7483 0.0000 -152.0804
242.7483 48.0000 -152.0804
245.7563 48.0000 -150.3301
242.7483 0.0000 -152.0804
239.6595 0.0000 -153.6866
239.6595 48.0000 -153.6866
242.7483 48.0000 -152.0804
239.6595 0.0000 -153.6866
236.1368 0.0000 -147.1731
236.1368 48.0000 -147.1731
239.6595 48.0000 -153.6866
236.1368 0.0000 -147.1731
235.3293 0.0000 -145.6777
235.3293 48.0000 -145.6777
236.1368 48.0000 -147.1731
235.3293 0.0000 -145.6777
233.7041 0.0000 -145.1570
233.7041 48.0000 -145.1570
235.3293 48.0000 -145.6777
233.7041 0.0000 -145.1570
227.7790 0.0000 -143.2628
227.7790 48.0000 -143.2628
233.7041 48.0000 -145.1570
227.7790 0.0000 -143.2628
231.2715 0.0000 -134.0576
231.2715 48.0000 -134.0576
227.7790 48.0000 -143.2628
231.2715 0.0000 -134.0576
233.7243 0.0000 -132.6397
233.7243 48.0000 -132.6397
231.2715 48.0000 -134.0576
233.7243 0.0000 -132.6397
236.4093 0.0000 -130.2359
236.4093 48.0000 -130.2359
233.7243 48.0000 -132.6397
236.4093 0.0000 -130.2359
238.4685 0.0000 -127.2893
238.4685 48.0000 -127.2893
236.4093 48.0000 -130.2359
238.4685 0.0000 -127.2893
239.7908 0.0000 -123.9551
239.7908 48.0000 -123.9551
238.4685 48.0000 -127.2893
239.7908 0.0000 -123.9551
240.3056 0.0000 -120.4103
240.3056 48.0000 -120.4103
239.7908 48.0000 -123.9551
240.3056 0.0000 -120.4103
243.5154 0.0000 -123.6338
243.5154 48.0000 -123.6338
240.3056 48.0000 -120.4103
243.5154 0.0000 -123.6338
260.8769 0.0000 -137.9789
260.8769 48.0000 -137.9789
243.5154 48.0000 -123.6338
221.8438 48.0000 -145.8438
227.5670 48.0000 -147.4611
226.8706 48.0000 -149.9092
232.6544 48.0000 -154.6946
234.4410 48.0000 -153.7087
236.4800 48.0000 -157.3310
244.4239 48.0000 -152.9112
252.0448 48.0000 -147.9707
257.8992 48.0000 -143.6616
258.9894 48.0000 -145.1127
265.0558 48.0000 -139.6405
270.6579 48.0000 -133.6920
275.7553 48.0000 -127.3226
280.3178 48.0000 -120.5543
284.3150 48.0000 -113.4427
287.7166 48.0000 -106.0320
289.7152 48.0000 -100.7481
292.0166 48.0000 -93.3152
288.6654 48.0000 -92.1964
287.3835 48.0000 -96.2396
285.2436 48.0000 -95.4310
286.9394 48.0000 -89.2720
281.2565 48.0000 -84.4645
279.1873 48.0000 -85.3728
277.3300 48.0000 -81.7727
271.0011 48.0000 -85.1623
265.4797 48.0000 -88.3969
264.6319 48.0000 -86.8350
256.5971 48.0000 -92.7060
253.8314 48.0000 -95.1651
249.1680 48.0000 -99.3191
242.4152 48.0000 -106.6080
239.7201 48.0000 -110.1417
236.3891 48.0000 -114.5172
233.2802 48.0000 -119.5241
231.1504 48.0000 -122.9581
226.7595 48.0000 -131.8532
223.2469 48.0000 -141.1360
260.8769 48.0000 -137.9789
256.2135 48.0000 -142.5317
251.1565 48.0000 -146.6635
245.7563 48.0000 -150.3301
242.7483 48.0000 -152.0804
239.6595 48.0000 -153.6866
236.1368 48.0000 -147.1731
235.3293 48.0000 -145.6777
233.7041 48.0000 -145.1570
227.7790 48.0000 -143.2628
231.2715 48.0000 -134.0576
233.7243 48.0000 -132.6397
236.4093 48.0000 -130.2359
238.4685 48.0000 -127.2893
239.7908 48.0000 -123.9551
240.3056 48.0000 -120.4103
243.5154 48.0000 -123.6338
75.5831 3.2000 1.0191
81.3670 3.2000 7.1338
81.3670 9.6000 7.1338
75.5831 9.6000 1.0191
81.3670 3.2000 7.1338
81.4982 3.2000 7.0119
81.4982 9.6000 7.0119
81.3670 9.6000 7.1338
81.4982 3.2000 7.0119
83.6381 3.2000 9.2828
83.6381 9.6000 9.2828
81.4982 9.6000 7.0119
83.6381 3.2000 9.2828
83.8400 3.2000 9.5043
83.8400 9.6000 9.5043
83.6381 9.6000 9.2828
83.8400 3.2000 9.5043
72.4641 3.2000 20.1275
72.4641 9.6000 20.1275
83.8400 9.6000 9.5043
72.4641 3.2000 20.1275
68.8404 3.2000 16.2836
68.8404 9.6000 16.2836
72.4641 9.6000 20.1275
68.8404 3.2000 16.2836
64.3385 3.2000 11.5315
64.3385 9.6000 11.5315
68.8404 9.6000 16.2836
64.3385 3.2000 11.5315
65.0249 3.2000 10.8779
65.0249 9.6000 10.8779
64.3385 9.6000 11.5315
65.0249 3.2000 10.8779
75.5831 3.2000 1.0191
75.5831 9.6000 1.0191
65.0249 9.6000 10.8779
75.5831 9.6000 1.0191
81.3670 9.6000 7.1338
81.4982 9.6000 7.0119
83.6381 9.6000 9.2828
83.8400 9.6000 9.5043
72.4641 9.6000 20.1275
68.8404 9.6000 16.2836
64.3385 9.6000 11.5315
65.0249 9.6000 10.8779
62.5317 0.0000 -172.6066
71.0712 0.0000 -180.5933
71.0712 32.0000 -180.5933
62.5317 32.0000 -172.6066
71.0712 0.0000 -180.5933
97.0731 0.0000 -153.0884
97.0731 32.0000 -153.0884
71.0712 32.0000 -180.5933
97.0731 0.0000 -153.0884
98.3247 0.0000 -154.2515
98.3247 32.0000 -154.2515
97.0731 32.0000 -153.0884
98.3247 0.0000 -154.2515
103.3717 0.0000 -158.8929
103.3717 32.0000 -158.8929
98.3247 32.0000 -154.2515
103.3717 0.0000 -158.8929
110.7705 0.0000 -151.0612
110.7705 32.0000 -151.0612
103.3717 32.0000 -158.8929
110.7705 0.0000 -151.0612
106.4099 0.0000 -146.9848
106.4099 32.0000 -146.9848
110.7705 32.0000 -151.0612
106.4099 0.0000 -146.9848
107.3890 0.0000 -145.9435
107.3890 32.0000 -145.9435
106.4099 32.0000 -146.9848
107.3890 0.0000 -145.9435
104.5728 0.0000 -143.3071
104.5728 32.0000 -143.3071
107.3890 32.0000 -145.9435
104.5728 0.0000 -143.3071
103.6543 0.0000 -144.2819
103.6543 32.0000 -144.2819
104.5728 32.0000 -143.3071
103.6543 0.0000 -144.2819
96.0132 0.0000 -137.1814
96.0132 32.0000 -137.1814
103.6543 32.0000 -144.2819
96.0132 0.0000 -137.1814
94.0651 0.0000 -139.2418
94.0651 32.0000 -139.2418
96.0132 32.0000 -137.1814
94.0651 0.0000 -139.2418
62.5317 0.0000 -172.6066
62.5317 32.0000 -172.6066
94.0651 32.0000 -139.2418
62.5317 32.0000 -172.6066
71.0712 32.0000 -180.5933
97.0731 32.0000 -153.0884
98.3247 32.0000 -154.2515
103.3717 32.0000 -158.8929
110.7705 32.0000 -151.0612
106.4099 32.0000 -146.9848
107.3890 32.0000 -145.9435
104.5728 32.0000 -143.3071
103.6543 32.0000 -144.2819
96.0132 32.0000 -137.1814
94.0651 32.0000 -139.2418
92.3491 0.0000 -170.5573
103.3717 0.0000 -158.8929
103.3717 41.6000 -158.8929
92.3491 41.6000 -170.5573
103.3717 0.0000 -158.8929
98.3247 0.0000 -154.2515
98.3247 41.6000 -154.2515
103.3717 41.6000 -158.8929
98.3247 0.0000 -154.2515
87.3425 0.0000 -165.8716
87.3425 41.6000 -165.8716
98.3247 41.6000 -154.2515
87.3425 0.0000 -165.8716
92.0665 0.0000 -170.2914
92.0665 41.6000 -170.2914
87.3425 41.6000 -165.8716
92.0665 0.0000 -170.2914
92.3491 0.0000 -170.5573
92.3491 41.6000 -170.5573
92.0665 41.6000 -170.2914
92.3491 41.6000 -170.5573
103.3717 41.6000 -158.8929
98.3247 41.6000 -154.2515
87.3425 41.6000 -165.8716
92.0665 41.6000 -170.2914
55.7688 0.0000 -204.2877
58.1409 0.0000 -206.5032
58.1409 32.0000 -206.5032
55.7688 32.0000 -204.2877
58.1409 0.0000 -206.5032
60.6341 0.0000 -203.8668
60.6341 32.0000 -203.8668
58.1409 32.0000 -206.5032
60.6341 0.0000 -203.8668
58.2620 0.0000 -201.6513
58.2620 32.0000 -201.6513
60.6341 32.0000 -203.8668
58.2620 0.0000 -201.6513
55.7688 0.0000 -204.2877
55.7688 32.0000 -204.2877
58.2620 32.0000 -201.6513
55.7688 32.0000 -204.2877
58.1409 32.0000 -206.5032
60.6341 32.0000 -203.8668
58.2620 32.0000 -201.6513
62.5317 0.0000 -172.6066
61.3709 0.0000 -171.5210
61.3709 35.2000 -171.5210
62.5317 35.2000 -172.6066
61.3709 0.0000 -171.5210
42.3035 0.0000 -191.7039
42.3035 35.2000 -191.7039
61.3709 35.2000 -171.5210
42.3035 0.0000 -191.7039
55.7688 0.0000 -204.2877
55.7688 35.2000 -204.2877
42.3035 35.2000 -191.7039
55.7688 0.0000 -204.2877
58.2620 0.0000 -201.6513
58.2620 35.2000 -201.6513
55.7688 35.2000 -204.2877
58.2620 0.0000 -201.6513
60.6341 0.0000 -203.8668
60.6341 35.2000 -203.8668
58.2620 35.2000 -201.6513
60.6341 0.0000 -203.8668
69.1735 0.0000 -194.8277
69.1735 35.2000 -194.8277
60.6341 35.2000 -203.8668
69.1735 0.0000 -194.8277
69.4461 0.0000 -195.0825
69.4461 35.2000 -195.0825
69.1735 35.2000 -194.8277
69.4461 0.0000 -195.0825
76.3503 0.0000 -187.7825
76.3503 35.2000 -187.7825
69.4461 35.2000 -195.0825
76.3503 0.0000 -187.7825
75.9162 0.0000 -187.3727
75.9162 35.2000 -187.3727
76.3503 35.2000 -187.7825
75.9162 0.0000 -187.3727
80.9329 0.0000 -182.0666
80.9329 35.2000 -182.0666
75.9162 35.2000 -187.3727
80.9329 0.0000 -182.0666
87.1911 0.0000 -175.4424
87.1911 35.2000 -175.4424
80.9329 35.2000 -182.0666
87.1911 0.0000 -175.4424
92.0665 0.0000 -170.2914
92.0665 35.2000 -170.2914
87.1911 35.2000 -175.4424
92.0665 0.0000 -170.2914
87.3425 0.0000 -165.8716
87.3425 35.2000 -165.8716
92.0665 35.2000 -170.2914
87.3425 0.0000 -165.8716
98.3247 0.0000 -154.2515
98.3247 35.2000 -154.2515
87.3425 35.2000 -165.8716
98.3247 0.0000 -154.2515
97.0731 0.0000 -153.0884
97.0731 35.2000 -153.0884
98.3247 35.2000 -154.2515
97.0731 0.0000 -153.0884
71.0712 0.0000 -180.5933
71.0712 35.2000 -180.5933
97.0731 35.2000 -153.0884
71.0712 0.0000 -180.5933
62.5317 0.0000 -172.6066
62.5317 35.2000 -172.6066
71.0712 35.2000 -180.5933
62.5317 35.2000 -172.6066
61.3709 35.2000 -171.5210
42.3035 35.2000 -191.7039
55.7688 35.2000 -204.2877
58.2620 35.2000 -201.6513
60.6341 35.2000 -203.8668
69.1735 35.2000 -194.8277
69.4461 35.2000 -195.0825
76.3503 35.2000 -187.7825
75.9162 35.2000 -187.3727
80.9329 35.2000 -182.0666
87.1911 35.2000 -175.4424
92.0665 35.2000 -170.2914
87.3425 35.2000 -165.8716
98.3247 35.2000 -154.2515
97.0731 35.2000 -153.0884
71.0712 35.2000 -180.5933
80.9329 0.0000 -182.0666
83.6583 0.0000 -184.6144
83.6583 6.4000 -184.6144
80.9329 6.4000 -182.0666
83.6583 0.0000 -184.6144
89.9165 0.0000 -177.9902
89.9165 6.4000 -177.9902
83.6583 6.4000 -184.6144
89.9165 0.0000 -177.9902
87.1911 0.0000 -175.4424
87.1911 6.4000 -175.4424
89.9165 6.4000 -177.9902
87.1911 0.0000 -175.4424
80.9329 0.0000 -182.0666
80.9329 6.4000 -182.0666
87.1911 6.4000 -175.4424
80.9329 6.4000 -182.0666
83.6583 6.4000 -184.6144
89.9165 6.4000 -177.9902
87.1911 6.4000 -175.4424
-11.7392 12.8000 -75.4032
-6.0059 12.8000 -80.7868
-6.0059 16.0000 -80.7868
-11.7392 16.0000 -75.4032
-6.0059 12.8000 -80.7868
-2.7354 12.8000 -77.3418
-2.7354 16.0000 -77.3418
-6.0059 16.0000 -80.7868
-2.7354 12.8000 -77.3418
-8.4587 12.8000 -71.9582
-8.4587 16.0000 -71.9582
-2.7354 16.0000 -77.3418
-8.4587 12.8000 -71.9582
-11.7392 12.8000 -75.4032
-11.7392 16.0000 -75.4032
-8.4587 16.0000 -71.9582
-11.7392 16.0000 -75.4032
-6.0059 16.0000 -80.7868
-2.7354 16.0000 -77.3418
-8.4587 16.0000 -71.9582
-61.3709 0.0000 -19.2081
-60.6139 0.0000 -19.9059
-60.6139 25.6000 -19.9059
-61.3709 25.6000 -19.2081
-60.6139 0.0000 -19.9059
-58.1914 0.0000 -22.1878
-58.1914 25.6000 -22.1878
-60.6139 25.6000 -19.9059
-58.1914 0.0000 -22.1878
-34.5817 0.0000 -44.2982
-34.5817 25.6000 -44.2982
-58.1914 25.6000 -22.1878
-34.5817 0.0000 -44.2982
-23.6904 0.0000 -54.5004
-23.6904 25.6000 -54.5004
-34.5817 25.6000 -44.2982
-23.6904 0.0000 -54.5004
-9.6599 0.0000 -67.6380
-9.6599 25.6000 -67.6380
-23.6904 25.6000 -54.5004
-9.6599 0.0000 -67.6380
-6.6115 0.0000 -70.5071
-6.6115 25.6000 -70.5071
-9.6599 25.6000 -67.6380
-6.6115 0.0000 -70.5071
-4.0880 0.0000 -67.8485
-4.0880 25.6000 -67.8485
-6.6115 25.6000 -70.5071
-4.0880 0.0000 -67.8485
1.5545 0.0000 -73.1324
1.5545 25.6000 -73.1324
-4.0880 25.6000 -67.8485
1.5545 0.0000 -73.1324
8.1559 0.0000 -66.1537
8.1559 25.6000 -66.1537
1.5545 25.6000 -73.1324
8.1559 0.0000 -66.1537
2.3923 0.0000 -60.7590
2.3923 25.6000 -60.7590
8.1559 25.6000 -66.1537
2.3923 0.0000 -60.7590
-0.2019 0.0000 -58.3220
-0.2019 25.6000 -58.3220
2.3923 25.6000 -60.7590
-0.2019 0.0000 -58.3220
-9.4580 0.0000 -49.6596
-9.4580 25.6000 -49.6596
-0.2019 25.6000 -58.3220
-9.4580 0.0000 -49.6596
-15.6052 0.0000 -56.1509
-15.6052 25.6000 -56.1509
-9.4580 25.6000 -49.6596
-15.6052 0.0000 -56.1509
-20.9448 0.0000 -51.1439
-20.9448 25.6000 -51.1439
-15.6052 25.6000 -56.1509
-20.9448 0.0000 -51.1439
-14.7977 0.0000 -44.6526
-14.7977 25.6000 -44.6526
-20.9448 25.6000 -51.1439
-14.7977 0.0000 -44.6526
-49.6721 0.0000 -11.9856
-49.6721 25.6000 -11.9856
-14.7977 25.6000 -44.6526
-49.6721 0.0000 -11.9856
-54.0125 0.0000 -16.5717
-54.0125 25.6000 -16.5717
-49.6721 25.6000 -11.9856
-54.0125 0.0000 -16.5717
-53.3362 0.0000 -17.2031
-53.3362 25.6000 -17.2031
-54.0125 25.6000 -16.5717
-53.3362 0.0000 -17.2031
-54.6888 0.0000 -18.6320
-54.6888 25.6000 -18.6320
-53.3362 25.6000 -17.2031
-54.6888 0.0000 -18.6320
-57.9390 0.0000 -15.5858
-57.9390 25.6000 -15.5858
-54.6888 25.6000 -18.6320
-57.9390 0.0000 -15.5858
-58.4639 0.0000 -16.1396
-58.4639 25.6000 -16.1396
-57.9390 25.6000 -15.5858
-58.4639 0.0000 -16.1396
-60.5230 0.0000 -18.3108
-60.5230 25.6000 -18.3108
-58.4639 25.6000 -16.1396
-60.5230 0.0000 -18.3108
-61.3709 0.0000 -19.2081
-61.3709 25.6000 -19.2081
-60.5230 25.6000 -18.3108
-61.3709 25.6000 -19.2081
-60.6139 25.6000 -19.9059
-58.1914 25.6000 -22.1878
-34.5817 25.6000 -44.2982
-23.6904 25.6000 -54.5004
-9.6599 25.6000 -67.6380
-6.6115 25.6000 -70.5071
-4.0880 25.6000 -67.8485
1.5545 25.6000 -73.1324
8.1559 25.6000 -66.1537
2.3923 25.6000 -60.7590
-0.2019 25.6000 -58.3220
-9.4580 25.6000 -49.6596
-15.6052 25.6000 -56.1509
-20.9448 25.6000 -51.1439
-14.7977 25.6000 -44.6526
-49.6721 25.6000 -11.9856
-54.0125 25.6000 -16.5717
-53.3362 25.6000 -17.2031
-54.6888 25.6000 -18.6320
-57.9390 25.6000 -15.5858
-58.4639 25.6000 -16.1396
-60.5230 25.6000 -18.3108
-57.9390 0.0000 -15.5858
-54.6888 0.0000 -18.6320
-54.6888 28.8000 -18.6320
-57.9390 28.8000 -15.5858
-54.6888 0.0000 -18.6320
-53.3362 0.0000 -17.2031
-53.3362 28.8000 -17.2031
-54.6888 28.8000 -18.6320
-53.3362 0.0000 -17.2031
-54.0125 0.0000 -16.5717
-54.0125 28.8000 -16.5717
-53.3362 28.8000 -17.2031
-54.0125 0.0000 -16.5717
-49.6721 0.0000 -11.9856
-49.6721 28.8000 -11.9856
-54.0125 28.8000 -16.5717
-49.6721 0.0000 -11.9856
-52.2460 0.0000 -9.5708
-52.2460 28.8000 -9.5708
-49.6721 28.8000 -11.9856
-52.2460 0.0000 -9.5708
-57.9390 0.0000 -15.5858
-57.9390 28.8000 -15.5858
-52.2460 28.8000 -9.5708
-57.9390 28.8000 -15.5858
-54.6888 28.8000 -18.6320
-53.3362 28.8000 -17.2031
-54.0125 28.8000 -16.5717
-49.6721 28.8000 -11.9856
-52.2460 28.8000 -9.5708
-6.6115 0.0000 -70.5071
-0.9690 0.0000 -75.7909
-0.9690 28.8000 -75.7909
-6.6115 28.8000 -70.5071
-0.9690 0.0000 -75.7909
1.5545 0.0000 -73.1324
1.5545 28.8000 -73.1324
-0.9690 28.8000 -75.7909
1.5545 0.0000 -73.1324
-4.0880 0.0000 -67.8485
-4.0880 28.8000 -67.8485
1.5545 28.8000 -73.1324
-4.0880 0.0000 -67.8485
-6.6115 0.0000 -70.5071
-6.6115 28.8000 -70.5071
-4.0880 28.8000 -67.8485
-6.6115 28.8000 -70.5071
-0.9690 28.8000 -75.7909
1.5545 28.8000 -73.1324
-4.0880 28.8000 -67.8485
-14.7977 0.0000 -44.6526
-20.9448 0.0000 -51.1439
-20.9448 28.8000 -51.1439
-14.7977 28.8000 -44.6526
-20.9448 0.0000 -51.1439
-15.6052 0.0000 -56.1509
-15.6052 28.8000 -56.1509
-20.9448 28.8000 -51.1439
-15.6052 0.0000 -56.1509
-9.4580 0.0000 -49.6596
-9.4580 28.8000 -49.6596
-15.6052 28.8000 -56.1509
-9.4580 0.0000 -49.6596
-14.7977 0.0000 -44.6526
-14.7977 28.8000 -44.6526
-9.4580 28.8000 -49.6596
-14.7977 28.8000 -44.6526
-20.9448 28.8000 -51.1439
-15.6052 28.8000 -56.1509
-9.4580 28.8000 -49.6596
-69.9608 28.8000 -85.8713
-62.9153 28.8000 -92.4734
-62.9153 32.0000 -92.4734
-69.9608 32.0000 -85.8713
-62.9153 28.8000 -92.4734
-56.6268 28.8000 -85.8270
-56.6268 32.0000 -85.8270
-62.9153 32.0000 -92.4734
-56.6268 28.8000 -85.8270
-63.6723 28.8000 -79.2249
-63.6723 32.0000 -79.2249
-56.6268 32.0000 -85.8270
-63.6723 28.8000 -79.2249
-69.9608 28.8000 -85.8713
-69.9608 32.0000 -85.8713
-63.6723 32.0000 -79.2249
-69.9608 32.0000 -85.8713
-62.9153 32.0000 -92.4734
-56.6268 32.0000 -85.8270
-63.6723 32.0000 -79.2249
-75.1289 0.0000 -91.6093
-68.1540 0.0000 -98.1449
-68.1540 6.4000 -98.1449
-75.1289 6.4000 -91.6093
-68.1540 0.0000 -98.1449
-65.4590 0.0000 -95.2981
-65.4590 6.4000 -95.2981
-68.1540 6.4000 -98.1449
-65.4590 0.0000 -95.2981
-72.4338 0.0000 -88.7625
-72.4338 6.4000 -88.7625
-65.4590 6.4000 -95.2981
-72.4338 0.0000 -88.7625
-75.1289 0.0000 -91.6093
-75.1289 6.4000 -91.6093
-72.4338 6.4000 -88.7625
-75.1289 6.4000 -91.6093
-68.1540 6.4000 -98.1449
-65.4590 6.4000 -95.2981
-72.4338 6.4000 -88.7625
-87.2416 0.0000 -74.8937
-72.4338 0.0000 -88.7625
-72.4338 28.8000 -88.7625
-87.2416 28.8000 -74.8937
-72.4338 0.0000 -88.7625
-65.4590 0.0000 -95.2981
-65.4590 28.8000 -95.2981
-72.4338 28.8000 -88.7625
-65.4590 0.0000 -95.2981
-68.1540 0.0000 -98.1449
-68.1540 28.8000 -98.1449
-65.4590 28.8000 -95.2981
-68.1540 0.0000 -98.1449
-54.3254 0.0000 -111.0943
-54.3254 28.8000 -111.0943
-68.1540 28.8000 -98.1449
-54.3254 0.0000 -111.0943
-46.4521 0.0000 -102.7753
-46.4521 28.8000 -102.7753
-54.3254 28.8000 -111.0943
-46.4521 0.0000 -102.7753
-46.5531 0.0000 -102.6756
-46.5531 28.8000 -102.6756
-46.4521 28.8000 -102.7753
-46.5531 0.0000 -102.6756
-41.1024 0.0000 -96.9154
-41.1024 28.8000 -96.9154
-46.5531 28.8000 -102.6756
-41.1024 0.0000 -96.9154
-33.0373 0.0000 -88.3969
-33.0373 28.8000 -88.3969
-41.1024 28.8000 -96.9154
-33.0373 0.0000 -88.3969
-46.8660 0.0000 -75.4475
-46.8660 28.8000 -75.4475
-33.0373 28.8000 -88.3969
-46.8660 0.0000 -75.4475
-52.0744 0.0000 -80.9419
-52.0744 28.8000 -80.9419
-46.8660 28.8000 -75.4475
-52.0744 0.0000 -80.9419
-58.5547 0.0000 -74.8715
-58.5547 28.8000 -74.8715
-52.0744 28.8000 -80.9419
-58.5547 0.0000 -74.8715
-73.8066 0.0000 -60.5929
-73.8066 28.8000 -60.5929
-58.5547 28.8000 -74.8715
-73.8066 0.0000 -60.5929
-74.2003 0.0000 -61.0027
-74.2003 28.8000 -61.0027
-73.8066 28.8000 -60.5929
-74.2003 0.0000 -61.0027
-75.9364 0.0000 -59.3854
-75.9364 28.8000 -59.3854
-74.2003 28.8000 -61.0027
-75.9364 0.0000 -59.3854
-78.3893 0.0000 -61.9886
-78.3893 28.8000 -61.9886
-75.9364 28.8000 -59.3854
-78.3893 0.0000 -61.9886
-76.4310 0.0000 -63.8164
-76.4310 28.8000 -63.8164
-78.3893 28.8000 -61.9886
-76.4310 0.0000 -63.8164
-81.8616 0.0000 -69.5655
-81.8616 28.8000 -69.5655
-76.4310 28.8000 -63.8164
-81.8616 0.0000 -69.5655
-82.0432 0.0000 -69.3993
-82.0432 28.8000 -69.3993
-81.8616 28.8000 -69.5655
-82.0432 0.0000 -69.3993
-87.2416 0.0000 -74.8937
-87.2416 28.8000 -74.8937
-82.0432 28.8000 -69.3993
-87.2416 28.8000 -74.8937
-72.4338 28.8000 -88.7625
-65.4590 28.8000 -95.2981
-68.1540 28.8000 -98.1449
-54.3254 28.8000 -111.0943
-46.4521 28.8000 -102.7753
-46.5531 28.8000 -102.6756
-41.1024 28.8000 -96.9154
-33.0373 28.8000 -88.3969
-46.8660 28.8000 -75.4475
-52.0744 28.8000 -80.9419
-58.5547 28.8000 -74.8715
-73.8066 28.8000 -60.5929
-74.2003 28.8000 -61.0027
-75.9364 28.8000 -59.3854
-78.3893 28.8000 -61.9886
-76.4310 28.8000 -63.8164
-81.8616 28.8000 -69.5655
-82.0432 28.8000 -69.3993
-73.8066 0.0000 -60.5929
-58.5547 0.0000 -74.8715
-58.5547 3.2000 -74.8715
-73.8066 3.2000 -60.5929
-58.5547 0.0000 -74.8715
-55.9303 0.0000 -72.1022
-55.9303 3.2000 -72.1022
-58.5547 3.2000 -74.8715
-55.9303 0.0000 -72.1022
-71.1822 0.0000 -57.8235
-71.1822 3.2000 -57.8235
-55.9303 3.2000 -72.1022
-71.1822 0.0000 -57.8235
-73.8066 0.0000 -60.5929
-73.8066 3.2000 -60.5929
-71.1822 3.2000 -57.8235
-73.8066 3.2000 -60.5929
-58.5547 3.2000 -74.8715
-55.9303 3.2000 -72.1022
-71.1822 3.2000 -57.8235
-82.0432 0.0000 -69.3993
-81.8616 0.0000 -69.5655
-81.8616 32.0000 -69.5655
-82.0432 32.0000 -69.3993
-81.8616 0.0000 -69.5655
-76.4310 0.0000 -63.8164
-76.4310 32.0000 -63.8164
-81.8616 32.0000 -69.5655
-76.4310 0.0000 -63.8164
-78.3893 0.0000 -61.9886
-78.3893 32.0000 -61.9886
-76.4310 32.0000 -63.8164
-78.3893 0.0000 -61.9886
-79.0151 0.0000 -61.3904
-79.0151 32.0000 -61.3904
-78.3893 32.0000 -61.9886
-79.0151 0.0000 -61.3904
-84.4557 0.0000 -67.1396
-84.4557 32.0000 -67.1396
-79.0151 32.0000 -61.3904
-84.4557 0.0000 -67.1396
-82.0432 0.0000 -69.3993
-82.0432 32.0000 -69.3993
-84.4557 32.0000 -67.1396
-82.0432 32.0000 -69.3993
-81.8616 32.0000 -69.5655
-76.4310 32.0000 -63.8164
-78.3893 32.0000 -61.9886
-79.0151 32.0000 -61.3904
-84.4557 32.0000 -67.1396
-100.3637 0.0000 -67.7156
-92.5005 0.0000 -75.0820
-92.5005 25.6000 -75.0820
-100.3637 25.6000 -67.7156
-92.5005 0.0000 -75.0820
-84.7383 0.0000 -66.8737
-84.7383 25.6000 -66.8737
-92.5005 25.6000 -75.0820
-84.7383 0.0000 -66.8737
-84.4557 0.0000 -67.1396
-84.4557 25.6000 -67.1396
-84.7383 25.6000 -66.8737
-84.4557 0.0000 -67.1396
-79.0151 0.0000 -61.3904
-79.0151 25.6000 -61.3904
-84.4557 25.6000 -67.1396
-79.0151 0.0000 -61.3904
-79.4289 0.0000 -61.0138
-79.4289 25.6000 -61.0138
-79.0151 25.6000 -61.3904
-79.4289 0.0000 -61.0138
-79.0050 0.0000 -60.5707
-79.0050 25.6000 -60.5707
-79.4289 25.6000 -61.0138
-79.0050 0.0000 -60.5707
-86.7369 0.0000 -53.3262
-86.7369 25.6000 -53.3262
-79.0050 25.6000 -60.5707
-86.7369 0.0000 -53.3262
-88.8566 0.0000 -55.5638
-88.8566 25.6000 -55.5638
-86.7369 25.6000 -53.3262
-88.8566 0.0000 -55.5638
-85.0815 0.0000 -59.0974
-85.0815 25.6000 -59.0974
-88.8566 25.6000 -55.5638
-85.0815 0.0000 -59.0974
-88.2914 0.0000 -62.4871
-88.2914 25.6000 -62.4871
-85.0815 25.6000 -59.0974
-88.2914 0.0000 -62.4871
-92.0665 0.0000 -58.9534
-92.0665 25.6000 -58.9534
-88.2914 25.6000 -62.4871
-92.0665 0.0000 -58.9534
-100.3637 0.0000 -67.7156
-100.3637 25.6000 -67.7156
-92.0665 25.6000 -58.9534
-100.3637 25.6000 -67.7156
-92.5005 25.6000 -75.0820
-84.7383 25.6000 -66.8737
-84.4557 25.6000 -67.1396
-79.0151 25.6000 -61.3904
-79.4289 25.6000 -61.0138
-79.0050 25.6000 -60.5707
-86.7369 25.6000 -53.3262
-88.8566 25.6000 -55.5638
-85.0815 25.6000 -59.0974
-88.2914 25.6000 -62.4871
-92.0665 25.6000 -58.9534
-92.0665 0.0000 -58.9534
-88.2914 0.0000 -62.4871
-88.2914 28.8000 -62.4871
-92.0665 28.8000 -58.9534
-88.2914 0.0000 -62.4871
-85.0815 0.0000 -59.0974
-85.0815 28.8000 -59.0974
-88.2914 28.8000 -62.4871
-85.0815 0.0000 -59.0974
-88.8566 0.0000 -55.5638
-88.8566 28.8000 -55.5638
-85.0815 28.8000 -59.0974
-88.8566 0.0000 -55.5638
-92.0665 0.0000 -58.9534
-92.0665 28.8000 -58.9534
-88.8566 28.8000 -55.5638
-92.0665 28.8000 -58.9534
-88.2914 28.8000 -62.4871
-85.0815 28.8000 -59.0974
-88.8566 28.8000 -55.5638
-75.9667 0.0000 -36.6880
-73.4231 0.0000 -39.0697
-73.4231 3.2000 -39.0697
-75.9667 3.2000 -36.6880
-73.4231 0.0000 -39.0697
-71.1822 0.0000 -36.6991
-71.1822 3.2000 -36.6991
-73.4231 3.2000 -39.0697
-71.1822 0.0000 -36.6991
-71.5658 0.0000 -36.3336
-71.5658 3.2000 -36.3336
-71.1822 3.2000 -36.6991
-71.5658 0.0000 -36.3336
-58.1914 0.0000 -22.1878
-58.1914 3.2000 -22.1878
-71.5658 3.2000 -36.3336
-58.1914 0.0000 -22.1878
-60.6139 0.0000 -19.9059
-60.6139 3.2000 -19.9059
-58.1914 3.2000 -22.1878
-60.6139 0.0000 -19.9059
-75.2601 0.0000 -35.4031
-75.2601 3.2000 -35.4031
-60.6139 3.2000 -19.9059
-75.2601 0.0000 -35.4031
-74.9977 0.0000 -35.6579
-74.9977 3.2000 -35.6579
-75.2601 3.2000 -35.4031
-74.9977 0.0000 -35.6579
-75.9667 0.0000 -36.6880
-75.9667 3.2000 -36.6880
-74.9977 3.2000 -35.6579
-75.9667 3.2000 -36.6880
-73.4231 3.2000 -39.0697
-71.1822 3.2000 -36.6991
-71.5658 3.2000 -36.3336
-58.1914 3.2000 -22.1878
-60.6139 3.2000 -19.9059
-75.2601 3.2000 -35.4031
-74.9977 3.2000 -35.6579
-89.5935 0.0000 -47.8097
-85.3137 0.0000 -51.8086
-85.3137 12.8000 -51.8086
-89.5935 12.8000 -47.8097
-85.3137 0.0000 -51.8086
-86.7369 0.0000 -53.3262
-86.7369 12.8000 -53.3262
-85.3137 12.8000 -51.8086
-86.7369 0.0000 -53.3262
-79.0050 0.0000 -60.5707
-79.0050 12.8000 -60.5707
-86.7369 12.8000 -53.3262
-79.0050 0.0000 -60.5707
-54.0125 0.0000 -34.1403
-54.0125 12.8000 -34.1403
-79.0050 12.8000 -60.5707
-54.0125 0.0000 -34.1403
-61.8453 0.0000 -26.8182
-61.8453 12.8000 -26.8182
-54.0125 12.8000 -34.1403
-61.8453 0.0000 -26.8182
-71.1822 0.0000 -36.6991
-71.1822 12.8000 -36.6991
-61.8453 12.8000 -26.8182
-71.1822 0.0000 -36.6991
-73.4231 0.0000 -39.0697
-73.4231 12.8000 -39.0697
-71.1822 12.8000 -36.6991
-73.4231 0.0000 -39.0697
-75.9667 0.0000 -36.6880
-75.9667 12.8000 -36.6880
-73.4231 12.8000 -39.0697
-75.9667 0.0000 -36.6880
-77.6120 0.0000 -35.1483
-77.6120 12.8000 -35.1483
-75.9667 12.8000 -36.6880
-77.6120 0.0000 -35.1483
-81.1348 0.0000 -38.8703
-81.1348 12.8000 -38.8703
-77.6120 12.8000 -35.1483
-81.1348 0.0000 -38.8703
-76.9054 0.0000 -42.8249
-76.9054 12.8000 -42.8249
-81.1348 12.8000 -38.8703
-76.9054 0.0000 -42.8249
-81.9120 0.0000 -48.1309
-81.9120 12.8000 -48.1309
-76.9054 12.8000 -42.8249
-81.9120 0.0000 -48.1309
-86.1515 0.0000 -44.1763
-86.1515 12.8000 -44.1763
-81.9120 12.8000 -48.1309
-86.1515 0.0000 -44.1763
-89.5935 0.0000 -47.8097
-89.5935 12.8000 -47.8097
-86.1515 12.8000 -44.1763
-89.5935 12.8000 -47.8097
-85.3137 12.8000 -51.8086
-86.7369 12.8000 -53.3262
-79.0050 12.8000 -60.5707
-54.0125 12.8000 -34.1403
-61.8453 12.8000 -26.8182
-71.1822 12.8000 -36.6991
-73.4231 12.8000 -39.0697
-75.9667 12.8000 -36.6880
-77.6120 12.8000 -35.1483
-81.1348 12.8000 -38.8703
-76.9054 12.8000 -42.8249
-81.9120 12.8000 -48.1309
-86.1515 12.8000 -44.1763
-100.2526 0.0000 -31.6700
-98.1834 0.0000 -33.6086
-98.1834 3.2000 -33.6086
-100.2526 3.2000 -31.6700
-98.1834 0.0000 -33.6086
-92.6620 0.0000 -27.7597
-92.6620 3.2000 -27.7597
-98.1834 3.2000 -33.6086
-92.6620 0.0000 -27.7597
-94.7313 0.0000 -25.8323
-94.7313 3.2000 -25.8323
-92.6620 3.2000 -27.7597
-94.7313 0.0000 -25.8323
-100.2526 0.0000 -31.6700
-100.2526 3.2000 -31.6700
-94.7313 3.2000 -25.8323
-100.2526 3.2000 -31.6700
-98.1834 3.2000 -33.6086
-92.6620 3.2000 -27.7597
-94.7313 3.2000 -25.8323
-101.6456 0.0000 -60.5596
-89.5935 0.0000 -47.8097
-89.5935 9.6000 -47.8097
-101.6456 9.6000 -60.5596
-89.5935 0.0000 -47.8097
-86.1515 0.0000 -44.1763
-86.1515 9.6000 -44.1763
-89.5935 9.6000 -47.8097
-86.1515 0.0000 -44.1763
-81.1348 0.0000 -38.8703
-81.1348 9.6000 -38.8703
-86.1515 9.6000 -44.1763
-81.1348 0.0000 -38.8703
-77.6120 0.0000 -35.1483
-77.6120 9.6000 -35.1483
-81.1348 9.6000 -38.8703
-77.6120 0.0000 -35.1483
-65.5902 0.0000 -22.4315
-65.5902 9.6000 -22.4315
-77.6120 9.6000 -35.1483
-65.5902 0.0000 -22.4315
-77.2789 0.0000 -11.4982
-77.2789 9.6000 -11.4982
-65.5902 9.6000 -22.4315
-77.2789 0.0000 -11.4982
-92.6620 0.0000 -27.7597
-92.6620 9.6000 -27.7597
-77.2789 9.6000 -11.4982
-92.6620 0.0000 -27.7597
-98.1834 0.0000 -33.6086
-98.1834 9.6000 -33.6086
-92.6620 9.6000 -27.7597
-98.1834 0.0000 -33.6086
-113.3545 0.0000 -49.6374
-113.3545 9.6000 -49.6374
-98.1834 9.6000 -33.6086
-113.3545 0.0000 -49.6374
-110.2153 0.0000 -52.5729
-110.2153 9.6000 -52.5729
-113.3545 9.6000 -49.6374
-110.2153 0.0000 -52.5729
-109.3069 0.0000 -51.6092
-109.3069 9.6000 -51.6092
-110.2153 9.6000 -52.5729
-109.3069 0.0000 -51.6092
-103.6745 0.0000 -56.8820
-103.6745 9.6000 -56.8820
-109.3069 9.6000 -51.6092
-103.6745 0.0000 -56.8820
-104.5728 0.0000 -57.8235
-104.5728 9.6000 -57.8235
-103.6745 9.6000 -56.8820
-104.5728 0.0000 -57.8235
-101.6456 0.0000 -60.5596
-101.6456 9.6000 -60.5596
-104.5728 9.6000 -57.8235
-101.6456 9.6000 -60.5596
-89.5935 9.6000 -47.8097
-86.1515 9.6000 -44.1763
-81.1348 9.6000 -38.8703
-77.6120 9.6000 -35.1483
-65.5902 9.6000 -22.4315
-77.2789 9.6000 -11.4982
-92.6620 9.6000 -27.7597
-98.1834 9.6000 -33.6086
-113.3545 9.6000 -49.6374
-110.2153 9.6000 -52.5729
-109.3069 9.6000 -51.6092
-103.6745 9.6000 -56.8820
-104.5728 9.6000 -57.8235
-110.2153 0.0000 -52.5729
-111.4064 0.0000 -53.8357
-111.4064 12.8000 -53.8357
-110.2153 12.8000 -52.5729
-111.4064 0.0000 -53.8357
-105.7740 0.0000 -59.0974
-105.7740 12.8000 -59.0974
-111.4064 12.8000 -53.8357
-105.7740 0.0000 -59.0974
-104.5728 0.0000 -57.8235
-104.5728 12.8000 -57.8235
-105.7740 12.8000 -59.0974
-104.5728 0.0000 -57.8235
-103.6745 0.0000 -56.8820
-103.6745 12.8000 -56.8820
-104.5728 12.8000 -57.8235
-103.6745 0.0000 -56.8820
-109.3069 0.0000 -51.6092
-109.3069 12.8000 -51.6092
-103.6745 12.8000 -56.8820
-109.3069 0.0000 -51.6092
-110.2153 0.0000 -52.5729
-110.2153 12.8000 -52.5729
-109.3069 12.8000 -51.6092
-110.2153 12.8000 -52.5729
-111.4064 12.8000 -53.8357
-105.7740 12.8000 -59.0974
-104.5728 12.8000 -57.8235
-103.6745 12.8000 -56.8820
-109.3069 12.8000 -51.6092
56.4047 0.0000 1.7834
58.0500 0.0000 0.2437
58.0500 3.2000 0.2437
56.4047 3.2000 1.7834
58.0500 0.0000 0.2437
62.2592 0.0000 4.6857
62.2592 3.2000 4.6857
58.0500 3.2000 0.2437
62.2592 0.0000 4.6857
60.6139 0.0000 6.2254
60.6139 3.2000 6.2254
62.2592 3.2000 4.6857
60.6139 0.0000 6.2254
56.4047 0.0000 1.7834
56.4047 3.2000 1.7834
60.6139 3.2000 6.2254
56.4047 3.2000 1.7834
58.0500 3.2000 0.2437
62.2592 3.2000 4.6857
60.6139 3.2000 6.2254
35.8031 0.0000 -19.9724
37.5695 0.0000 -21.6229
37.5695 3.2000 -21.6229
35.8031 3.2000 -19.9724
37.5695 0.0000 -21.6229
41.7484 0.0000 -17.2141
41.7484 3.2000 -17.2141
37.5695 3.2000 -21.6229
41.7484 0.0000 -17.2141
39.9820 0.0000 -15.5636
39.9820 3.2000 -15.5636
41.7484 3.2000 -17.2141
39.9820 0.0000 -15.5636
35.8031 0.0000 -19.9724
35.8031 3.2000 -19.9724
39.9820 3.2000 -15.5636
35.8031 3.2000 -19.9724
37.5695 3.2000 -21.6229
41.7484 3.2000 -17.2141
39.9820 3.2000 -15.5636
20.9146 0.0000 -24.0710
26.7488 0.0000 -29.5321
26.7488 6.4000 -29.5321
20.9146 6.4000 -24.0710
26.7488 0.0000 -29.5321
28.4446 0.0000 -27.7487
28.4446 6.4000 -27.7487
26.7488 6.4000 -29.5321
28.4446 0.0000 -27.7487
35.8031 0.0000 -19.9724
35.8031 6.4000 -19.9724
28.4446 6.4000 -27.7487
35.8031 0.0000 -19.9724
39.9820 0.0000 -15.5636
39.9820 6.4000 -15.5636
35.8031 6.4000 -19.9724
39.9820 0.0000 -15.5636
56.4047 0.0000 1.7834
56.4047 6.4000 1.7834
39.9820 6.4000 -15.5636
56.4047 0.0000 1.7834
60.6139 0.0000 6.2254
60.6139 6.4000 6.2254
56.4047 6.4000 1.7834
60.6139 0.0000 6.2254
65.0249 0.0000 10.8779
65.0249 6.4000 10.8779
60.6139 6.4000 6.2254
65.0249 0.0000 10.8779
64.3385 0.0000 11.5315
64.3385 6.4000 11.5315
65.0249 6.4000 10.8779
64.3385 0.0000 11.5315
68.8404 0.0000 16.2836
68.8404 6.4000 16.2836
64.3385 6.4000 11.5315
68.8404 0.0000 16.2836
68.2651 0.0000 16.8264
68.2651 6.4000 16.8264
68.8404 6.4000 16.2836
68.2651 0.0000 16.8264
70.6977 0.0000 19.3964
70.6977 6.4000 19.3964
68.2651 6.4000 16.8264
70.6977 0.0000 19.3964
51.2669 0.0000 37.5964
51.2669 6.4000 37.5964
70.6977 6.4000 19.3964
51.2669 0.0000 37.5964
3.8559 0.0000 -12.4509
3.8559 6.4000 -12.4509
51.2669 6.4000 37.5964
3.8559 0.0000 -12.4509
6.0664 0.0000 -14.5223
6.0664 6.4000 -14.5223
3.8559 6.4000 -12.4509
6.0664 0.0000 -14.5223
9.0340 0.0000 -11.3985
9.0340 6.4000 -11.3985
6.0664 6.4000 -14.5223
9.0340 0.0000 -11.3985
14.3838 0.0000 -16.4055
14.3838 6.4000 -16.4055
9.0340 6.4000 -11.3985
14.3838 0.0000 -16.4055
21.6918 0.0000 -23.2513
21.6918 6.4000 -23.2513
14.3838 6.4000 -16.4055
21.6918 0.0000 -23.2513
20.9146 0.0000 -24.0710
20.9146 6.4000 -24.0710
21.6918 6.4000 -23.2513
20.9146 6.4000 -24.0710
26.7488 6.4000 -29.5321
28.4446 6.4000 -27.7487
35.8031 6.4000 -19.9724
39.9820 6.4000 -15.5636
56.4047 6.4000 1.7834
60.6139 6.4000 6.2254
65.0249 6.4000 10.8779
64.3385 6.4000 11.5315
68.8404 6.4000 16.2836
68.2651 6.4000 16.8264
70.6977 6.4000 19.3964
51.2669 6.4000 37.5964
3.8559 6.4000 -12.4509
6.0664 6.4000 -14.5223
9.0340 6.4000 -11.3985
14.3838 6.4000 -16.4055
21.6918 6.4000 -23.2513
14.3838 0.0000 -16.4055
13.8186 0.0000 -17.0037
13.8186 12.8000 -17.0037
14.3838 12.8000 -16.4055
13.8186 0.0000 -17.0037
15.1409 0.0000 -18.2443
15.1409 12.8000 -18.2443
13.8186 12.8000 -17.0037
15.1409 0.0000 -18.2443
13.6671 0.0000 -19.8062
13.6671 12.8000 -19.8062
15.1409 12.8000 -18.2443
13.6671 0.0000 -19.8062
12.4054 0.0000 -18.6210
12.4054 12.8000 -18.6210
13.6671 12.8000 -19.8062
12.4054 0.0000 -18.6210
11.3758 0.0000 -19.7065
11.3758 12.8000 -19.7065
12.4054 12.8000 -18.6210
11.3758 0.0000 -19.7065
18.6233 0.0000 -26.4858
18.6233 12.8000 -26.4858
11.3758 12.8000 -19.7065
18.6233 0.0000 -26.4858
18.8251 0.0000 -26.2754
18.8251 12.8000 -26.2754
18.6233 12.8000 -26.4858
18.8251 0.0000 -26.2754
20.9146 0.0000 -24.0710
20.9146 12.8000 -24.0710
18.8251 12.8000 -26.2754
20.9146 0.0000 -24.0710
21.6918 0.0000 -23.2513
21.6918 12.8000 -23.2513
20.9146 12.8000 -24.0710
21.6918 0.0000 -23.2513
14.3838 0.0000 -16.4055
14.3838 12.8000 -16.4055
21.6918 12.8000 -23.2513
14.3838 12.8000 -16.4055
13.8186 12.8000 -17.0037
15.1409 12.8000 -18.2443
13.6671 12.8000 -19.8062
12.4054 12.8000 -18.6210
11.3758 12.8000 -19.7065
18.6233 12.8000 -26.4858
18.8251 12.8000 -26.2754
20.9146 12.8000 -24.0710
21.6918 12.8000 -23.2513
6.0664 0.0000 -14.5223
5.9655 0.0000 -14.6331
5.9655 16.0000 -14.6331
6.0664 16.0000 -14.5223
5.9655 0.0000 -14.6331
11.3758 0.0000 -19.7065
11.3758 16.0000 -19.7065
5.9655 16.0000 -14.6331
11.3758 0.0000 -19.7065
12.4054 0.0000 -18.6210
12.4054 16.0000 -18.6210
11.3758 16.0000 -19.7065
12.4054 0.0000 -18.6210
13.6671 0.0000 -19.8062
13.6671 16.0000 -19.8062
12.4054 16.0000 -18.6210
13.6671 0.0000 -19.8062
15.1409 0.0000 -18.2443
15.1409 16.0000 -18.2443
13.6671 16.0000 -19.8062
15.1409 0.0000 -18.2443
13.8186 0.0000 -17.0037
13.8186 16.0000 -17.0037
15.1409 16.0000 -18.2443
13.8186 0.0000 -17.0037
14.3838 0.0000 -16.4055
14.3838 16.0000 -16.4055
13.8186 16.0000 -17.0037
14.3838 0.0000 -16.4055
9.0340 0.0000 -11.3985
9.0340 16.0000 -11.3985
14.3838 16.0000 -16.4055
9.0340 0.0000 -11.3985
6.0664 0.0000 -14.5223
6.0664 16.0000 -14.5223
9.0340 16.0000 -11.3985
6.0664 16.0000 -14.5223
5.9655 16.0000 -14.6331
11.3758 16.0000 -19.7065
12.4054 16.0000 -18.6210
13.6671 16.0000 -19.8062
15.1409 16.0000 -18.2443
13.8186 16.0000 -17.0037
14.3838 16.0000 -16.4055
9.0340 16.0000 -11.3985
-30.7258 0.0000 20.2936
-36.3078 0.0000 25.5332
-36.3078 12.8000 25.5332
-30.7258 12.8000 20.2936
-36.3078 0.0000 25.5332
-36.5197 0.0000 25.3006
-36.5197 12.8000 25.3006
-36.3078 12.8000 25.5332
-36.5197 0.0000 25.3006
-38.0237 0.0000 23.7165
-38.0237 12.8000 23.7165
-36.5197 12.8000 25.3006
-38.0237 0.0000 23.7165
-47.4918 0.0000 13.7359
-47.4918 12.8000 13.7359
-38.0237 12.8000 23.7165
-47.4918 0.0000 13.7359
13.1826 0.0000 -43.1904
13.1826 12.8000 -43.1904
-47.4918 12.8000 13.7359
13.1826 0.0000 -43.1904
24.3263 0.0000 -31.4374
24.3263 12.8000 -31.4374
13.1826 12.8000 -43.1904
24.3263 0.0000 -31.4374
18.8251 0.0000 -26.2754
18.8251 12.8000 -26.2754
24.3263 12.8000 -31.4374
18.8251 0.0000 -26.2754
18.6233 0.0000 -26.4858
18.6233 12.8000 -26.4858
18.8251 12.8000 -26.2754
18.6233 0.0000 -26.4858
11.3758 0.0000 -19.7065
11.3758 12.8000 -19.7065
18.6233 12.8000 -26.4858
11.3758 0.0000 -19.7065
5.9655 0.0000 -14.6331
5.9655 12.8000 -14.6331
11.3758 12.8000 -19.7065
5.9655 0.0000 -14.6331
6.0664 0.0000 -14.5223
6.0664 12.8000 -14.5223
5.9655 12.8000 -14.6331
6.0664 0.0000 -14.5223
3.8559 0.0000 -12.4509
3.8559 12.8000 -12.4509
6.0664 12.8000 -14.5223
3.8559 0.0000 -12.4509
-16.2916 0.0000 6.4581
-16.2916 12.8000 6.4581
3.8559 12.8000 -12.4509
-16.2916 0.0000 6.4581
-18.3002 0.0000 8.3301
-18.3002 12.8000 8.3301
-16.2916 12.8000 6.4581
-18.3002 0.0000 8.3301
-23.7207 0.0000 13.4257
-23.7207 12.8000 13.4257
-18.3002 12.8000 8.3301
-23.7207 0.0000 13.4257
-30.8772 0.0000 20.1385
-30.8772 12.8000 20.1385
-23.7207 12.8000 13.4257
-30.8772 0.0000 20.1385
-30.7258 0.0000 20.2936
-30.7258 12.8000 20.2936
-30.8772 12.8000 20.1385
-30.7258 12.8000 20.2936
-36.3078 12.8000 25.5332
-36.5197 12.8000 25.3006
-38.0237 12.8000 23.7165
-47.4918 12.8000 13.7359
13.1826 12.8000 -43.1904
24.3263 12.8000 -31.4374
18.8251 12.8000 -26.2754
18.6233 12.8000 -26.4858
11.3758 12.8000 -19.7065
5.9655 12.8000 -14.6331
6.0664 12.8000 -14.5223
3.8559 12.8000 -12.4509
-16.2916 12.8000 6.4581
-18.3002 12.8000 8.3301
-23.7207 12.8000 13.4257
-30.8772 12.8000 20.1385
-6.8336 0.0000 61.1135
-5.0974 0.0000 59.4851
-5.0974 3.2000 59.4851
-6.8336 3.2000 61.1135
-5.0974 0.0000 59.4851
-0.8580 0.0000 63.9493
-0.8580 3.2000 63.9493
-5.0974 3.2000 59.4851
-0.8580 0.0000 63.9493
-2.5941 0.0000 65.5777
-2.5941 3.2000 65.5777
-0.8580 3.2000 63.9493
-2.5941 0.0000 65.5777
-6.8336 0.0000 61.1135
-6.8336 3.2000 61.1135
-2.5941 3.2000 65.5777
-6.8336 3.2000 61.1135
-5.0974 3.2000 59.4851
-0.8580 3.2000 63.9493
-2.5941 3.2000 65.5777
-27.3444 0.0000 39.3134
-25.6991 0.0000 37.7736
-25.6991 3.2000 37.7736
-27.3444 3.2000 39.3134
-25.6991 0.0000 37.7736
-21.5101 0.0000 42.1935
-21.5101 3.2000 42.1935
-25.6991 3.2000 37.7736
-21.5101 0.0000 42.1935
-23.1453 0.0000 43.7332
-23.1453 3.2000 43.7332
-21.5101 3.2000 42.1935
-23.1453 0.0000 43.7332
-27.3444 0.0000 39.3134
-27.3444 3.2000 39.3134
-23.1453 3.2000 43.7332
-27.3444 3.2000 39.3134
-25.6991 3.2000 37.7736
-21.5101 3.2000 42.1935
-23.1453 3.2000 43.7332
-18.3002 0.0000 8.3301
-16.2916 0.0000 6.4581
-16.2916 6.4000 6.4581
-18.3002 6.4000 8.3301
-16.2916 0.0000 6.4581
31.3618 0.0000 56.6937
31.3618 6.4000 56.6937
-16.2916 6.4000 6.4581
31.3618 0.0000 56.6937
29.0805 0.0000 58.8316
29.0805 6.4000 58.8316
31.3618 6.4000 56.6937
29.0805 0.0000 58.8316
28.6566 0.0000 58.3885
28.6566 6.4000 58.3885
29.0805 6.4000 58.8316
28.6566 0.0000 58.3885
11.2648 0.0000 74.6943
11.2648 6.4000 74.6943
28.6566 6.4000 58.3885
11.2648 0.0000 74.6943
9.0845 0.0000 72.4013
9.0845 6.4000 72.4013
11.2648 6.4000 74.6943
9.0845 0.0000 72.4013
8.0650 0.0000 73.3650
8.0650 6.4000 73.3650
9.0845 6.4000 72.4013
8.0650 0.0000 73.3650
-0.8580 0.0000 63.9493
-0.8580 6.4000 63.9493
8.0650 6.4000 73.3650
-0.8580 0.0000 63.9493
-5.0974 0.0000 59.4851
-5.0974 6.4000 59.4851
-0.8580 6.4000 63.9493
-5.0974 0.0000 59.4851
-21.5101 0.0000 42.1935
-21.5101 6.4000 42.1935
-5.0974 6.4000 59.4851
-21.5101 0.0000 42.1935
-25.6991 0.0000 37.7736
-25.6991 6.4000 37.7736
-21.5101 6.4000 42.1935
-25.6991 0.0000 37.7736
-32.9465 0.0000 30.1303
-32.9465 6.4000 30.1303
-25.6991 6.4000 37.7736
-32.9465 0.0000 30.1303
-34.7129 0.0000 28.2693
-34.7129 6.4000 28.2693
-32.9465 6.4000 30.1303
-34.7129 0.0000 28.2693
-34.5413 0.0000 28.1142
-34.5413 6.4000 28.1142
-34.7129 6.4000 28.2693
-34.5413 0.0000 28.1142
-28.5960 0.0000 22.5423
-28.5960 6.4000 22.5423
-34.5413 6.4000 28.1142
-28.5960 0.0000 22.5423
-27.8794 0.0000 23.2956
-27.8794 6.4000 23.2956
-28.5960 6.4000 22.5423
-27.8794 0.0000 23.2956
-20.7430 0.0000 16.5938
-20.7430 6.4000 16.5938
-27.8794 6.4000 23.2956
-20.7430 0.0000 16.5938
-15.3024 0.0000 11.4872
-15.3024 6.4000 11.4872
-20.7430 6.4000 16.5938
-15.3024 0.0000 11.4872
-18.3002 0.0000 8.3301
-18.3002 6.4000 8.3301
-15.3024 6.4000 11.4872
-18.3002 6.4000 8.3301
-16.2916 6.4000 6.4581
31.3618 6.4000 56.6937
29.0805 6.4000 58.8316
28.6566 6.4000 58.3885
11.2648 6.4000 74.6943
9.0845 6.4000 72.4013
8.0650 6.4000 73.3650
-0.8580 6.4000 63.9493
-5.0974 6.4000 59.4851
-21.5101 6.4000 42.1935
-25.6991 6.4000 37.7736
-32.9465 6.4000 30.1303
-34.7129 6.4000 28.2693
-34.5413 6.4000 28.1142
-28.5960 6.4000 22.5423
-27.8794 6.4000 23.2956
-20.7430 6.4000 16.5938
-15.3024 6.4000 11.4872
-20.7430 0.0000 16.5938
-21.3284 0.0000 15.9846
-21.3284 16.0000 15.9846
-20.7430 16.0000 16.5938
-21.3284 0.0000 15.9846
-22.6002 0.0000 17.1809
-22.6002 16.0000 17.1809
-21.3284 16.0000 15.9846
-22.6002 0.0000 17.1809
-24.0639 0.0000 15.6412
-24.0639 16.0000 15.6412
-22.6002 16.0000 17.1809
-24.0639 0.0000 15.6412
-22.7718 0.0000 14.4337
-22.7718 16.0000 14.4337
-24.0639 16.0000 15.6412
-22.7718 0.0000 14.4337
-23.7207 0.0000 13.4257
-23.7207 16.0000 13.4257
-22.7718 16.0000 14.4337
-23.7207 0.0000 13.4257
-18.3002 0.0000 8.3301
-18.3002 16.0000 8.3301
-23.7207 16.0000 13.4257
-18.3002 0.0000 8.3301
-15.3024 0.0000 11.4872
-15.3024 16.0000 11.4872
-18.3002 16.0000 8.3301
-15.3024 0.0000 11.4872
-20.7430 0.0000 16.5938
-20.7430 16.0000 16.5938
-15.3024 16.0000 11.4872
-20.7430 16.0000 16.5938
-21.3284 16.0000 15.9846
-22.6002 16.0000 17.1809
-24.0639 16.0000 15.6412
-22.7718 16.0000 14.4337
-23.7207 16.0000 13.4257
-18.3002 16.0000 8.3301
-15.3024 16.0000 11.4872
-30.7258 0.0000 20.2936
-30.8772 0.0000 20.1385
-30.8772 12.8000 20.1385
-30.7258 12.8000 20.2936
-30.8772 0.0000 20.1385
-23.7207 0.0000 13.4257
-23.7207 12.8000 13.4257
-30.8772 12.8000 20.1385
-23.7207 0.0000 13.4257
-22.7718 0.0000 14.4337
-22.7718 12.8000 14.4337
-23.7207 12.8000 13.4257
-22.7718 0.0000 14.4337
-24.0639 0.0000 15.6412
-24.0639 12.8000 15.6412
-22.7718 12.8000 14.4337
-24.0639 0.0000 15.6412
-22.6002 0.0000 17.1809
-22.6002 12.8000 17.1809
-24.0639 12.8000 15.6412
-22.6002 0.0000 17.1809
-21.3284 0.0000 15.9846
-21.3284 12.8000 15.9846
-22.6002 12.8000 17.1809
-21.3284 0.0000 15.9846
-20.7430 0.0000 16.5938
-20.7430 12.8000 16.5938
-21.3284 12.8000 15.9846
-20.7430 0.0000 16.5938
-27.8794 0.0000 23.2956
-27.8794 12.8000 23.2956
-20.7430 12.8000 16.5938
-27.8794 0.0000 23.2956
-28.5960 0.0000 22.5423
-28.5960 12.8000 22.5423
-27.8794 12.8000 23.2956
-28.5960 0.0000 22.5423
-30.7258 0.0000 20.2936
-30.7258 12.8000 20.2936
-28.5960 12.8000 22.5423
-30.7258 12.8000 20.2936
-30.8772 12.8000 20.1385
-23.7207 12.8000 13.4257
-22.7718 12.8000 14.4337
-24.0639 12.8000 15.6412
-22.6002 12.8000 17.1809
-21.3284 12.8000 15.9846
-20.7430 12.8000 16.5938
-27.8794 12.8000 23.2956
-28.5960 12.8000 22.5423
-129.5149 16.0000 167.1898
-126.1839 16.0000 164.0106
-126.1839 22.4000 164.0106
-129.5149 22.4000 167.1898
-126.1839 16.0000 164.0106
-124.8616 16.0000 165.3842
-124.8616 22.4000 165.3842
-126.1839 22.4000 164.0106
-124.8616 16.0000 165.3842
-128.1926 16.0000 168.5634
-128.1926 22.4000 168.5634
-124.8616 22.4000 165.3842
-128.1926 16.0000 168.5634
-129.5149 16.0000 167.1898
-129.5149 22.4000 167.1898
-128.1926 22.4000 168.5634
-129.5149 22.4000 167.1898
-126.1839 22.4000 164.0106
-124.8616 22.4000 165.3842
-128.1926 22.4000 168.5634
-115.0907 16.0000 146.2648
-111.7496 16.0000 142.9748
-111.7496 22.4000 142.9748
-115.0907 22.4000 146.2648
-111.7496 16.0000 142.9748
-110.5686 16.0000 144.1490
-110.5686 22.4000 144.1490
-111.7496 22.4000 142.9748
-110.5686 16.0000 144.1490
-113.9097 16.0000 147.4500
-113.9097 22.4000 147.4500
-110.5686 22.4000 144.1490
-113.9097 16.0000 147.4500
-115.0907 16.0000 146.2648
-115.0907 22.4000 146.2648
-113.9097 22.4000 147.4500
-115.0907 22.4000 146.2648
-111.7496 22.4000 142.9748
-110.5686 22.4000 144.1490
-113.9097 22.4000 147.4500
-105.4914 0.0000 142.3656
-89.1090 0.0000 127.0346
-89.1090 9.6000 127.0346
-105.4914 9.6000 142.3656
-89.1090 0.0000 127.0346
-84.5970 0.0000 131.7978
-84.5970 9.6000 131.7978
-89.1090 9.6000 127.0346
-84.5970 0.0000 131.7978
-100.9794 0.0000 147.1288
-100.9794 9.6000 147.1288
-84.5970 9.6000 131.7978
-100.9794 0.0000 147.1288
-105.4914 0.0000 142.3656
-105.4914 9.6000 142.3656
-100.9794 9.6000 147.1288
-105.4914 9.6000 142.3656
-89.1090 9.6000 127.0346
-84.5970 9.6000 131.7978
-100.9794 9.6000 147.1288
-112.9003 0.0000 186.9185
-100.6766 0.0000 175.4756
-100.6766 6.4000 175.4756
-112.9003 6.4000 186.9185
-100.6766 0.0000 175.4756
-89.7247 0.0000 187.0514
-89.7247 6.4000 187.0514
-100.6766 6.4000 175.4756
-89.7247 0.0000 187.0514
-101.9484 0.0000 198.4943
-101.9484 6.4000 198.4943
-89.7247 6.4000 187.0514
-101.9484 0.0000 198.4943
-112.9003 0.0000 186.9185
-112.9003 6.4000 186.9185
-101.9484 6.4000 198.4943
-112.9003 6.4000 186.9185
-100.6766 6.4000 175.4756
-89.7247 6.4000 187.0514
-101.9484 6.4000 198.4943
-146.0386 0.0000 151.9363
-133.6231 0.0000 140.3273
-133.6231 16.0000 140.3273
-146.0386 16.0000 151.9363
-133.6231 0.0000 140.3273
-129.0808 0.0000 136.0847
-129.0808 16.0000 136.0847
-133.6231 16.0000 140.3273
-129.0808 0.0000 136.0847
-140.1942 0.0000 124.3317
-140.1942 16.0000 124.3317
-129.0808 16.0000 136.0847
-140.1942 0.0000 124.3317
-130.8170 0.0000 115.5695
-130.8170 16.0000 115.5695
-140.1942 16.0000 124.3317
-130.8170 0.0000 115.5695
-105.4914 0.0000 142.3656
-105.4914 16.0000 142.3656
-130.8170 16.0000 115.5695
-105.4914 0.0000 142.3656
-100.9794 0.0000 147.1288
-100.9794 16.0000 147.1288
-105.4914 16.0000 142.3656
-100.9794 0.0000 147.1288
-75.6841 0.0000 173.9026
-75.6841 16.0000 173.9026
-100.9794 16.0000 147.1288
-75.6841 0.0000 173.9026
-78.0360 0.0000 176.1070
-78.0360 16.0000 176.1070
-75.6841 16.0000 173.9026
-78.0360 0.0000 176.1070
-85.1925 0.0000 182.7977
-85.1925 16.0000 182.7977
-78.0360 16.0000 176.1070
-85.1925 0.0000 182.7977
-96.1242 0.0000 171.2330
-96.1242 16.0000 171.2330
-85.1925 16.0000 182.7977
-96.1242 0.0000 171.2330
-100.6766 0.0000 175.4756
-100.6766 16.0000 175.4756
-96.1242 16.0000 171.2330
-100.6766 0.0000 175.4756
-112.9003 0.0000 186.9185
-112.9003 16.0000 186.9185
-100.6766 16.0000 175.4756
-112.9003 0.0000 186.9185
-146.0386 0.0000 151.9363
-146.0386 16.0000 151.9363
-112.9003 16.0000 186.9185
-146.0386 16.0000 151.9363
-133.6231 16.0000 140.3273
-129.0808 16.0000 136.0847
-140.1942 16.0000 124.3317
-130.8170 16.0000 115.5695
-105.4914 16.0000 142.3656
-100.9794 16.0000 147.1288
-75.6841 16.0000 173.9026
-78.0360 16.0000 176.1070
-85.1925 16.0000 182.7977
-96.1242 16.0000 171.2330
-100.6766 16.0000 175.4756
-112.9003 16.0000 186.9185
-133.6231 0.0000 140.3273
-146.0386 0.0000 151.9363
-146.0386 6.4000 151.9363
-133.6231 6.4000 140.3273
-146.0386 0.0000 151.9363
-157.1520 0.0000 140.1722
-157.1520 6.4000 140.1722
-146.0386 6.4000 151.9363
-157.1520 0.0000 140.1722
-152.8722 0.0000 136.1844
-152.8722 6.4000 136.1844
-157.1520 6.4000 140.1722
-152.8722 0.0000 136.1844
-149.4604 0.0000 132.9942
-149.4604 6.4000 132.9942
-152.8722 6.4000 136.1844
-149.4604 0.0000 132.9942
-147.2095 0.0000 135.3758
-147.2095 6.4000 135.3758
-149.4604 6.4000 132.9942
-147.2095 0.0000 135.3758
-142.4754 0.0000 130.9559
-142.4754 6.4000 130.9559
-147.2095 6.4000 135.3758
-142.4754 0.0000 130.9559
-133.6231 0.0000 140.3273
-133.6231 6.4000 140.3273
-142.4754 6.4000 130.9559
-133.6231 6.4000 140.3273
-146.0386 6.4000 151.9363
-157.1520 6.4000 140.1722
-152.8722 6.4000 136.1844
-149.4604 6.4000 132.9942
-147.2095 6.4000 135.3758
-142.4754 6.4000 130.9559
-136.6614 25.6000 103.6061
-130.1407 25.6000 97.5468
-130.1407 28.8000 97.5468
-136.6614 28.8000 103.6061
-130.1407 25.6000 97.5468
-123.9834 25.6000 104.0935
-123.9834 28.8000 104.0935
-130.1407 28.8000 97.5468
-123.9834 25.6000 104.0935
-130.5041 25.6000 110.1527
-130.5041 28.8000 110.1527
-123.9834 28.8000 104.0935
-130.5041 25.6000 110.1527
-136.6614 25.6000 103.6061
-136.6614 28.8000 103.6061
-130.5041 28.8000 110.1527
-136.6614 28.8000 103.6061
-130.1407 28.8000 97.5468
-123.9834 28.8000 104.0935
-130.5041 28.8000 110.1527
-118.8860 0.0000 81.7284
-114.9998 0.0000 78.0950
-114.9998 28.8000 78.0950
-118.8860 28.8000 81.7284
-114.9998 0.0000 78.0950
-112.3956 0.0000 80.8422
-112.3956 28.8000 80.8422
-114.9998 28.8000 78.0950
-112.3956 0.0000 80.8422
-116.2818 0.0000 84.4755
-116.2818 28.8000 84.4755
-112.3956 28.8000 80.8422
-116.2818 0.0000 84.4755
-118.8860 0.0000 81.7284
-118.8860 28.8000 81.7284
-116.2818 28.8000 84.4755
-118.8860 28.8000 81.7284
-114.9998 28.8000 78.0950
-112.3956 28.8000 80.8422
-116.2818 28.8000 84.4755
-168.5480 0.0000 128.1201
-143.2224 0.0000 104.4590
-143.2224 25.6000 104.4590
-168.5480 25.6000 128.1201
-143.2224 0.0000 104.4590
-138.9527 0.0000 100.4823
-138.9527 25.6000 100.4823
-143.2224 25.6000 104.4590
-138.9527 0.0000 100.4823
-118.8860 0.0000 81.7284
-118.8860 25.6000 81.7284
-138.9527 25.6000 100.4823
-118.8860 0.0000 81.7284
-116.2818 0.0000 84.4755
-116.2818 25.6000 84.4755
-118.8860 25.6000 81.7284
-116.2818 0.0000 84.4755
-112.3956 0.0000 80.8422
-112.3956 25.6000 80.8422
-116.2818 25.6000 84.4755
-112.3956 0.0000 80.8422
-114.9998 0.0000 78.0950
-114.9998 25.6000 78.0950
-112.3956 25.6000 80.8422
-114.9998 0.0000 78.0950
-109.3473 0.0000 72.8222
-109.3473 25.6000 72.8222
-114.9998 25.6000 78.0950
-109.3473 0.0000 72.8222
-103.8461 0.0000 78.6489
-103.8461 25.6000 78.6489
-109.3473 25.6000 72.8222
-103.8461 0.0000 78.6489
-97.9613 0.0000 84.8743
-97.9613 25.6000 84.8743
-103.8461 25.6000 78.6489
-97.9613 0.0000 84.8743
-130.8170 0.0000 115.5695
-130.8170 25.6000 115.5695
-97.9613 25.6000 84.8743
-130.8170 0.0000 115.5695
-140.1942 0.0000 124.3317
-140.1942 25.6000 124.3317
-130.8170 25.6000 115.5695
-140.1942 0.0000 124.3317
-149.4604 0.0000 132.9942
-149.4604 25.6000 132.9942
-140.1942 25.6000 124.3317
-149.4604 0.0000 132.9942
-152.8722 0.0000 136.1844
-152.8722 25.6000 136.1844
-149.4604 25.6000 132.9942
-152.8722 0.0000 136.1844
-155.4461 0.0000 133.4594
-155.4461 25.6000 133.4594
-152.8722 25.6000 136.1844
-155.4461 0.0000 133.4594
-159.7259 0.0000 137.4583
-159.7259 25.6000 137.4583
-155.4461 25.6000 133.4594
-159.7259 0.0000 137.4583
-168.5480 0.0000 128.1201
-168.5480 25.6000 128.1201
-159.7259 25.6000 137.4583
-168.5480 25.6000 128.1201
-143.2224 25.6000 104.4590
-138.9527 25.6000 100.4823
-118.8860 25.6000 81.7284
-116.2818 25.6000 84.4755
-112.3956 25.6000 80.8422
-114.9998 25.6000 78.0950
-109.3473 25.6000 72.8222
-103.8461 25.6000 78.6489
-97.9613 25.6000 84.8743
-130.8170 25.6000 115.5695
-140.1942 25.6000 124.3317
-149.4604 25.6000 132.9942
-152.8722 25.6000 136.1844
-155.4461 25.6000 133.4594
-159.7259 25.6000 137.4583
-159.7259 0.0000 137.4583
-155.4461 0.0000 133.4594
-155.4461 28.8000 133.4594
-159.7259 28.8000 137.4583
-155.4461 0.0000 133.4594
-152.8722 0.0000 136.1844
-152.8722 28.8000 136.1844
-155.4461 28.8000 133.4594
-152.8722 0.0000 136.1844
-157.1520 0.0000 140.1722
-157.1520 28.8000 140.1722
-152.8722 28.8000 136.1844
-157.1520 0.0000 140.1722
-159.7259 0.0000 137.4583
-159.7259 28.8000 137.4583
-157.1520 28.8000 140.1722
-159.7259 28.8000 137.4583
-155.4461 28.8000 133.4594
-152.8722 28.8000 136.1844
-157.1520 28.8000 140.1722
-85.4449 0.0000 183.0414
-80.6907 0.0000 188.0484
-80.6907 25.6000 188.0484
-85.4449 25.6000 183.0414
-80.6907 0.0000 188.0484
-73.2918 0.0000 181.1140
-73.2918 25.6000 181.1140
-80.6907 25.6000 188.0484
-73.2918 0.0000 181.1140
-78.0360 0.0000 176.1070
-78.0360 25.6000 176.1070
-73.2918 25.6000 181.1140
-78.0360 0.0000 176.1070
-75.6841 0.0000 173.9026
-75.6841 25.6000 173.9026
-78.0360 25.6000 176.1070
-75.6841 0.0000 173.9026
-43.0909 0.0000 143.3847
-43.0909 25.6000 143.3847
-75.6841 25.6000 173.9026
-43.0909 0.0000 143.3847
-31.8866 0.0000 155.2152
-31.8866 25.6000 155.2152
-43.0909 25.6000 143.3847
-31.8866 0.0000 155.2152
-90.7442 0.0000 210.3248
-90.7442 25.6000 210.3248
-31.8866 25.6000 155.2152
-90.7442 0.0000 210.3248
-101.9484 0.0000 198.4943
-101.9484 25.6000 198.4943
-90.7442 25.6000 210.3248
-101.9484 0.0000 198.4943
-89.7247 0.0000 187.0514
-89.7247 25.6000 187.0514
-101.9484 25.6000 198.4943
-89.7247 0.0000 187.0514
-85.4449 0.0000 183.0414
-85.4449 25.6000 183.0414
-89.7247 25.6000 187.0514
-85.4449 25.6000 183.0414
-80.6907 25.6000 188.0484
-73.2918 25.6000 181.1140
-78.0360 25.6000 176.1070
-75.6841 25.6000 173.9026
-43.0909 25.6000 143.3847
-31.8866 25.6000 155.2152
-90.7442 25.6000 210.3248
-101.9484 25.6000 198.4943
-89.7247 25.6000 187.0514
-85.4449 0.0000 183.0414
-85.1925 0.0000 182.7977
-85.1925 28.8000 182.7977
-85.4449 28.8000 183.0414
-85.1925 0.0000 182.7977
-78.0360 0.0000 176.1070
-78.0360 28.8000 176.1070
-85.1925 28.8000 182.7977
-78.0360 0.0000 176.1070
-73.2918 0.0000 181.1140
-73.2918 28.8000 181.1140
-78.0360 28.8000 176.1070
-73.2918 0.0000 181.1140
-80.6907 0.0000 188.0484
-80.6907 28.8000 188.0484
-73.2918 28.8000 181.1140
-80.6907 0.0000 188.0484
-85.4449 0.0000 183.0414
-85.4449 28.8000 183.0414
-80.6907 28.8000 188.0484
-85.4449 28.8000 183.0414
-85.1925 28.8000 182.7977
-78.0360 28.8000 176.1070
-73.2918 28.8000 181.1140
-80.6907 28.8000 188.0484
-90.7038 16.0000 119.5685
-86.3937 16.0000 115.5695
-86.3937 19.2000 115.5695
-90.7038 19.2000 119.5685
-86.3937 16.0000 115.5695
-72.7770 16.0000 130.0697
-72.7770 19.2000 130.0697
-86.3937 19.2000 115.5695
-72.7770 16.0000 130.0697
-77.0871 16.0000 134.0576
-77.0871 19.2000 134.0576
-72.7770 19.2000 130.0697
-77.0871 16.0000 134.0576
-90.7038 16.0000 119.5685
-90.7038 19.2000 119.5685
-77.0871 19.2000 134.0576
-90.7038 19.2000 119.5685
-86.3937 19.2000 115.5695
-72.7770 19.2000 130.0697
-77.0871 19.2000 134.0576
10.9620 0.0000 97.5468
17.6340 0.0000 91.2881
17.6340 35.2000 91.2881
10.9620 35.2000 97.5468
17.6340 0.0000 91.2881
18.5425 0.0000 92.2407
18.5425 35.2000 92.2407
17.6340 35.2000 91.2881
18.5425 0.0000 92.2407
19.9657 0.0000 90.9115
19.9657 35.2000 90.9115
18.5425 35.2000 92.2407
19.9657 0.0000 90.9115
19.0371 0.0000 89.9367
19.0371 35.2000 89.9367
19.9657 35.2000 90.9115
19.0371 0.0000 89.9367
25.5477 0.0000 83.8441
25.5477 35.2000 83.8441
19.0371 35.2000 89.9367
25.5477 0.0000 83.8441
34.3092 0.0000 93.0937
34.3092 35.2000 93.0937
25.5477 35.2000 83.8441
34.3092 0.0000 93.0937
26.3956 0.0000 100.5155
26.3956 35.2000 100.5155
34.3092 35.2000 93.0937
26.3956 0.0000 100.5155
26.9305 0.0000 101.0804
26.9305 35.2000 101.0804
26.3956 35.2000 100.5155
26.9305 0.0000 101.0804
25.0329 0.0000 102.8639
25.0329 35.2000 102.8639
26.9305 35.2000 101.0804
25.0329 0.0000 102.8639
31.8866 0.0000 110.0974
31.8866 35.2000 110.0974
25.0329 35.2000 102.8639
31.8866 0.0000 110.0974
35.1066 0.0000 107.0843
35.1066 35.2000 107.0843
31.8866 35.2000 110.0974
35.1066 0.0000 107.0843
41.7080 0.0000 100.8921
41.7080 35.2000 100.8921
35.1066 35.2000 107.0843
41.7080 0.0000 100.8921
50.9237 0.0000 110.6180
50.9237 35.2000 110.6180
41.7080 35.2000 100.8921
50.9237 0.0000 110.6180
50.1061 0.0000 111.3934
50.1061 35.2000 111.3934
50.9237 35.2000 110.6180
50.1061 0.0000 111.3934
44.5040 0.0000 116.6330
44.5040 35.2000 116.6330
50.1061 35.2000 111.3934
44.5040 0.0000 116.6330
44.3324 0.0000 116.7991
44.3324 35.2000 116.7991
44.5040 35.2000 116.6330
44.3324 0.0000 116.7991
43.4643 0.0000 115.8908
43.4643 35.2000 115.8908
44.3324 35.2000 116.7991
43.4643 0.0000 115.8908
41.9906 0.0000 117.2644
41.9906 35.2000 117.2644
43.4643 35.2000 115.8908
41.9906 0.0000 117.2644
42.8688 0.0000 118.1949
42.8688 35.2000 118.1949
41.9906 35.2000 117.2644
42.8688 0.0000 118.1949
36.3381 0.0000 124.3206
36.3381 35.2000 124.3206
42.8688 35.2000 118.1949
36.3381 0.0000 124.3206
26.8801 0.0000 114.3510
26.8801 35.2000 114.3510
36.3381 35.2000 124.3206
26.8801 0.0000 114.3510
18.6838 0.0000 105.6997
18.6838 35.2000 105.6997
26.8801 35.2000 114.3510
18.6838 0.0000 105.6997
10.9620 0.0000 97.5468
10.9620 35.2000 97.5468
18.6838 35.2000 105.6997
10.9620 35.2000 97.5468
17.6340 35.2000 91.2881
18.5425 35.2000 92.2407
19.9657 35.2000 90.9115
19.0371 35.2000 89.9367
25.5477 35.2000 83.8441
34.3092 35.2000 93.0937
26.3956 35.2000 100.5155
26.9305 35.2000 101.0804
25.0329 35.2000 102.8639
31.8866 35.2000 110.0974
35.1066 35.2000 107.0843
41.7080 35.2000 100.8921
50.9237 35.2000 110.6180
50.1061 35.2000 111.3934
44.5040 35.2000 116.6330
44.3324 35.2000 116.7991
43.4643 35.2000 115.8908
41.9906 35.2000 117.2644
42.8688 35.2000 118.1949
36.3381 35.2000 124.3206
26.8801 35.2000 114.3510
18.6838 35.2000 105.6997
34.3092 0.0000 93.0937
34.9855 0.0000 93.8026
34.9855 38.4000 93.8026
34.3092 38.4000 93.0937
34.9855 0.0000 93.8026
28.3841 0.0000 99.9949
28.3841 38.4000 99.9949
34.9855 38.4000 93.8026
28.3841 0.0000 99.9949
35.1066 0.0000 107.0843
35.1066 38.4000 107.0843
28.3841 38.4000 99.9949
35.1066 0.0000 107.0843
31.8866 0.0000 110.0974
31.8866 38.4000 110.0974
35.1066 38.4000 107.0843
31.8866 0.0000 110.0974
25.0329 0.0000 102.8639
25.0329 38.4000 102.8639
31.8866 38.4000 110.0974
25.0329 0.0000 102.8639
26.9305 0.0000 101.0804
26.9305 38.4000 101.0804
25.0329 38.4000 102.8639
26.9305 0.0000 101.0804
26.3956 0.0000 100.5155
26.3956 38.4000 100.5155
26.9305 38.4000 101.0804
26.3956 0.0000 100.5155
34.3092 0.0000 93.0937
34.3092 38.4000 93.0937
26.3956 38.4000 100.5155
34.3092 38.4000 93.0937
34.9855 38.4000 93.8026
28.3841 38.4000 99.9949
35.1066 38.4000 107.0843
31.8866 38.4000 110.0974
25.0329 38.4000 102.8639
26.9305 38.4000 101.0804
26.3956 38.4000 100.5155
34.9855 0.0000 93.8026
35.3589 0.0000 94.2014
35.3589 41.6000 94.2014
34.9855 41.6000 93.8026
35.3589 0.0000 94.2014
40.9409 0.0000 100.0835
40.9409 41.6000 100.0835
35.3589 41.6000 94.2014
40.9409 0.0000 100.0835
41.7080 0.0000 100.8921
41.7080 41.6000 100.8921
40.9409 41.6000 100.0835
41.7080 0.0000 100.8921
35.1066 0.0000 107.0843
35.1066 41.6000 107.0843
41.7080 41.6000 100.8921
35.1066 0.0000 107.0843
28.3841 0.0000 99.9949
28.3841 41.6000 99.9949
35.1066 41.6000 107.0843
28.3841 0.0000 99.9949
34.9855 0.0000 93.8026
34.9855 41.6000 93.8026
28.3841 41.6000 99.9949
34.9855 41.6000 93.8026
35.3589 41.6000 94.2014
40.9409 41.6000 100.0835
41.7080 41.6000 100.8921
35.1066 41.6000 107.0843
28.3841 41.6000 99.9949
35.3589 0.0000 94.2014
36.6611 0.0000 92.9829
36.6611 3.2000 92.9829
35.3589 3.2000 94.2014
36.6611 0.0000 92.9829
42.2329 0.0000 98.8650
42.2329 3.2000 98.8650
36.6611 3.2000 92.9829
42.2329 0.0000 98.8650
40.9409 0.0000 100.0835
40.9409 3.2000 100.0835
42.2329 3.2000 98.8650
40.9409 0.0000 100.0835
35.3589 0.0000 94.2014
35.3589 3.2000 94.2014
40.9409 3.2000 100.0835
35.3589 3.2000 94.2014
36.6611 3.2000 92.9829
42.2329 3.2000 98.8650
40.9409 3.2000 100.0835
44.5040 0.0000 116.6330
50.1061 0.0000 111.3934
50.1061 3.2000 111.3934
44.5040 3.2000 116.6330
50.1061 0.0000 111.3934
51.2871 0.0000 112.6451
51.2871 3.2000 112.6451
50.1061 3.2000 111.3934
51.2871 0.0000 112.6451
45.6951 0.0000 117.8847
45.6951 3.2000 117.8847
51.2871 3.2000 112.6451
45.6951 0.0000 117.8847
44.5040 0.0000 116.6330
44.5040 3.2000 116.6330
45.6951 3.2000 117.8847
44.5040 3.2000 116.6330
50.1061 3.2000 111.3934
51.2871 3.2000 112.6451
45.6951 3.2000 117.8847
18.6838 0.0000 105.6997
26.8801 0.0000 114.3510
26.8801 3.2000 114.3510
18.6838 3.2000 105.6997
26.8801 0.0000 114.3510
20.3493 0.0000 120.4657
20.3493 3.2000 120.4657
26.8801 3.2000 114.3510
20.3493 0.0000 120.4657
12.1531 0.0000 111.8143
12.1531 3.2000 111.8143
20.3493 3.2000 120.4657
12.1531 0.0000 111.8143
18.6838 0.0000 105.6997
18.6838 3.2000 105.6997
12.1531 3.2000 111.8143
18.6838 3.2000 105.6997
26.8801 3.2000 114.3510
20.3493 3.2000 120.4657
12.1531 3.2000 111.8143
100.3637 0.0000 81.1302
83.5371 0.0000 63.4176
83.5371 16.0000 63.4176
100.3637 16.0000 81.1302
83.5371 0.0000 63.4176
66.9125 0.0000 79.0255
66.9125 16.0000 79.0255
83.5371 16.0000 63.4176
66.9125 0.0000 79.0255
66.0343 0.0000 78.1061
66.0343 16.0000 78.1061
66.9125 16.0000 79.0255
66.0343 0.0000 78.1061
66.2968 0.0000 77.8513
66.2968 16.0000 77.8513
66.0343 16.0000 78.1061
66.2968 0.0000 77.8513
62.3601 0.0000 73.7084
62.3601 16.0000 73.7084
66.2968 16.0000 77.8513
62.3601 0.0000 73.7084
57.0911 0.0000 68.1697
57.0911 16.0000 68.1697
62.3601 16.0000 73.7084
57.0911 0.0000 68.1697
52.8618 0.0000 72.1354
52.8618 16.0000 72.1354
57.0911 16.0000 68.1697
52.8618 0.0000 72.1354
58.1308 0.0000 77.6852
58.1308 16.0000 77.6852
52.8618 16.0000 72.1354
58.1308 0.0000 77.6852
62.0674 0.0000 81.8281
62.0674 16.0000 81.8281
58.1308 16.0000 77.6852
62.0674 0.0000 81.8281
62.4207 0.0000 81.4958
62.4207 16.0000 81.4958
62.0674 16.0000 81.8281
62.4207 0.0000 81.4958
63.3695 0.0000 82.4927
63.3695 16.0000 82.4927
62.4207 16.0000 81.4958
63.3695 0.0000 82.4927
46.8761 0.0000 97.9899
46.8761 16.0000 97.9899
63.3695 16.0000 82.4927
46.8761 0.0000 97.9899
44.7261 0.0000 95.7301
44.7261 16.0000 95.7301
46.8761 16.0000 97.9899
44.7261 0.0000 95.7301
42.9092 0.0000 97.4360
42.9092 16.0000 97.4360
44.7261 16.0000 95.7301
42.9092 0.0000 97.4360
38.3366 0.0000 92.6284
38.3366 16.0000 92.6284
42.9092 16.0000 97.4360
38.3366 0.0000 92.6284
40.2242 0.0000 90.8561
40.2242 16.0000 90.8561
38.3366 16.0000 92.6284
40.2242 0.0000 90.8561
35.8435 0.0000 86.2479
35.8435 16.0000 86.2479
40.2242 16.0000 90.8561
35.8435 0.0000 86.2479
51.9533 0.0000 71.1163
51.9533 16.0000 71.1163
35.8435 16.0000 86.2479
51.9533 0.0000 71.1163
56.1827 0.0000 67.1506
56.1827 16.0000 67.1506
51.9533 16.0000 71.1163
56.1827 0.0000 67.1506
72.3228 0.0000 51.9969
72.3228 16.0000 51.9969
56.1827 16.0000 67.1506
72.3228 0.0000 51.9969
76.8348 0.0000 56.7380
76.8348 16.0000 56.7380
72.3228 16.0000 51.9969
76.8348 0.0000 56.7380
78.1470 0.0000 55.5084
78.1470 16.0000 55.5084
76.8348 16.0000 56.7380
78.1470 0.0000 55.5084
73.6350 0.0000 50.7562
73.6350 16.0000 50.7562
78.1470 16.0000 55.5084
73.6350 0.0000 50.7562
72.6559 0.0000 51.6756
72.6559 16.0000 51.6756
73.6350 16.0000 50.7562
72.6559 0.0000 51.6756
66.4986 0.0000 45.1954
66.4986 16.0000 45.1954
72.6559 16.0000 51.6756
66.4986 0.0000 45.1954
78.1672 0.0000 34.2289
78.1672 16.0000 34.2289
66.4986 16.0000 45.1954
78.1672 0.0000 34.2289
112.1635 0.0000 70.0307
112.1635 16.0000 70.0307
78.1672 16.0000 34.2289
112.1635 0.0000 70.0307
107.4193 0.0000 74.4838
107.4193 16.0000 74.4838
112.1635 16.0000 70.0307
107.4193 0.0000 74.4838
103.2808 0.0000 70.1304
103.2808 16.0000 70.1304
107.4193 16.0000 74.4838
103.2808 0.0000 70.1304
100.9188 0.0000 72.3459
100.9188 16.0000 72.3459
103.2808 16.0000 70.1304
100.9188 0.0000 72.3459
105.0674 0.0000 76.7104
105.0674 16.0000 76.7104
100.9188 16.0000 72.3459
105.0674 0.0000 76.7104
100.3637 0.0000 81.1302
100.3637 16.0000 81.1302
105.0674 16.0000 76.7104
100.3637 16.0000 81.1302
83.5371 16.0000 63.4176
66.9125 16.0000 79.0255
66.0343 16.0000 78.1061
66.2968 16.0000 77.8513
62.3601 16.0000 73.7084
57.0911 16.0000 68.1697
52.8618 16.0000 72.1354
58.1308 16.0000 77.6852
62.0674 16.0000 81.8281
62.4207 16.0000 81.4958
63.3695 16.0000 82.4927
46.8761 16.0000 97.9899
44.7261 16.0000 95.7301
42.9092 16.0000 97.4360
38.3366 16.0000 92.6284
40.2242 16.0000 90.8561
35.8435 16.0000 86.2479
51.9533 16.0000 71.1163
56.1827 16.0000 67.1506
72.3228 16.0000 51.9969
76.8348 16.0000 56.7380
78.1470 16.0000 55.5084
73.6350 16.0000 50.7562
72.6559 16.0000 51.6756
66.4986 16.0000 45.1954
78.1672 16.0000 34.2289
112.1635 16.0000 70.0307
107.4193 16.0000 74.4838
103.2808 16.0000 70.1304
100.9188 16.0000 72.3459
105.0674 16.0000 76.7104
105.0674 0.0000 76.7104
100.9188 0.0000 72.3459
100.9188 19.2000 72.3459
105.0674 19.2000 76.7104
100.9188 0.0000 72.3459
103.2808 0.0000 70.1304
103.2808 19.2000 70.1304
100.9188 19.2000 72.3459
103.2808 0.0000 70.1304
107.4193 0.0000 74.4838
107.4193 19.2000 74.4838
103.2808 19.2000 70.1304
107.4193 0.0000 74.4838
105.0674 0.0000 76.7104
105.0674 19.2000 76.7104
107.4193 19.2000 74.4838
105.0674 19.2000 76.7104
100.9188 19.2000 72.3459
103.2808 19.2000 70.1304
107.4193 19.2000 74.4838
58.1308 0.0000 77.6852
62.3601 0.0000 73.7084
62.3601 22.4000 73.7084
58.1308 22.4000 77.6852
62.3601 0.0000 73.7084
66.2968 0.0000 77.8513
66.2968 22.4000 77.8513
62.3601 22.4000 73.7084
66.2968 0.0000 77.8513
66.0343 0.0000 78.1061
66.0343 22.4000 78.1061
66.2968 22.4000 77.8513
66.0343 0.0000 78.1061
62.4207 0.0000 81.4958
62.4207 22.4000 81.4958
66.0343 22.4000 78.1061
62.4207 0.0000 81.4958
62.0674 0.0000 81.8281
62.0674 22.4000 81.8281
62.4207 22.4000 81.4958
62.0674 0.0000 81.8281
58.1308 0.0000 77.6852
58.1308 22.4000 77.6852
62.0674 22.4000 81.8281
58.1308 22.4000 77.6852
62.3601 22.4000 73.7084
66.2968 22.4000 77.8513
66.0343 22.4000 78.1061
62.4207 22.4000 81.4958
62.0674 22.4000 81.8281
52.8618 0.0000 72.1354
57.0911 0.0000 68.1697
57.0911 19.2000 68.1697
52.8618 19.2000 72.1354
57.0911 0.0000 68.1697
62.3601 0.0000 73.7084
62.3601 19.2000 73.7084
57.0911 19.2000 68.1697
62.3601 0.0000 73.7084
58.1308 0.0000 77.6852
58.1308 19.2000 77.6852
62.3601 19.2000 73.7084
58.1308 0.0000 77.6852
52.8618 0.0000 72.1354
52.8618 19.2000 72.1354
58.1308 19.2000 77.6852
52.8618 19.2000 72.1354
57.0911 19.2000 68.1697
62.3601 19.2000 73.7084
58.1308 19.2000 77.6852
51.9533 0.0000 71.1163
48.8343 0.0000 67.8264
48.8343 3.2000 67.8264
51.9533 3.2000 71.1163
48.8343 0.0000 67.8264
53.0536 0.0000 63.8607
53.0536 3.2000 63.8607
48.8343 3.2000 67.8264
53.0536 0.0000 63.8607
56.1827 0.0000 67.1506
56.1827 3.2000 67.1506
53.0536 3.2000 63.8607
56.1827 0.0000 67.1506
51.9533 0.0000 71.1163
51.9533 3.2000 71.1163
56.1827 3.2000 67.1506
51.9533 3.2000 71.1163
48.8343 3.2000 67.8264
53.0536 3.2000 63.8607
56.1827 3.2000 67.1506
-25.9514 0.0000 130.6790
-13.8186 0.0000 119.2915
-13.8186 48.0000 119.2915
-25.9514 48.0000 130.6790
-13.8186 0.0000 119.2915
-9.8516 0.0000 123.4234
-9.8516 48.0000 123.4234
-13.8186 48.0000 119.2915
-9.8516 0.0000 123.4234
-7.0153 0.0000 120.7205
-7.0153 48.0000 120.7205
-9.8516 48.0000 123.4234
-7.0153 0.0000 120.7205
-10.9822 0.0000 116.5887
-10.9822 48.0000 116.5887
-7.0153 48.0000 120.7205
-10.9822 0.0000 116.5887
1.0800 0.0000 105.2677
1.0800 48.0000 105.2677
-10.9822 48.0000 116.5887
1.0800 0.0000 105.2677
9.0643 0.0000 113.6753
9.0643 48.0000 113.6753
1.0800 48.0000 105.2677
9.0643 0.0000 113.6753
7.9742 0.0000 114.7055
7.9742 48.0000 114.7055
9.0643 48.0000 113.6753
7.9742 0.0000 114.7055
9.1047 0.0000 115.9019
9.1047 48.0000 115.9019
7.9742 48.0000 114.7055
9.1047 0.0000 115.9019
10.1646 0.0000 114.9049
10.1646 48.0000 114.9049
9.1047 48.0000 115.9019
10.1646 0.0000 114.9049
15.8071 0.0000 120.8313
15.8071 48.0000 120.8313
10.1646 48.0000 114.9049
15.8071 0.0000 120.8313
6.8235 0.0000 129.2722
6.8235 48.0000 129.2722
15.8071 48.0000 120.8313
6.8235 0.0000 129.2722
8.2972 0.0000 130.8230
8.2972 48.0000 130.8230
6.8235 48.0000 129.2722
8.2972 0.0000 130.8230
9.7305 0.0000 129.4716
9.7305 48.0000 129.4716
8.2972 48.0000 130.8230
9.7305 0.0000 129.4716
14.8582 0.0000 134.8662
14.8582 48.0000 134.8662
9.7305 48.0000 129.4716
14.8582 0.0000 134.8662
2.8364 0.0000 146.1651
2.8364 48.0000 146.1651
14.8582 48.0000 134.8662
2.8364 0.0000 146.1651
-2.2812 0.0000 140.7815
-2.2812 48.0000 140.7815
2.8364 48.0000 146.1651
-2.2812 0.0000 140.7815
-0.8176 0.0000 139.4079
-0.8176 48.0000 139.4079
-2.2812 48.0000 140.7815
-0.8176 0.0000 139.4079
-2.3014 0.0000 137.8460
-2.3014 48.0000 137.8460
-0.8176 48.0000 139.4079
-2.3014 0.0000 137.8460
-11.2749 0.0000 146.2758
-11.2749 48.0000 146.2758
-2.3014 48.0000 137.8460
-11.2749 0.0000 146.2758
-16.8972 0.0000 140.3606
-16.8972 48.0000 140.3606
-11.2749 48.0000 146.2758
-16.8972 0.0000 140.3606
-15.8373 0.0000 139.3747
-15.8373 48.0000 139.3747
-16.8972 48.0000 140.3606
-15.8373 0.0000 139.3747
-16.9779 0.0000 138.1673
-16.9779 48.0000 138.1673
-15.8373 48.0000 139.3747
-16.9779 0.0000 138.1673
-17.9571 0.0000 139.0867
-17.9571 48.0000 139.0867
-16.9779 48.0000 138.1673
-17.9571 0.0000 139.0867
-25.9514 0.0000 130.6790
-25.9514 48.0000 130.6790
-17.9571 48.0000 139.0867
-25.9514 48.0000 130.6790
-13.8186 48.0000 119.2915
-9.8516 48.0000 123.4234
-7.0153 48.0000 120.7205
-10.9822 48.0000 116.5887
1.0800 48.0000 105.2677
9.0643 48.0000 113.6753
7.9742 48.0000 114.7055
9.1047 48.0000 115.9019
10.1646 48.0000 114.9049
15.8071 48.0000 120.8313
6.8235 48.0000 129.2722
8.2972 48.0000 130.8230
9.7305 48.0000 129.4716
14.8582 48.0000 134.8662
2.8364 48.0000 146.1651
-2.2812 48.0000 140.7815
-0.8176 48.0000 139.4079
-2.3014 48.0000 137.8460
-11.2749 48.0000 146.2758
-16.8972 48.0000 140.3606
-15.8373 48.0000 139.3747
-16.9779 48.0000 138.1673
-17.9571 48.0000 139.0867
-6.6115 48.0000 130.8562
0.1413 48.0000 124.5311
0.1413 51.2000 124.5311
-6.6115 51.2000 130.8562
0.1413 48.0000 124.5311
6.0563 48.0000 130.7898
6.0563 51.2000 130.7898
0.1413 51.2000 124.5311
6.0563 48.0000 130.7898
-0.6965 48.0000 137.1038
-0.6965 51.2000 137.1038
6.0563 51.2000 130.7898
-0.6965 48.0000 137.1038
-6.6115 48.0000 130.8562
-6.6115 51.2000 130.8562
-0.6965 51.2000 137.1038
-6.6115 51.2000 130.8562
0.1413 51.2000 124.5311
6.0563 51.2000 130.7898
-0.6965 51.2000 137.1038
-13.8186 0.0000 119.2915
-10.9822 0.0000 116.5887
-10.9822 6.4000 116.5887
-13.8186 6.4000 119.2915
-10.9822 0.0000 116.5887
-7.0153 0.0000 120.7205
-7.0153 6.4000 120.7205
-10.9822 6.4000 116.5887
-7.0153 0.0000 120.7205
-9.8516 0.0000 123.4234
-9.8516 6.4000 123.4234
-7.0153 6.4000 120.7205
-9.8516 0.0000 123.4234
-13.8186 0.0000 119.2915
-13.8186 6.4000 119.2915
-9.8516 6.4000 123.4234
-13.8186 6.4000 119.2915
-10.9822 6.4000 116.5887
-7.0153 6.4000 120.7205
-9.8516 6.4000 123.4234
98.4055 0.0000 -18.5988
102.3219 0.0000 -22.2543
102.3219 3.2000 -22.2543
98.4055 3.2000 -18.5988
102.3219 0.0000 -22.2543
107.3991 0.0000 -16.8818
107.3991 3.2000 -16.8818
102.3219 3.2000 -22.2543
107.3991 0.0000 -16.8818
104.9160 0.0000 -14.5556
104.9160 3.2000 -14.5556
107.3991 3.2000 -16.8818
104.9160 0.0000 -14.5556
104.0278 0.0000 -13.7248
104.0278 3.2000 -13.7248
104.9160 3.2000 -14.5556
104.0278 0.0000 -13.7248
99.2029 0.0000 -18.8203
99.2029 3.2000 -18.8203
104.0278 3.2000 -13.7248
99.2029 0.0000 -18.8203
98.6679 0.0000 -18.3219
98.6679 3.2000 -18.3219
99.2029 3.2000 -18.8203
98.6679 0.0000 -18.3219
98.4055 0.0000 -18.5988
98.4055 3.2000 -18.5988
98.6679 3.2000 -18.3219
98.4055 3.2000 -18.5988
102.3219 3.2000 -22.2543
107.3991 3.2000 -16.8818
104.9160 3.2000 -14.5556
104.0278 3.2000 -13.7248
99.2029 3.2000 -18.8203
98.6679 3.2000 -18.3219
83.2141 0.0000 8.3191
87.3324 0.0000 4.4642
87.3324 28.8000 4.4642
83.2141 28.8000 8.3191
87.3324 0.0000 4.4642
87.9684 0.0000 5.1288
87.9684 28.8000 5.1288
87.3324 28.8000 4.4642
87.9684 0.0000 5.1288
91.2691 0.0000 2.0493
91.2691 28.8000 2.0493
87.9684 28.8000 5.1288
91.2691 0.0000 2.0493
96.6390 0.0000 7.7320
96.6390 28.8000 7.7320
91.2691 28.8000 2.0493
96.6390 0.0000 7.7320
88.9576 0.0000 14.9101
88.9576 28.8000 14.9101
96.6390 28.8000 7.7320
88.9576 0.0000 14.9101
83.8400 0.0000 9.5043
83.8400 28.8000 9.5043
88.9576 28.8000 14.9101
83.8400 0.0000 9.5043
83.6381 0.0000 9.2828
83.6381 28.8000 9.2828
83.8400 28.8000 9.5043
83.6381 0.0000 9.2828
83.9005 0.0000 9.0391
83.9005 28.8000 9.0391
83.6381 28.8000 9.2828
83.9005 0.0000 9.0391
83.2141 0.0000 8.3191
83.2141 28.8000 8.3191
83.9005 28.8000 9.0391
83.2141 28.8000 8.3191
87.3324 28.8000 4.4642
87.9684 28.8000 5.1288
91.2691 28.8000 2.0493
96.6390 28.8000 7.7320
88.9576 28.8000 14.9101
83.8400 28.8000 9.5043
83.6381 28.8000 9.2828
83.9005 28.8000 9.0391
72.6559 0.0000 -7.9646
75.3611 0.0000 -5.1066
75.3611 25.6000 -5.1066
72.6559 25.6000 -7.9646
75.3611 0.0000 -5.1066
80.3374 0.0000 -9.7702
80.3374 25.6000 -9.7702
75.3611 25.6000 -5.1066
80.3374 0.0000 -9.7702
84.3850 0.0000 -5.4943
84.3850 25.6000 -5.4943
80.3374 25.6000 -9.7702
84.3850 0.0000 -5.4943
98.4055 0.0000 -18.5988
98.4055 25.6000 -18.5988
84.3850 25.6000 -5.4943
98.4055 0.0000 -18.5988
98.6679 0.0000 -18.3219
98.6679 25.6000 -18.3219
98.4055 25.6000 -18.5988
98.6679 0.0000 -18.3219
99.2029 0.0000 -18.8203
99.2029 25.6000 -18.8203
98.6679 25.6000 -18.3219
99.2029 0.0000 -18.8203
104.0278 0.0000 -13.7248
104.0278 25.6000 -13.7248
99.2029 25.6000 -18.8203
104.0278 0.0000 -13.7248
104.9160 0.0000 -14.5556
104.9160 25.6000 -14.5556
104.0278 25.6000 -13.7248
104.9160 0.0000 -14.5556
107.1064 0.0000 -12.2404
107.1064 25.6000 -12.2404
104.9160 25.6000 -14.5556
107.1064 0.0000 -12.2404
106.1475 0.0000 -11.3432
106.1475 25.6000 -11.3432
107.1064 25.6000 -12.2404
106.1475 0.0000 -11.3432
111.0430 0.0000 -6.1701
111.0430 25.6000 -6.1701
106.1475 25.6000 -11.3432
111.0430 0.0000 -6.1701
110.5383 0.0000 -5.7048
110.5383 25.6000 -5.7048
111.0430 25.6000 -6.1701
110.5383 0.0000 -5.7048
110.7604 0.0000 -5.4722
110.7604 25.6000 -5.4722
110.5383 25.6000 -5.7048
110.7604 0.0000 -5.4722
96.6390 0.0000 7.7320
96.6390 25.6000 7.7320
110.7604 25.6000 -5.4722
96.6390 0.0000 7.7320
91.2691 0.0000 2.0493
91.2691 25.6000 2.0493
96.6390 25.6000 7.7320
91.2691 0.0000 2.0493
87.9684 0.0000 5.1288
87.9684 25.6000 5.1288
91.2691 25.6000 2.0493
87.9684 0.0000 5.1288
87.3324 0.0000 4.4642
87.3324 25.6000 4.4642
87.9684 25.6000 5.1288
87.3324 0.0000 4.4642
83.2141 0.0000 8.3191
83.2141 25.6000 8.3191
87.3324 25.6000 4.4642
83.2141 0.0000 8.3191
83.9005 0.0000 9.0391
83.9005 25.6000 9.0391
83.2141 25.6000 8.3191
83.9005 0.0000 9.0391
83.6381 0.0000 9.2828
83.6381 25.6000 9.2828
83.9005 25.6000 9.0391
83.6381 0.0000 9.2828
81.4982 0.0000 7.0119
81.4982 25.6000 7.0119
83.6381 25.6000 9.2828
81.4982 0.0000 7.0119
81.3670 0.0000 7.1338
81.3670 25.6000 7.1338
81.4982 25.6000 7.0119
81.3670 0.0000 7.1338
75.5831 0.0000 1.0191
75.5831 25.6000 1.0191
81.3670 25.6000 7.1338
75.5831 0.0000 1.0191
72.3834 0.0000 -2.3595
72.3834 25.6000 -2.3595
75.5831 25.6000 1.0191
72.3834 0.0000 -2.3595
72.5752 0.0000 -2.5367
72.5752 25.6000 -2.5367
72.3834 25.6000 -2.3595
72.5752 0.0000 -2.5367
69.8902 0.0000 -5.3836
69.8902 25.6000 -5.3836
72.5752 25.6000 -2.5367
69.8902 0.0000 -5.3836
72.6559 0.0000 -7.9646
72.6559 25.6000 -7.9646
69.8902 25.6000 -5.3836
72.6559 25.6000 -7.9646
75.3611 25.6000 -5.1066
80.3374 25.6000 -9.7702
84.3850 25.6000 -5.4943
98.4055 25.6000 -18.5988
98.6679 25.6000 -18.3219
99.2029 25.6000 -18.8203
104.0278 25.6000 -13.7248
104.9160 25.6000 -14.5556
107.1064 25.6000 -12.2404
106.1475 25.6000 -11.3432
111.0430 25.6000 -6.1701
110.5383 25.6000 -5.7048
110.7604 25.6000 -5.4722
96.6390 25.6000 7.7320
91.2691 25.6000 2.0493
87.9684 25.6000 5.1288
87.3324 25.6000 4.4642
83.2141 25.6000 8.3191
83.9005 25.6000 9.0391
83.6381 25.6000 9.2828
81.4982 25.6000 7.0119
81.3670 25.6000 7.1338
75.5831 25.6000 1.0191
72.3834 25.6000 -2.3595
72.5752 25.6000 -2.5367
69.8902 25.6000 -5.3836
72.6559 0.0000 -7.9646
74.9876 0.0000 -10.1468
74.9876 28.8000 -10.1468
72.6559 28.8000 -7.9646
74.9876 0.0000 -10.1468
77.6423 0.0000 -12.6281
77.6423 28.8000 -12.6281
74.9876 28.8000 -10.1468
77.6423 0.0000 -12.6281
80.3374 0.0000 -9.7702
80.3374 28.8000 -9.7702
77.6423 28.8000 -12.6281
80.3374 0.0000 -9.7702
75.3611 0.0000 -5.1066
75.3611 28.8000 -5.1066
80.3374 28.8000 -9.7702
75.3611 0.0000 -5.1066
72.6559 0.0000 -7.9646
72.6559 28.8000 -7.9646
75.3611 28.8000 -5.1066
72.6559 28.8000 -7.9646
74.9876 28.8000 -10.1468
77.6423 28.8000 -12.6281
80.3374 28.8000 -9.7702
75.3611 28.8000 -5.1066
87.8674 0.0000 -49.8147
91.8040 0.0000 -53.4923
91.8040 12.8000 -53.4923
87.8674 12.8000 -49.8147
91.8040 0.0000 -53.4923
98.2440 0.0000 -46.6909
98.2440 12.8000 -46.6909
91.8040 12.8000 -53.4923
98.2440 0.0000 -46.6909
97.9210 0.0000 -46.3807
97.9210 12.8000 -46.3807
98.2440 12.8000 -46.6909
97.9210 0.0000 -46.3807
95.0139 0.0000 -43.6667
95.0139 12.8000 -43.6667
97.9210 12.8000 -46.3807
95.0139 0.0000 -43.6667
91.6022 0.0000 -47.2669
91.6022 12.8000 -47.2669
95.0139 12.8000 -43.6667
91.6022 0.0000 -47.2669
90.8956 0.0000 -46.6133
90.8956 12.8000 -46.6133
91.6022 12.8000 -47.2669
90.8956 0.0000 -46.6133
87.8674 0.0000 -49.8147
87.8674 12.8000 -49.8147
90.8956 12.8000 -46.6133
87.8674 12.8000 -49.8147
91.8040 12.8000 -53.4923
98.2440 12.8000 -46.6909
97.9210 12.8000 -46.3807
95.0139 12.8000 -43.6667
91.6022 12.8000 -47.2669
90.8956 12.8000 -46.6133
91.8040 0.0000 -53.4923
97.3153 0.0000 -58.6543
97.3153 6.4000 -58.6543
91.8040 6.4000 -53.4923
97.3153 0.0000 -58.6543
107.3588 0.0000 -48.0312
107.3588 6.4000 -48.0312
97.3153 6.4000 -58.6543
107.3588 0.0000 -48.0312
101.5245 0.0000 -42.5701
101.5245 6.4000 -42.5701
107.3588 6.4000 -48.0312
101.5245 0.0000 -42.5701
97.9210 0.0000 -46.3807
97.9210 6.4000 -46.3807
101.5245 6.4000 -42.5701
97.9210 0.0000 -46.3807
98.2440 0.0000 -46.6909
98.2440 6.4000 -46.6909
97.9210 6.4000 -46.3807
98.2440 0.0000 -46.6909
91.8040 0.0000 -53.4923
91.8040 6.4000 -53.4923
98.2440 6.4000 -46.6909
91.8040 6.4000 -53.4923
97.3153 6.4000 -58.6543
107.3588 6.4000 -48.0312
101.5245 6.4000 -42.5701
97.9210 6.4000 -46.3807
98.2440 6.4000 -46.6909
87.8674 0.0000 -49.8147
87.3829 0.0000 -49.3605
87.3829 3.2000 -49.3605
87.8674 3.2000 -49.8147
87.3829 0.0000 -49.3605
82.7700 0.0000 -54.2123
82.7700 3.2000 -54.2123
87.3829 3.2000 -49.3605
82.7700 0.0000 -54.2123
86.9388 0.0000 -58.1116
86.9388 3.2000 -58.1116
82.7700 3.2000 -54.2123
86.9388 0.0000 -58.1116
84.9806 0.0000 -60.1830
84.9806 3.2000 -60.1830
86.9388 3.2000 -58.1116
84.9806 0.0000 -60.1830
90.7644 0.0000 -65.5887
90.7644 3.2000 -65.5887
84.9806 3.2000 -60.1830
90.7644 0.0000 -65.5887
97.3153 0.0000 -58.6543
97.3153 3.2000 -58.6543
90.7644 3.2000 -65.5887
97.3153 0.0000 -58.6543
91.8040 0.0000 -53.4923
91.8040 3.2000 -53.4923
97.3153 3.2000 -58.6543
91.8040 0.0000 -53.4923
87.8674 0.0000 -49.8147
87.8674 3.2000 -49.8147
91.8040 3.2000 -53.4923
87.8674 3.2000 -49.8147
87.3829 3.2000 -49.3605
82.7700 3.2000 -54.2123
86.9388 3.2000 -58.1116
84.9806 3.2000 -60.1830
90.7644 3.2000 -65.5887
97.3153 3.2000 -58.6543
91.8040 3.2000 -53.4923
78.5306 0.0000 -18.5656
92.5712 0.0000 -31.7254
92.5712 3.2000 -31.7254
78.5306 3.2000 -18.5656
92.5712 0.0000 -31.7254
95.4479 0.0000 -28.6791
95.4479 3.2000 -28.6791
92.5712 3.2000 -31.7254
95.4479 0.0000 -28.6791
97.6181 0.0000 -26.3861
97.6181 3.2000 -26.3861
95.4479 3.2000 -28.6791
97.6181 0.0000 -26.3861
94.7111 0.0000 -23.6722
94.7111 3.2000 -23.6722
97.6181 3.2000 -26.3861
94.7111 0.0000 -23.6722
95.5994 0.0000 -22.7306
95.5994 3.2000 -22.7306
94.7111 3.2000 -23.6722
95.5994 0.0000 -22.7306
86.9287 0.0000 -14.6220
86.9287 3.2000 -14.6220
95.5994 3.2000 -22.7306
86.9287 0.0000 -14.6220
83.9510 0.0000 -17.7791
83.9510 3.2000 -17.7791
86.9287 3.2000 -14.6220
83.9510 0.0000 -17.7791
81.4780 0.0000 -15.4528
81.4780 3.2000 -15.4528
83.9510 3.2000 -17.7791
81.4780 0.0000 -15.4528
78.5306 0.0000 -18.5656
78.5306 3.2000 -18.5656
81.4780 3.2000 -15.4528
78.5306 3.2000 -18.5656
92.5712 3.2000 -31.7254
95.4479 3.2000 -28.6791
97.6181 3.2000 -26.3861
94.7111 3.2000 -23.6722
95.5994 3.2000 -22.7306
86.9287 3.2000 -14.6220
83.9510 3.2000 -17.7791
81.4780 3.2000 -15.4528
56.0615 9.6000 -50.9778
61.5022 9.6000 -56.1398
61.5022 12.8000 -56.1398
56.0615 12.8000 -50.9778
61.5022 9.6000 -56.1398
67.0538 9.6000 -50.3464
67.0538 12.8000 -50.3464
61.5022 12.8000 -56.1398
67.0538 9.6000 -50.3464
61.6132 9.6000 -45.1843
61.6132 12.8000 -45.1843
67.0538 12.8000 -50.3464
61.6132 9.6000 -45.1843
56.0615 9.6000 -50.9778
56.0615 12.8000 -50.9778
61.6132 12.8000 -45.1843
56.0615 12.8000 -50.9778
61.5022 12.8000 -56.1398
67.0538 12.8000 -50.3464
61.6132 12.8000 -45.1843
48.7737 0.0000 -58.7430
45.4327 0.0000 -62.2766
45.4327 3.2000 -62.2766
48.7737 3.2000 -58.7430
45.4327 0.0000 -62.2766
50.9540 0.0000 -67.4497
50.9540 3.2000 -67.4497
45.4327 3.2000 -62.2766
50.9540 0.0000 -67.4497
54.2951 0.0000 -63.9271
54.2951 3.2000 -63.9271
50.9540 3.2000 -67.4497
54.2951 0.0000 -63.9271
48.7737 0.0000 -58.7430
48.7737 3.2000 -58.7430
54.2951 3.2000 -63.9271
48.7737 3.2000 -58.7430
45.4327 3.2000 -62.2766
50.9540 3.2000 -67.4497
54.2951 3.2000 -63.9271
58.7364 0.0000 -22.6420
61.2296 0.0000 -24.9793
61.2296 9.6000 -24.9793
58.7364 9.6000 -22.6420
61.2296 0.0000 -24.9793
57.7472 0.0000 -28.6459
57.7472 9.6000 -28.6459
61.2296 9.6000 -24.9793
57.7472 0.0000 -28.6459
38.4275 0.0000 -49.0725
38.4275 9.6000 -49.0725
57.7472 9.6000 -28.6459
38.4275 0.0000 -49.0725
48.7737 0.0000 -58.7430
48.7737 9.6000 -58.7430
38.4275 9.6000 -49.0725
48.7737 0.0000 -58.7430
54.2951 0.0000 -63.9271
54.2951 9.6000 -63.9271
48.7737 9.6000 -58.7430
54.2951 0.0000 -63.9271
64.5303 0.0000 -73.4979
64.5303 9.6000 -73.4979
54.2951 9.6000 -63.9271
64.5303 0.0000 -73.4979
82.7700 0.0000 -54.2123
82.7700 9.6000 -54.2123
64.5303 9.6000 -73.4979
82.7700 0.0000 -54.2123
87.3829 0.0000 -49.3605
87.3829 9.6000 -49.3605
82.7700 9.6000 -54.2123
87.3829 0.0000 -49.3605
87.8674 0.0000 -49.8147
87.8674 9.6000 -49.8147
87.3829 9.6000 -49.3605
87.8674 0.0000 -49.8147
90.8956 0.0000 -46.6133
90.8956 9.6000 -46.6133
87.8674 9.6000 -49.8147
90.8956 0.0000 -46.6133
91.6022 0.0000 -47.2669
91.6022 9.6000 -47.2669
90.8956 9.6000 -46.6133
91.6022 0.0000 -47.2669
95.0139 0.0000 -43.6667
95.0139 9.6000 -43.6667
91.6022 9.6000 -47.2669
95.0139 0.0000 -43.6667
93.7219 0.0000 -42.4593
93.7219 9.6000 -42.4593
95.0139 9.6000 -43.6667
93.7219 0.0000 -42.4593
98.5670 0.0000 -37.3305
98.5670 9.6000 -37.3305
93.7219 9.6000 -42.4593
98.5670 0.0000 -37.3305
92.5712 0.0000 -31.7254
92.5712 9.6000 -31.7254
98.5670 9.6000 -37.3305
92.5712 0.0000 -31.7254
78.5306 0.0000 -18.5656
78.5306 9.6000 -18.5656
92.5712 9.6000 -31.7254
78.5306 0.0000 -18.5656
72.4238 0.0000 -12.8497
72.4238 9.6000 -12.8497
78.5306 9.6000 -18.5656
72.4238 0.0000 -12.8497
64.3083 0.0000 -21.4235
64.3083 9.6000 -21.4235
72.4238 9.6000 -12.8497
64.3083 0.0000 -21.4235
61.9867 0.0000 -19.2413
61.9867 9.6000 -19.2413
64.3083 9.6000 -21.4235
61.9867 0.0000 -19.2413
61.7545 0.0000 -19.4628
61.7545 9.6000 -19.4628
61.9867 9.6000 -19.2413
61.7545 0.0000 -19.4628
58.7364 0.0000 -22.6420
58.7364 9.6000 -22.6420
61.7545 9.6000 -19.4628
58.7364 9.6000 -22.6420
61.2296 9.6000 -24.9793
57.7472 9.6000 -28.6459
38.4275 9.6000 -49.0725
48.7737 9.6000 -58.7430
54.2951 9.6000 -63.9271
64.5303 9.6000 -73.4979
82.7700 9.6000 -54.2123
87.3829 9.6000 -49.3605
87.8674 9.6000 -49.8147
90.8956 9.6000 -46.6133
91.6022 9.6000 -47.2669
95.0139 9.6000 -43.6667
93.7219 9.6000 -42.4593
98.5670 9.6000 -37.3305
92.5712 9.6000 -31.7254
78.5306 9.6000 -18.5656
72.4238 9.6000 -12.8497
64.3083 9.6000 -21.4235
61.9867 9.6000 -19.2413
61.7545 9.6000 -19.4628
58.7364 0.0000 -22.6420
57.1214 0.0000 -24.3147
57.1214 6.4000 -24.3147
58.7364 6.4000 -22.6420
57.1214 0.0000 -24.3147
56.7782 0.0000 -24.6802
56.7782 6.4000 -24.6802
57.1214 6.4000 -24.3147
56.7782 0.0000 -24.6802
56.9498 0.0000 -24.8464
56.9498 6.4000 -24.8464
56.7782 6.4000 -24.6802
56.9498 0.0000 -24.8464
55.4155 0.0000 -26.4748
55.4155 6.4000 -26.4748
56.9498 6.4000 -24.8464
55.4155 0.0000 -26.4748
57.7472 0.0000 -28.6459
57.7472 6.4000 -28.6459
55.4155 6.4000 -26.4748
57.7472 0.0000 -28.6459
61.2296 0.0000 -24.9793
61.2296 6.4000 -24.9793
57.7472 6.4000 -28.6459
61.2296 0.0000 -24.9793
58.7364 0.0000 -22.6420
58.7364 6.4000 -22.6420
61.2296 6.4000 -24.9793
58.7364 6.4000 -22.6420
57.1214 6.4000 -24.3147
56.7782 6.4000 -24.6802
56.9498 6.4000 -24.8464
55.4155 6.4000 -26.4748
57.7472 6.4000 -28.6459
61.2296 6.4000 -24.9793
57.1214 0.0000 -24.3147
58.7364 0.0000 -22.6420
58.7364 12.8000 -22.6420
57.1214 12.8000 -24.3147
58.7364 0.0000 -22.6420
61.7545 0.0000 -19.4628
61.7545 12.8000 -19.4628
58.7364 12.8000 -22.6420
61.7545 0.0000 -19.4628
59.6449 0.0000 -17.4911
59.6449 12.8000 -17.4911
61.7545 12.8000 -19.4628
59.6449 0.0000 -17.4911
55.0320 0.0000 -22.3651
55.0320 12.8000 -22.3651
59.6449 12.8000 -17.4911
55.0320 0.0000 -22.3651
57.1214 0.0000 -24.3147
57.1214 12.8000 -24.3147
55.0320 12.8000 -22.3651
57.1214 12.8000 -24.3147
58.7364 12.8000 -22.6420
61.7545 12.8000 -19.4628
59.6449 12.8000 -17.4911
55.0320 12.8000 -22.3651
61.9867 3.2000 -19.2413
64.3083 3.2000 -21.4235
64.3083 6.4000 -21.4235
61.9867 6.4000 -19.2413
64.3083 3.2000 -21.4235
72.4238 3.2000 -12.8497
72.4238 6.4000 -12.8497
64.3083 6.4000 -21.4235
72.4238 3.2000 -12.8497
74.9876 3.2000 -10.1468
74.9876 6.4000 -10.1468
72.4238 6.4000 -12.8497
74.9876 3.2000 -10.1468
72.6559 3.2000 -7.9646
72.6559 6.4000 -7.9646
74.9876 6.4000 -10.1468
72.6559 3.2000 -7.9646
61.9867 3.2000 -19.2413
61.9867 6.4000 -19.2413
72.6559 6.4000 -7.9646
61.9867 6.4000 -19.2413
64.3083 6.4000 -21.4235
72.4238 6.4000 -12.8497
74.9876 6.4000 -10.1468
72.6559 6.4000 -7.9646
123.0750 0.0000 -106.1871
126.5775 0.0000 -102.4872
126.5775 9.6000 -102.4872
123.0750 9.6000 -106.1871
126.5775 0.0000 -102.4872
144.9989 0.0000 -82.9247
144.9989 9.6000 -82.9247
126.5775 9.6000 -102.4872
144.9989 0.0000 -82.9247
149.4100 0.0000 -78.2723
149.4100 9.6000 -78.2723
144.9989 9.6000 -82.9247
149.4100 0.0000 -78.2723
111.9515 0.0000 -43.1904
111.9515 9.6000 -43.1904
149.4100 9.6000 -78.2723
111.9515 0.0000 -43.1904
107.3588 0.0000 -48.0312
107.3588 9.6000 -48.0312
111.9515 9.6000 -43.1904
107.3588 0.0000 -48.0312
97.3153 0.0000 -58.6543
97.3153 9.6000 -58.6543
107.3588 9.6000 -48.0312
97.3153 0.0000 -58.6543
90.7644 0.0000 -65.5887
90.7644 9.6000 -65.5887
97.3153 9.6000 -58.6543
90.7644 0.0000 -65.5887
85.5660 0.0000 -71.0609
85.5660 9.6000 -71.0609
90.7644 9.6000 -65.5887
85.5660 0.0000 -71.0609
123.0750 0.0000 -106.1871
123.0750 9.6000 -106.1871
85.5660 9.6000 -71.0609
123.0750 9.6000 -106.1871
126.5775 9.6000 -102.4872
144.9989 9.6000 -82.9247
149.4100 9.6000 -78.2723
111.9515 9.6000 -43.1904
107.3588 9.6000 -48.0312
97.3153 9.6000 -58.6543
90.7644 9.6000 -65.5887
85.5660 9.6000 -71.0609
126.5775 0.0000 -102.4872
132.5430 0.0000 -108.0702
132.5430 3.2000 -108.0702
126.5775 3.2000 -102.4872
132.5430 0.0000 -108.0702
141.0825 0.0000 -99.0422
141.0825 3.2000 -99.0422
132.5430 3.2000 -108.0702
141.0825 0.0000 -99.0422
142.5057 0.0000 -100.3715
142.5057 3.2000 -100.3715
141.0825 3.2000 -99.0422
142.5057 0.0000 -100.3715
145.1907 0.0000 -97.5468
145.1907 3.2000 -97.5468
142.5057 3.2000 -100.3715
145.1907 0.0000 -97.5468
143.7271 0.0000 -96.1732
143.7271 3.2000 -96.1732
145.1907 3.2000 -97.5468
143.7271 0.0000 -96.1732
150.9644 0.0000 -88.5188
150.9644 3.2000 -88.5188
143.7271 3.2000 -96.1732
150.9644 0.0000 -88.5188
144.9989 0.0000 -82.9247
144.9989 3.2000 -82.9247
150.9644 3.2000 -88.5188
144.9989 0.0000 -82.9247
126.5775 0.0000 -102.4872
126.5775 3.2000 -102.4872
144.9989 3.2000 -82.9247
126.5775 3.2000 -102.4872
132.5430 3.2000 -108.0702
141.0825 3.2000 -99.0422
142.5057 3.2000 -100.3715
145.1907 3.2000 -97.5468
143.7271 3.2000 -96.1732
150.9644 3.2000 -88.5188
144.9989 3.2000 -82.9247
-120.2789 0.0000 39.7343
-104.4921 0.0000 24.8907
-104.4921 12.8000 24.8907
-120.2789 12.8000 39.7343
-104.4921 0.0000 24.8907
-104.6738 0.0000 24.6913
-104.6738 12.8000 24.6913
-104.4921 12.8000 24.8907
-104.6738 0.0000 24.6913
-100.0508 0.0000 20.3490
-100.0508 12.8000 20.3490
-104.6738 12.8000 24.6913
-100.0508 0.0000 20.3490
-99.8287 0.0000 20.5816
-99.8287 12.8000 20.5816
-100.0508 12.8000 20.3490
-99.8287 0.0000 20.5816
-84.1327 0.0000 5.8267
-84.1327 12.8000 5.8267
-99.8287 12.8000 20.5816
-84.1327 0.0000 5.8267
-79.4087 0.0000 10.7893
-79.4087 12.8000 10.7893
-84.1327 12.8000 5.8267
-79.4087 0.0000 10.7893
-81.6496 0.0000 12.9051
-81.6496 12.8000 12.9051
-79.4087 12.8000 10.7893
-81.6496 0.0000 12.9051
-79.7519 0.0000 14.9101
-79.7519 12.8000 14.9101
-81.6496 12.8000 12.9051
-79.7519 0.0000 14.9101
-77.5515 0.0000 12.8386
-77.5515 12.8000 12.8386
-79.7519 12.8000 14.9101
-77.5515 0.0000 12.8386
-72.8376 0.0000 17.7902
-72.8376 12.8000 17.7902
-77.5515 12.8000 12.8386
-72.8376 0.0000 17.7902
-86.0001 0.0000 30.1635
-86.0001 12.8000 30.1635
-72.8376 12.8000 17.7902
-86.0001 0.0000 30.1635
-88.0592 0.0000 27.9924
-88.0592 12.8000 27.9924
-86.0001 12.8000 30.1635
-88.0592 0.0000 27.9924
-90.6029 0.0000 30.3851
-90.6029 12.8000 30.3851
-88.0592 12.8000 27.9924
-90.6029 0.0000 30.3851
-86.7167 0.0000 34.4837
-86.7167 12.8000 34.4837
-90.6029 12.8000 30.3851
-86.7167 0.0000 34.4837
-85.9597 0.0000 35.2812
-85.9597 12.8000 35.2812
-86.7167 12.8000 34.4837
-85.9597 0.0000 35.2812
-90.6332 0.0000 39.6678
-90.6332 12.8000 39.6678
-85.9597 12.8000 35.2812
-90.6332 0.0000 39.6678
-93.1970 0.0000 36.9871
-93.1970 12.8000 36.9871
-90.6332 12.8000 39.6678
-93.1970 0.0000 36.9871
-108.9031 0.0000 51.7532
-108.9031 12.8000 51.7532
-93.1970 12.8000 36.9871
-108.9031 0.0000 51.7532
-113.6473 0.0000 46.7573
-113.6473 12.8000 46.7573
-108.9031 12.8000 51.7532
-113.6473 0.0000 46.7573
-111.4064 0.0000 44.6526
-111.4064 12.8000 44.6526
-113.6473 12.8000 46.7573
-111.4064 0.0000 44.6526
-113.3041 0.0000 42.6476
-113.3041 12.8000 42.6476
-111.4064 12.8000 44.6526
-113.3041 0.0000 42.6476
-115.5247 0.0000 44.7412
-115.5247 12.8000 44.7412
-113.3041 12.8000 42.6476
-115.5247 0.0000 44.7412
-120.2789 0.0000 39.7343
-120.2789 12.8000 39.7343
-115.5247 12.8000 44.7412
-120.2789 12.8000 39.7343
-104.4921 12.8000 24.8907
-104.6738 12.8000 24.6913
-100.0508 12.8000 20.3490
-99.8287 12.8000 20.5816
-84.1327 12.8000 5.8267
-79.4087 12.8000 10.7893
-81.6496 12.8000 12.9051
-79.7519 12.8000 14.9101
-77.5515 12.8000 12.8386
-72.8376 12.8000 17.7902
-86.0001 12.8000 30.1635
-88.0592 12.8000 27.9924
-90.6029 12.8000 30.3851
-86.7167 12.8000 34.4837
-85.9597 12.8000 35.2812
-90.6332 12.8000 39.6678
-93.1970 12.8000 36.9871
-108.9031 12.8000 51.7532
-113.6473 12.8000 46.7573
-111.4064 12.8000 44.6526
-113.3041 12.8000 42.6476
-115.5247 12.8000 44.7412
-79.4087 0.0000 10.7893
-77.0569 0.0000 8.5849
-77.0569 16.0000 8.5849
-79.4087 16.0000 10.7893
-77.0569 0.0000 8.5849
-75.1592 0.0000 10.5788
-75.1592 16.0000 10.5788
-77.0569 16.0000 8.5849
-75.1592 0.0000 10.5788
-77.5515 0.0000 12.8386
-77.5515 16.0000 12.8386
-75.1592 16.0000 10.5788
-77.5515 0.0000 12.8386
-79.7519 0.0000 14.9101
-79.7519 16.0000 14.9101
-77.5515 16.0000 12.8386
-79.7519 0.0000 14.9101
-81.6496 0.0000 12.9051
-81.6496 16.0000 12.9051
-79.7519 16.0000 14.9101
-81.6496 0.0000 12.9051
-79.4087 0.0000 10.7893
-79.4087 16.0000 10.7893
-81.6496 16.0000 12.9051
-79.4087 16.0000 10.7893
-77.0569 16.0000 8.5849
-75.1592 16.0000 10.5788
-77.5515 16.0000 12.8386
-79.7519 16.0000 14.9101
-81.6496 16.0000 12.9051
-86.7167 0.0000 34.4837
-90.6029 0.0000 30.3851
-90.6029 16.0000 30.3851
-86.7167 16.0000 34.4837
-90.6029 0.0000 30.3851
-88.0592 0.0000 27.9924
-88.0592 16.0000 27.9924
-90.6029 16.0000 30.3851
-88.0592 0.0000 27.9924
-86.0001 0.0000 30.1635
-86.0001 16.0000 30.1635
-88.0592 16.0000 27.9924
-86.0001 0.0000 30.1635
-84.1630 0.0000 32.0799
-84.1630 16.0000 32.0799
-86.0001 16.0000 30.1635
-84.1630 0.0000 32.0799
-86.7167 0.0000 34.4837
-86.7167 16.0000 34.4837
-84.1630 16.0000 32.0799
-86.7167 16.0000 34.4837
-90.6029 16.0000 30.3851
-88.0592 16.0000 27.9924
-86.0001 16.0000 30.1635
-84.1630 16.0000 32.0799
-104.6738 0.0000 24.6913
-106.8440 0.0000 22.4205
-106.8440 3.2000 22.4205
-104.6738 3.2000 24.6913
-106.8440 0.0000 22.4205
-102.2311 0.0000 18.0671
-102.2311 3.2000 18.0671
-106.8440 3.2000 22.4205
-102.2311 0.0000 18.0671
-100.0508 0.0000 20.3490
-100.0508 3.2000 20.3490
-102.2311 3.2000 18.0671
-100.0508 0.0000 20.3490
-104.6738 0.0000 24.6913
-104.6738 3.2000 24.6913
-100.0508 3.2000 20.3490
-104.6738 3.2000 24.6913
-106.8440 3.2000 22.4205
-102.2311 3.2000 18.0671
-100.0508 3.2000 20.3490
-115.5247 0.0000 44.7412
-113.3041 0.0000 42.6476
-113.3041 16.0000 42.6476
-115.5247 16.0000 44.7412
-113.3041 0.0000 42.6476
-111.4064 0.0000 44.6526
-111.4064 16.0000 44.6526
-113.3041 16.0000 42.6476
-111.4064 0.0000 44.6526
-113.6473 0.0000 46.7573
-113.6473 16.0000 46.7573
-111.4064 16.0000 44.6526
-113.6473 0.0000 46.7573
-115.9083 0.0000 48.8509
-115.9083 16.0000 48.8509
-113.6473 16.0000 46.7573
-115.9083 0.0000 48.8509
-117.7958 0.0000 46.8349
-117.7958 16.0000 46.8349
-115.9083 16.0000 48.8509
-117.7958 0.0000 46.8349
-115.5247 0.0000 44.7412
-115.5247 16.0000 44.7412
-117.7958 16.0000 46.8349
-115.5247 16.0000 44.7412
-113.3041 16.0000 42.6476
-111.4064 16.0000 44.6526
-113.6473 16.0000 46.7573
-115.9083 16.0000 48.8509
-117.7958 16.0000 46.8349
-166.9532 0.0000 85.6830
-164.6114 0.0000 83.4897
-164.6114 41.6000 83.4897
-166.9532 41.6000 85.6830
-164.6114 0.0000 83.4897
-162.4715 0.0000 81.4958
-162.4715 41.6000 81.4958
-164.6114 41.6000 83.4897
-162.4715 0.0000 81.4958
-159.7663 0.0000 84.3648
-159.7663 41.6000 84.3648
-162.4715 41.6000 81.4958
-159.7663 0.0000 84.3648
-156.1123 0.0000 88.2308
-156.1123 41.6000 88.2308
-159.7663 41.6000 84.3648
-156.1123 0.0000 88.2308
-160.5940 0.0000 92.4180
-160.5940 41.6000 92.4180
-156.1123 41.6000 88.2308
-160.5940 0.0000 92.4180
-166.9532 0.0000 85.6830
-166.9532 41.6000 85.6830
-160.5940 41.6000 92.4180
-166.9532 41.6000 85.6830
-164.6114 41.6000 83.4897
-162.4715 41.6000 81.4958
-159.7663 41.6000 84.3648
-156.1123 41.6000 88.2308
-160.5940 41.6000 92.4180
-181.1553 0.0000 9.6705
-177.9555 0.0000 6.6796
-177.9555 3.2000 6.6796
-181.1553 3.2000 9.6705
-177.9555 0.0000 6.6796
-176.8250 0.0000 7.7873
-176.8250 3.2000 7.7873
-177.9555 3.2000 6.6796
-176.8250 0.0000 7.7873
-174.2309 0.0000 5.2950
-174.2309 3.2000 5.2950
-176.8250 3.2000 7.7873
-174.2309 0.0000 5.2950
-175.2907 0.0000 4.3423
-175.2907 3.2000 4.3423
-174.2309 3.2000 5.2950
-175.2907 0.0000 4.3423
-171.0311 0.0000 0.1551
-171.0311 3.2000 0.1551
-175.2907 3.2000 4.3423
-171.0311 0.0000 0.1551
-171.3339 0.0000 -0.2769
-171.3339 3.2000 -0.2769
-171.0311 3.2000 0.1551
-171.3339 0.0000 -0.2769
-170.9604 0.0000 -0.5982
-170.9604 3.2000 -0.5982
-171.3339 3.2000 -0.2769
-170.9604 0.0000 -0.5982
-161.2097 0.0000 13.3592
-161.2097 3.2000 13.3592
-170.9604 3.2000 -0.5982
-161.2097 0.0000 13.3592
-158.3733 0.0000 17.4135
-158.3733 3.2000 17.4135
-161.2097 3.2000 13.3592
-158.3733 0.0000 17.4135
-155.8902 0.0000 20.9693
-155.8902 3.2000 20.9693
-158.3733 3.2000 17.4135
-155.8902 0.0000 20.9693
-155.3351 0.0000 21.7558
-155.3351 3.2000 21.7558
-155.8902 3.2000 20.9693
-155.3351 0.0000 21.7558
-156.6978 0.0000 22.7417
-156.6978 3.2000 22.7417
-155.3351 3.2000 21.7558
-156.6978 0.0000 22.7417
-163.6323 0.0000 15.3864
-163.6323 3.2000 15.3864
-156.6978 3.2000 22.7417
-163.6323 0.0000 15.3864
-164.2581 0.0000 14.7328
-164.2581 3.2000 14.7328
-163.6323 3.2000 15.3864
-164.2581 0.0000 14.7328
-168.6086 0.0000 10.1136
-168.6086 3.2000 10.1136
-164.2581 3.2000 14.7328
-168.6086 0.0000 10.1136
-170.1025 0.0000 8.5184
-170.1025 3.2000 8.5184
-168.6086 3.2000 10.1136
-170.1025 0.0000 8.5184
-174.8668 0.0000 12.9604
-174.8668 3.2000 12.9604
-170.1025 3.2000 8.5184
-174.8668 0.0000 12.9604
-177.5719 0.0000 10.1025
-177.5719 3.2000 10.1025
-174.8668 3.2000 12.9604
-177.5719 0.0000 10.1025
-179.2576 0.0000 11.6755
-179.2576 3.2000 11.6755
-177.5719 3.2000 10.1025
-179.2576 0.0000 11.6755
-181.1553 0.0000 9.6705
-181.1553 3.2000 9.6705
-179.2576 3.2000 11.6755
-181.1553 3.2000 9.6705
-177.9555 3.2000 6.6796
-176.8250 3.2000 7.7873
-174.2309 3.2000 5.2950
-175.2907 3.2000 4.3423
-171.0311 3.2000 0.1551
-171.3339 3.2000 -0.2769
-170.9604 3.2000 -0.5982
-161.2097 3.2000 13.3592
-158.3733 3.2000 17.4135
-155.8902 3.2000 20.9693
-155.3351 3.2000 21.7558
-156.6978 3.2000 22.7417
-163.6323 3.2000 15.3864
-164.2581 3.2000 14.7328
-168.6086 3.2000 10.1136
-170.1025 3.2000 8.5184
-174.8668 3.2000 12.9604
-177.5719 3.2000 10.1025
-179.2576 3.2000 11.6755
-200.8990 0.0000 31.9248
-191.5419 0.0000 23.1737
-191.5419 9.6000 23.1737
-200.8990 9.6000 31.9248
-191.5419 0.0000 23.1737
-179.2576 0.0000 11.6755
-179.2576 9.6000 11.6755
-191.5419 9.6000 23.1737
-179.2576 0.0000 11.6755
-177.5719 0.0000 10.1025
-177.5719 9.6000 10.1025
-179.2576 9.6000 11.6755
-177.5719 0.0000 10.1025
-174.8668 0.0000 12.9604
-174.8668 9.6000 12.9604
-177.5719 9.6000 10.1025
-174.8668 0.0000 12.9604
-175.5027 0.0000 13.5808
-175.5027 9.6000 13.5808
-174.8668 9.6000 12.9604
-175.5027 0.0000 13.5808
-195.4281 0.0000 32.2239
-195.4281 9.6000 32.2239
-175.5027 9.6000 13.5808
-195.4281 0.0000 32.2239
-197.4569 0.0000 30.0749
-197.4569 9.6000 30.0749
-195.4281 9.6000 32.2239
-197.4569 0.0000 30.0749
-200.2126 0.0000 32.6448
-200.2126 9.6000 32.6448
-197.4569 9.6000 30.0749
-200.2126 0.0000 32.6448
-200.8990 0.0000 31.9248
-200.8990 9.6000 31.9248
-200.2126 9.6000 32.6448
-200.8990 9.6000 31.9248
-191.5419 9.6000 23.1737
-179.2576 9.6000 11.6755
-177.5719 9.6000 10.1025
-174.8668 9.6000 12.9604
-175.5027 9.6000 13.5808
-195.4281 9.6000 32.2239
-197.4569 9.6000 30.0749
-200.2126 9.6000 32.6448
-200.8990 0.0000 31.9248
-202.9278 0.0000 29.7869
-202.9278 6.4000 29.7869
-200.8990 6.4000 31.9248
-202.9278 0.0000 29.7869
-193.5708 0.0000 21.0358
-193.5708 6.4000 21.0358
-202.9278 6.4000 29.7869
-193.5708 0.0000 21.0358
-191.5419 0.0000 23.1737
-191.5419 6.4000 23.1737
-193.5708 6.4000 21.0358
-191.5419 0.0000 23.1737
-200.8990 0.0000 31.9248
-200.8990 6.4000 31.9248
-191.5419 6.4000 23.1737
-200.8990 6.4000 31.9248
-202.9278 6.4000 29.7869
-193.5708 6.4000 21.0358
-191.5419 6.4000 23.1737
-175.5027 0.0000 13.5808
-173.9987 0.0000 15.1648
-173.9987 35.2000 15.1648
-175.5027 35.2000 13.5808
-173.9987 0.0000 15.1648
-173.2719 0.0000 15.9292
-173.2719 35.2000 15.9292
-173.9987 35.2000 15.1648
-173.2719 0.0000 15.9292
-193.1771 0.0000 34.5944
-193.1771 35.2000 34.5944
-173.2719 35.2000 15.9292
-193.1771 0.0000 34.5944
-195.4281 0.0000 32.2239
-195.4281 35.2000 32.2239
-193.1771 35.2000 34.5944
-195.4281 0.0000 32.2239
-175.5027 0.0000 13.5808
-175.5027 35.2000 13.5808
-195.4281 35.2000 32.2239
-175.5027 35.2000 13.5808
-173.9987 35.2000 15.1648
-173.2719 35.2000 15.9292
-193.1771 35.2000 34.5944
-195.4281 35.2000 32.2239
-173.9987 0.0000 15.1648
-175.5027 0.0000 13.5808
-175.5027 38.4000 13.5808
-173.9987 38.4000 15.1648
-175.5027 0.0000 13.5808
-174.8668 0.0000 12.9604
-174.8668 38.4000 12.9604
-175.5027 38.4000 13.5808
-174.8668 0.0000 12.9604
-170.1025 0.0000 8.5184
-170.1025 38.4000 8.5184
-174.8668 38.4000 12.9604
-170.1025 0.0000 8.5184
-168.6086 0.0000 10.1136
-168.6086 38.4000 10.1136
-170.1025 38.4000 8.5184
-168.6086 0.0000 10.1136
-173.9987 0.0000 15.1648
-173.9987 38.4000 15.1648
-168.6086 38.4000 10.1136
-173.9987 38.4000 15.1648
-175.5027 38.4000 13.5808
-174.8668 38.4000 12.9604
-170.1025 38.4000 8.5184
-168.6086 38.4000 10.1136
-173.2719 0.0000 15.9292
-173.9987 0.0000 15.1648
-173.9987 41.6000 15.1648
-173.2719 41.6000 15.9292
-173.9987 0.0000 15.1648
-168.6086 0.0000 10.1136
-168.6086 41.6000 10.1136
-173.9987 41.6000 15.1648
-168.6086 0.0000 10.1136
-164.2581 0.0000 14.7328
-164.2581 41.6000 14.7328
-168.6086 41.6000 10.1136
-164.2581 0.0000 14.7328
-163.6323 0.0000 15.3864
-163.6323 41.6000 15.3864
-164.2581 41.6000 14.7328
-163.6323 0.0000 15.3864
-166.4787 0.0000 18.0560
-166.4787 41.6000 18.0560
-163.6323 41.6000 15.3864
-166.4787 0.0000 18.0560
-169.0022 0.0000 20.4266
-169.0022 41.6000 20.4266
-166.4787 41.6000 18.0560
-169.0022 0.0000 20.4266
-173.2719 0.0000 15.9292
-173.2719 41.6000 15.9292
-169.0022 41.6000 20.4266
-173.2719 41.6000 15.9292
-173.9987 41.6000 15.1648
-168.6086 41.6000 10.1136
-164.2581 41.6000 14.7328
-163.6323 41.6000 15.3864
-166.4787 41.6000 18.0560
-169.0022 41.6000 20.4266
-184.8093 0.0000 49.7039
-160.9776 0.0000 27.4053
-160.9776 35.2000 27.4053
-184.8093 35.2000 49.7039
-160.9776 0.0000 27.4053
-159.5947 0.0000 28.8675
-159.5947 35.2000 28.8675
-160.9776 35.2000 27.4053
-159.5947 0.0000 28.8675
-183.4264 0.0000 51.1661
-183.4264 35.2000 51.1661
-159.5947 35.2000 28.8675
-183.4264 0.0000 51.1661
-184.8093 0.0000 49.7039
-184.8093 35.2000 49.7039
-183.4264 35.2000 51.1661
-184.8093 35.2000 49.7039
-160.9776 35.2000 27.4053
-159.5947 35.2000 28.8675
-183.4264 35.2000 51.1661
-205.9863 0.0000 48.6737
-201.3936 0.0000 53.5366
-201.3936 41.6000 53.5366
-205.9863 41.6000 48.6737
-201.3936 0.0000 53.5366
-202.9379 0.0000 54.9656
-202.9379 41.6000 54.9656
-201.3936 41.6000 53.5366
-202.9379 0.0000 54.9656
-207.5206 0.0000 50.1027
-207.5206 41.6000 50.1027
-202.9379 41.6000 54.9656
-207.5206 0.0000 50.1027
-205.9863 0.0000 48.6737
-205.9863 41.6000 48.6737
-207.5206 41.6000 50.1027
-205.9863 41.6000 48.6737
-201.3936 41.6000 53.5366
-202.9379 41.6000 54.9656
-207.5206 41.6000 50.1027
-193.1771 0.0000 34.5944
-173.2719 0.0000 15.9292
-173.2719 38.4000 15.9292
-193.1771 38.4000 34.5944
-173.2719 0.0000 15.9292
-169.0022 0.0000 20.4266
-169.0022 38.4000 20.4266
-173.2719 38.4000 15.9292
-169.0022 0.0000 20.4266
-166.4787 0.0000 18.0560
-166.4787 38.4000 18.0560
-169.0022 38.4000 20.4266
-166.4787 0.0000 18.0560
-162.9358 0.0000 23.1848
-162.9358 38.4000 23.1848
-166.4787 38.4000 18.0560
-162.9358 0.0000 23.1848
-164.0158 0.0000 24.1928
-164.0158 38.4000 24.1928
-162.9358 38.4000 23.1848
-164.0158 0.0000 24.1928
-160.9776 0.0000 27.4053
-160.9776 38.4000 27.4053
-164.0158 38.4000 24.1928
-160.9776 0.0000 27.4053
-184.8093 0.0000 49.7039
-184.8093 38.4000 49.7039
-160.9776 38.4000 27.4053
-184.8093 0.0000 49.7039
-192.8743 0.0000 57.2475
-192.8743 38.4000 57.2475
-184.8093 38.4000 49.7039
-192.8743 0.0000 57.2475
-191.5217 0.0000 58.6765
-191.5217 38.4000 58.6765
-192.8743 38.4000 57.2475
-191.5217 0.0000 58.6765
-190.4215 0.0000 57.6463
-190.4215 38.4000 57.6463
-191.5217 38.4000 58.6765
-190.4215 0.0000 57.6463
-169.6785 0.0000 79.6015
-169.6785 38.4000 79.6015
-190.4215 38.4000 57.6463
-169.6785 0.0000 79.6015
-170.4255 0.0000 80.2994
-170.4255 38.4000 80.2994
-169.6785 38.4000 79.6015
-170.4255 0.0000 80.2994
-169.9208 0.0000 80.8311
-169.9208 38.4000 80.8311
-170.4255 38.4000 80.2994
-169.9208 0.0000 80.8311
-168.3865 0.0000 79.4021
-168.3865 38.4000 79.4021
-169.9208 38.4000 80.8311
-168.3865 0.0000 79.4021
-164.6114 0.0000 83.4897
-164.6114 38.4000 83.4897
-168.3865 38.4000 79.4021
-164.6114 0.0000 83.4897
-166.9532 0.0000 85.6830
-166.9532 38.4000 85.6830
-164.6114 38.4000 83.4897
-166.9532 0.0000 85.6830
-160.5940 0.0000 92.4180
-160.5940 38.4000 92.4180
-166.9532 38.4000 85.6830
-160.5940 0.0000 92.4180
-162.8348 0.0000 94.5559
-162.8348 38.4000 94.5559
-160.5940 38.4000 92.4180
-162.8348 0.0000 94.5559
-169.2848 0.0000 100.6373
-169.2848 38.4000 100.6373
-162.8348 38.4000 94.5559
-169.2848 0.0000 100.6373
-183.3255 0.0000 85.5833
-183.3255 38.4000 85.5833
-169.2848 38.4000 100.6373
-183.3255 0.0000 85.5833
-191.1281 0.0000 77.2864
-191.1281 38.4000 77.2864
-183.3255 38.4000 85.5833
-191.1281 0.0000 77.2864
-199.9905 0.0000 67.8374
-199.9905 38.4000 67.8374
-191.1281 38.4000 77.2864
-199.9905 0.0000 67.8374
-200.7980 0.0000 66.9845
-200.7980 38.4000 66.9845
-199.9905 38.4000 67.8374
-200.7980 0.0000 66.9845
-200.7173 0.0000 66.9180
-200.7173 38.4000 66.9180
-200.7980 38.4000 66.9845
-200.7173 0.0000 66.9180
-196.7302 0.0000 63.2182
-196.7302 38.4000 63.2182
-200.7173 38.4000 66.9180
-196.7302 0.0000 63.2182
-197.2853 0.0000 62.6533
-197.2853 38.4000 62.6533
-196.7302 38.4000 63.2182
-197.2853 0.0000 62.6533
-195.6602 0.0000 61.0914
-195.6602 38.4000 61.0914
-197.2853 38.4000 62.6533
-195.6602 0.0000 61.0914
-196.2961 0.0000 60.4267
-196.2961 38.4000 60.4267
-195.6602 38.4000 61.0914
-196.2961 0.0000 60.4267
-201.8175 0.0000 65.7217
-201.8175 38.4000 65.7217
-196.2961 38.4000 60.4267
-201.8175 0.0000 65.7217
-208.2978 0.0000 58.6987
-208.2978 38.4000 58.6987
-201.8175 38.4000 65.7217
-208.2978 0.0000 58.6987
-210.0137 0.0000 56.8820
-210.0137 38.4000 56.8820
-208.2978 38.4000 58.6987
-210.0137 0.0000 56.8820
-209.2971 0.0000 56.2173
-209.2971 38.4000 56.2173
-210.0137 38.4000 56.8820
-209.2971 0.0000 56.2173
-212.4565 0.0000 52.8831
-212.4565 38.4000 52.8831
-209.2971 38.4000 56.2173
-212.4565 0.0000 52.8831
-209.7109 0.0000 50.3131
-209.7109 38.4000 50.3131
-212.4565 38.4000 52.8831
-209.7109 0.0000 50.3131
-210.5285 0.0000 49.4602
-210.5285 38.4000 49.4602
-209.7109 38.4000 50.3131
-210.5285 0.0000 49.4602
-207.7224 0.0000 46.8349
-207.7224 38.4000 46.8349
-210.5285 38.4000 49.4602
-207.7224 0.0000 46.8349
-205.9863 0.0000 48.6737
-205.9863 38.4000 48.6737
-207.7224 38.4000 46.8349
-205.9863 0.0000 48.6737
-207.5206 0.0000 50.1027
-207.5206 38.4000 50.1027
-205.9863 38.4000 48.6737
-207.5206 0.0000 50.1027
-202.9379 0.0000 54.9656
-202.9379 38.4000 54.9656
-207.5206 38.4000 50.1027
-202.9379 0.0000 54.9656
-201.3936 0.0000 53.5366
-201.3936 38.4000 53.5366
-202.9379 38.4000 54.9656
-201.3936 0.0000 53.5366
-200.2227 0.0000 54.7773
-200.2227 38.4000 54.7773
-201.3936 38.4000 53.5366
-200.2227 0.0000 54.7773
-186.3536 0.0000 41.8390
-186.3536 38.4000 41.8390
-200.2227 38.4000 54.7773
-186.3536 0.0000 41.8390
-193.1771 0.0000 34.5944
-193.1771 38.4000 34.5944
-186.3536 38.4000 41.8390
-193.1771 38.4000 34.5944
-173.2719 38.4000 15.9292
-169.0022 38.4000 20.4266
-166.4787 38.4000 18.0560
-162.9358 38.4000 23.1848
-164.0158 38.4000 24.1928
-160.9776 38.4000 27.4053
-184.8093 38.4000 49.7039
-192.8743 38.4000 57.2475
-191.5217 38.4000 58.6765
-190.4215 38.4000 57.6463
-169.6785 38.4000 79.6015
-170.4255 38.4000 80.2994
-169.9208 38.4000 80.8311
-168.3865 38.4000 79.4021
-164.6114 38.4000 83.4897
-166.9532 38.4000 85.6830
-160.5940 38.4000 92.4180
-162.8348 38.4000 94.5559
-169.2848 38.4000 100.6373
-183.3255 38.4000 85.5833
-191.1281 38.4000 77.2864
-199.9905 38.4000 67.8374
-200.7980 38.4000 66.9845
-200.7173 38.4000 66.9180
-196.7302 38.4000 63.2182
-197.2853 38.4000 62.6533
-195.6602 38.4000 61.0914
-196.2961 38.4000 60.4267
-201.8175 38.4000 65.7217
-208.2978 38.4000 58.6987
-210.0137 38.4000 56.8820
-209.2971 38.4000 56.2173
-212.4565 38.4000 52.8831
-209.7109 38.4000 50.3131
-210.5285 38.4000 49.4602
-207.7224 38.4000 46.8349
-205.9863 38.4000 48.6737
-207.5206 38.4000 50.1027
-202.9379 38.4000 54.9656
-201.3936 38.4000 53.5366
-200.2227 38.4000 54.7773
-186.3536 38.4000 41.8390
-208.2978 0.0000 58.6987
-209.4182 0.0000 59.7621
-209.4182 28.8000 59.7621
-208.2978 28.8000 58.6987
-209.4182 0.0000 59.7621
-216.6051 0.0000 52.1852
-216.6051 28.8000 52.1852
-209.4182 28.8000 59.7621
-216.6051 0.0000 52.1852
-209.2163 0.0000 45.2508
-209.2163 28.8000 45.2508
-216.6051 28.8000 52.1852
-209.2163 0.0000 45.2508
-207.7224 0.0000 46.8349
-207.7224 28.8000 46.8349
-209.2163 28.8000 45.2508
-207.7224 0.0000 46.8349
-210.5285 0.0000 49.4602
-210.5285 28.8000 49.4602
-207.7224 28.8000 46.8349
-210.5285 0.0000 49.4602
-209.7109 0.0000 50.3131
-209.7109 28.8000 50.3131
-210.5285 28.8000 49.4602
-209.7109 0.0000 50.3131
-212.4565 0.0000 52.8831
-212.4565 28.8000 52.8831
-209.7109 28.8000 50.3131
-212.4565 0.0000 52.8831
-209.2971 0.0000 56.2173
-209.2971 28.8000 56.2173
-212.4565 28.8000 52.8831
-209.2971 0.0000 56.2173
-210.0137 0.0000 56.8820
-210.0137 28.8000 56.8820
-209.2971 28.8000 56.2173
-210.0137 0.0000 56.8820
-208.2978 0.0000 58.6987
-208.2978 28.8000 58.6987
-210.0137 28.8000 56.8820
-208.2978 28.8000 58.6987
-209.4182 28.8000 59.7621
-216.6051 28.8000 52.1852
-209.2163 28.8000 45.2508
-207.7224 28.8000 46.8349
-210.5285 28.8000 49.4602
-209.7109 28.8000 50.3131
-212.4565 28.8000 52.8831
-209.2971 28.8000 56.2173
-210.0137 28.8000 56.8820
-209.2163 0.0000 45.2508
-211.3260 0.0000 43.0132
-211.3260 41.6000 43.0132
-209.2163 41.6000 45.2508
-211.3260 0.0000 43.0132
-200.2126 0.0000 32.6448
-200.2126 41.6000 32.6448
-211.3260 41.6000 43.0132
-200.2126 0.0000 32.6448
-197.4569 0.0000 30.0749
-197.4569 41.6000 30.0749
-200.2126 41.6000 32.6448
-197.4569 0.0000 30.0749
-195.4281 0.0000 32.2239
-195.4281 41.6000 32.2239
-197.4569 41.6000 30.0749
-195.4281 0.0000 32.2239
-193.1771 0.0000 34.5944
-193.1771 41.6000 34.5944
-195.4281 41.6000 32.2239
-193.1771 0.0000 34.5944
-186.3536 0.0000 41.8390
-186.3536 41.6000 41.8390
-193.1771 41.6000 34.5944
-186.3536 0.0000 41.8390
-200.2227 0.0000 54.7773
-200.2227 41.6000 54.7773
-186.3536 41.6000 41.8390
-200.2227 0.0000 54.7773
-201.3936 0.0000 53.5366
-201.3936 41.6000 53.5366
-200.2227 41.6000 54.7773
-201.3936 0.0000 53.5366
-205.9863 0.0000 48.6737
-205.9863 41.6000 48.6737
-201.3936 41.6000 53.5366
-205.9863 0.0000 48.6737
-207.7224 0.0000 46.8349
-207.7224 41.6000 46.8349
-205.9863 41.6000 48.6737
-207.7224 0.0000 46.8349
-209.2163 0.0000 45.2508
-209.2163 41.6000 45.2508
-207.7224 41.6000 46.8349
-209.2163 41.6000 45.2508
-211.3260 41.6000 43.0132
-200.2126 41.6000 32.6448
-197.4569 41.6000 30.0749
-195.4281 41.6000 32.2239
-193.1771 41.6000 34.5944
-186.3536 41.6000 41.8390
-200.2227 41.6000 54.7773
-201.3936 41.6000 53.5366
-205.9863 41.6000 48.6737
-207.7224 41.6000 46.8349
-202.8875 3.0000 89.2499
-199.2738 3.0000 86.5692
-199.2738 3.3000 86.5692
-202.8875 3.3000 89.2499
-199.2738 3.0000 86.5692
-194.7417 3.0000 92.6063
-194.7417 3.3000 92.6063
-199.2738 3.3000 86.5692
-194.7417 3.0000 92.6063
-195.0546 3.0000 92.8389
-195.0546 3.3000 92.8389
-194.7417 3.3000 92.6063
-195.0546 3.0000 92.8389
-198.3553 3.0000 95.2870
-198.3553 3.3000 95.2870
-195.0546 3.3000 92.8389
-198.3553 3.0000 95.2870
-202.8875 3.0000 89.2499
-202.8875 3.3000 89.2499
-198.3553 3.3000 95.2870
-202.8875 3.3000 89.2499
-199.2738 3.3000 86.5692
-194.7417 3.3000 92.6063
-195.0546 3.3000 92.8389
-198.3553 3.3000 95.2870
-186.2628 0.0000 110.7177
-184.8900 0.0000 109.6986
-184.8900 4.0000 109.6986
-186.2628 4.0000 110.7177
-184.8900 0.0000 109.6986
-183.3356 0.0000 108.5465
-183.3356 4.0000 108.5465
-184.8900 4.0000 109.6986
-183.3356 0.0000 108.5465
-180.3579 0.0000 112.5344
-180.3579 4.0000 112.5344
-183.3356 4.0000 108.5465
-180.3579 0.0000 112.5344
-183.6788 0.0000 114.9825
-183.6788 4.0000 114.9825
-180.3579 4.0000 112.5344
-183.6788 0.0000 114.9825
-186.6565 0.0000 111.0057
-186.6565 4.0000 111.0057
-183.6788 4.0000 114.9825
-186.6565 0.0000 111.0057
-186.2628 0.0000 110.7177
-186.2628 4.0000 110.7177
-186.6565 4.0000 111.0057
-186.2628 4.0000 110.7177
-184.8900 4.0000 109.6986
-183.3356 4.0000 108.5465
-180.3579 4.0000 112.5344
-183.6788 4.0000 114.9825
-186.6565 4.0000 111.0057
-192.0062 3.0000 103.0411
-190.6335 3.0000 102.0220
-190.6335 3.3000 102.0220
-192.0062 3.3000 103.0411
-190.6335 3.0000 102.0220
-187.5144 3.0000 106.1871
-187.5144 3.3000 106.1871
-190.6335 3.3000 102.0220
-187.5144 3.0000 106.1871
-184.8900 3.0000 109.6986
-184.8900 3.3000 109.6986
-187.5144 3.3000 106.1871
-184.8900 3.0000 109.6986
-186.2628 3.0000 110.7177
-186.2628 3.3000 110.7177
-184.8900 3.3000 109.6986
-186.2628 3.0000 110.7177
-188.8569 3.0000 107.2505
-188.8569 3.3000 107.2505
-186.2628 3.3000 110.7177
-188.8569 3.0000 107.2505
-192.0062 3.0000 103.0411
-192.0062 3.3000 103.0411
-188.8569 3.3000 107.2505
-192.0062 3.3000 103.0411
-190.6335 3.3000 102.0220
-187.5144 3.3000 106.1871
-184.8900 3.3000 109.6986
-186.2628 3.3000 110.7177
-188.8569 3.3000 107.2505
-198.3553 0.0000 95.2870
-195.0546 0.0000 92.8389
-195.0546 4.0000 92.8389
-198.3553 4.0000 95.2870
-195.0546 0.0000 92.8389
-189.0285 0.0000 100.8257
-189.0285 4.0000 100.8257
-195.0546 4.0000 92.8389
-189.0285 0.0000 100.8257
-190.6335 0.0000 102.0220
-190.6335 4.0000 102.0220
-189.0285 4.0000 100.8257
-190.6335 0.0000 102.0220
-192.0062 0.0000 103.0411
-192.0062 4.0000 103.0411
-190.6335 4.0000 102.0220
-192.0062 0.0000 103.0411
-192.3393 0.0000 103.2959
-192.3393 4.0000 103.2959
-192.0062 4.0000 103.0411
-192.3393 0.0000 103.2959
-198.3553 0.0000 95.2870
-198.3553 4.0000 95.2870
-192.3393 4.0000 103.2959
-198.3553 4.0000 95.2870
-195.0546 4.0000 92.8389
-189.0285 4.0000 100.8257
-190.6335 4.0000 102.0220
-192.0062 4.0000 103.0411
-192.3393 4.0000 103.2959
-199.2738 0.0000 86.5692
-202.8875 0.0000 89.2499
-202.8875 4.0000 89.2499
-199.2738 4.0000 86.5692
-202.8875 0.0000 89.2499
-203.4224 0.0000 88.5077
-203.4224 4.0000 88.5077
-202.8875 4.0000 89.2499
-203.4224 0.0000 88.5077
-202.0497 0.0000 87.4997
-202.0497 4.0000 87.4997
-203.4224 4.0000 88.5077
-202.0497 0.0000 87.4997
-199.8088 0.0000 85.8381
-199.8088 4.0000 85.8381
-202.0497 4.0000 87.4997
-199.8088 0.0000 85.8381
-199.2738 0.0000 86.5692
-199.2738 4.0000 86.5692
-199.8088 4.0000 85.8381
-199.2738 4.0000 86.5692
-202.8875 4.0000 89.2499
-203.4224 4.0000 88.5077
-202.0497 4.0000 87.4997
-199.8088 4.0000 85.8381
-201.8175 0.0000 65.7217
-196.2961 0.0000 60.4267
-196.2961 9.6000 60.4267
-201.8175 9.6000 65.7217
-196.2961 0.0000 60.4267
-195.6602 0.0000 61.0914
-195.6602 9.6000 61.0914
-196.2961 9.6000 60.4267
-195.6602 0.0000 61.0914
-197.2853 0.0000 62.6533
-197.2853 9.6000 62.6533
-195.6602 9.6000 61.0914
-197.2853 0.0000 62.6533
-196.7302 0.0000 63.2182
-196.7302 9.6000 63.2182
-197.2853 9.6000 62.6533
-196.7302 0.0000 63.2182
-200.7173 0.0000 66.9180
-200.7173 9.6000 66.9180
-196.7302 9.6000 63.2182
-200.7173 0.0000 66.9180
-201.8175 0.0000 65.7217
-201.8175 9.6000 65.7217
-200.7173 9.6000 66.9180
-201.8175 9.6000 65.7217
-196.2961 9.6000 60.4267
-195.6602 9.6000 61.0914
-197.2853 9.6000 62.6533
-196.7302 9.6000 63.2182
-200.7173 9.6000 66.9180
-191.1281 0.0000 77.2864
-183.3255 0.0000 85.5833
-183.3255 3.2000 85.5833
-191.1281 3.2000 77.2864
-183.3255 0.0000 85.5833
-186.7069 0.0000 88.7292
-186.7069 3.2000 88.7292
-183.3255 3.2000 85.5833
-186.7069 0.0000 88.7292
-193.6919 0.0000 81.2964
-193.6919 3.2000 81.2964
-186.7069 3.2000 88.7292
-193.6919 0.0000 81.2964
-194.5095 0.0000 80.4323
-194.5095 3.2000 80.4323
-193.6919 3.2000 81.2964
-194.5095 0.0000 80.4323
-191.1281 0.0000 77.2864
-191.1281 3.2000 77.2864
-194.5095 3.2000 80.4323
-191.1281 3.2000 77.2864
-183.3255 3.2000 85.5833
-186.7069 3.2000 88.7292
-193.6919 3.2000 81.2964
-194.5095 3.2000 80.4323
-168.3865 0.0000 79.4021
-169.9208 0.0000 80.8311
-169.9208 9.6000 80.8311
-168.3865 9.6000 79.4021
-169.9208 0.0000 80.8311
-170.4255 0.0000 80.2994
-170.4255 9.6000 80.2994
-169.9208 9.6000 80.8311
-170.4255 0.0000 80.2994
-169.6785 0.0000 79.6015
-169.6785 9.6000 79.6015
-170.4255 9.6000 80.2994
-169.6785 0.0000 79.6015
-190.4215 0.0000 57.6463
-190.4215 9.6000 57.6463
-169.6785 9.6000 79.6015
-190.4215 0.0000 57.6463
-191.5217 0.0000 58.6765
-191.5217 9.6000 58.6765
-190.4215 9.6000 57.6463
-191.5217 0.0000 58.6765
-192.8743 0.0000 57.2475
-192.8743 9.6000 57.2475
-191.5217 9.6000 58.6765
-192.8743 0.0000 57.2475
-184.8093 0.0000 49.7039
-184.8093 9.6000 49.7039
-192.8743 9.6000 57.2475
-184.8093 0.0000 49.7039
-183.4264 0.0000 51.1661
-183.4264 9.6000 51.1661
-184.8093 9.6000 49.7039
-183.4264 0.0000 51.1661
-159.5947 0.0000 28.8675
-159.5947 9.6000 28.8675
-183.4264 9.6000 51.1661
-159.5947 0.0000 28.8675
-160.9776 0.0000 27.4053
-160.9776 9.6000 27.4053
-159.5947 9.6000 28.8675
-160.9776 0.0000 27.4053
-164.0158 0.0000 24.1928
-164.0158 9.6000 24.1928
-160.9776 9.6000 27.4053
-164.0158 0.0000 24.1928
-162.9358 0.0000 23.1848
-162.9358 9.6000 23.1848
-164.0158 9.6000 24.1928
-162.9358 0.0000 23.1848
-166.4787 0.0000 18.0560
-166.4787 9.6000 18.0560
-162.9358 9.6000 23.1848
-166.4787 0.0000 18.0560
-163.6323 0.0000 15.3864
-163.6323 9.6000 15.3864
-166.4787 9.6000 18.0560
-163.6323 0.0000 15.3864
-156.6978 0.0000 22.7417
-156.6978 9.6000 22.7417
-163.6323 9.6000 15.3864
-156.6978 0.0000 22.7417
-155.1130 0.0000 24.4919
-155.1130 9.6000 24.4919
-156.6978 9.6000 22.7417
-155.1130 0.0000 24.4919
-153.3870 0.0000 26.2200
-153.3870 9.6000 26.2200
-155.1130 9.6000 24.4919
-153.3870 0.0000 26.2200
-157.9999 0.0000 30.5069
-157.9999 9.6000 30.5069
-153.3870 9.6000 26.2200
-157.9999 0.0000 30.5069
-155.1837 0.0000 33.5421
-155.1837 9.6000 33.5421
-157.9999 9.6000 30.5069
-155.1837 0.0000 33.5421
-158.4238 0.0000 37.4302
-158.4238 9.6000 37.4302
-155.1837 9.6000 33.5421
-158.4238 0.0000 37.4302
-161.7851 0.0000 41.2630
-161.7851 9.6000 41.2630
-158.4238 9.6000 37.4302
-161.7851 0.0000 41.2630
-165.4290 0.0000 44.8409
-165.4290 9.6000 44.8409
-161.7851 9.6000 41.2630
-165.4290 0.0000 44.8409
-168.8912 0.0000 48.0866
-168.8912 9.6000 48.0866
-165.4290 9.6000 44.8409
-168.8912 0.0000 48.0866
-172.3231 0.0000 50.8559
-172.3231 9.6000 50.8559
-168.8912 9.6000 48.0866
-172.3231 0.0000 50.8559
-175.6339 0.0000 53.4259
-175.6339 9.6000 53.4259
-172.3231 9.6000 50.8559
-175.6339 0.0000 53.4259
-176.7341 0.0000 54.1902
-176.7341 9.6000 54.1902
-175.6339 9.6000 53.4259
-176.7341 0.0000 54.1902
-177.7738 0.0000 54.9988
-177.7738 9.6000 54.9988
-176.7341 9.6000 54.1902
-177.7738 0.0000 54.9988
-178.9851 0.0000 55.8518
-178.9851 9.6000 55.8518
-177.7738 9.6000 54.9988
-178.9851 0.0000 55.8518
-181.8316 0.0000 52.8609
-181.8316 9.6000 52.8609
-178.9851 9.6000 55.8518
-181.8316 0.0000 52.8609
-187.9384 0.0000 58.5768
-187.9384 9.6000 58.5768
-181.8316 9.6000 52.8609
-187.9384 0.0000 58.5768
-179.0053 0.0000 68.0147
-179.0053 9.6000 68.0147
-187.9384 9.6000 58.5768
-179.0053 0.0000 68.0147
-173.2921 0.0000 74.1072
-173.2921 9.6000 74.1072
-179.0053 9.6000 68.0147
-173.2921 0.0000 74.1072
-168.3865 0.0000 79.4021
-168.3865 9.6000 79.4021
-173.2921 9.6000 74.1072
-168.3865 9.6000 79.4021
-169.9208 9.6000 80.8311
-170.4255 9.6000 80.2994
-169.6785 9.6000 79.6015
-190.4215 9.6000 57.6463
-191.5217 9.6000 58.6765
-192.8743 9.6000 57.2475
-184.8093 9.6000 49.7039
-183.4264 9.6000 51.1661
-159.5947 9.6000 28.8675
-160.9776 9.6000 27.4053
-164.0158 9.6000 24.1928
-162.9358 9.6000 23.1848
-166.4787 9.6000 18.0560
-163.6323 9.6000 15.3864
-156.6978 9.6000 22.7417
-155.1130 9.6000 24.4919
-153.3870 9.6000 26.2200
-157.9999 9.6000 30.5069
-155.1837 9.6000 33.5421
-158.4238 9.6000 37.4302
-161.7851 9.6000 41.2630
-165.4290 9.6000 44.8409
-168.8912 9.6000 48.0866
-172.3231 9.6000 50.8559
-175.6339 9.6000 53.4259
-176.7341 9.6000 54.1902
-177.7738 9.6000 54.9988
-178.9851 9.6000 55.8518
-181.8316 9.6000 52.8609
-187.9384 9.6000 58.5768
-179.0053 9.6000 68.0147
-173.2921 9.6000 74.1072
-179.0053 0.0000 68.0147
-187.9384 0.0000 58.5768
-187.9384 3.2000 58.5768
-179.0053 3.2000 68.0147
-187.9384 0.0000 58.5768
-181.8316 0.0000 52.8609
-181.8316 3.2000 52.8609
-187.9384 3.2000 58.5768
-181.8316 0.0000 52.8609
-178.9851 0.0000 55.8518
-178.9851 3.2000 55.8518
-181.8316 3.2000 52.8609
-178.9851 0.0000 55.8518
-177.7738 0.0000 54.9988
-177.7738 3.2000 54.9988
-178.9851 3.2000 55.8518
-177.7738 0.0000 54.9988
-176.6332 0.0000 57.7571
-176.6332 3.2000 57.7571
-177.7738 3.2000 54.9988
-176.6332 0.0000 57.7571
-175.2302 0.0000 60.3824
-175.2302 3.2000 60.3824
-176.6332 3.2000 57.7571
-175.2302 0.0000 60.3824
-173.5849 0.0000 62.8748
-173.5849 3.2000 62.8748
-175.2302 3.2000 60.3824
-173.5849 0.0000 62.8748
-171.7175 0.0000 65.2010
-171.7175 3.2000 65.2010
-173.5849 3.2000 62.8748
-171.7175 0.0000 65.2010
-169.6280 0.0000 67.3390
-169.6280 3.2000 67.3390
-171.7175 3.2000 65.2010
-169.6280 0.0000 67.3390
-167.3569 0.0000 69.2775
-167.3569 3.2000 69.2775
-169.6280 3.2000 67.3390
-167.3569 0.0000 69.2775
-164.9142 0.0000 70.9945
-164.9142 3.2000 70.9945
-167.3569 3.2000 69.2775
-164.9142 0.0000 70.9945
-162.3100 0.0000 72.4788
-162.3100 3.2000 72.4788
-164.9142 3.2000 70.9945
-162.3100 0.0000 72.4788
-159.5846 0.0000 73.7084
-159.5846 3.2000 73.7084
-162.3100 3.2000 72.4788
-159.5846 0.0000 73.7084
-156.7482 0.0000 74.6832
-156.7482 3.2000 74.6832
-159.5846 3.2000 73.7084
-156.7482 0.0000 74.6832
-153.8412 0.0000 75.3811
-153.8412 3.2000 75.3811
-156.7482 3.2000 74.6832
-153.8412 0.0000 75.3811
-150.8837 0.0000 75.8131
-150.8837 3.2000 75.8131
-153.8412 3.2000 75.3811
-150.8837 0.0000 75.8131
-150.3184 0.0000 75.8352
-150.3184 3.2000 75.8352
-150.8837 3.2000 75.8131
-150.3184 0.0000 75.8352
-150.3487 0.0000 76.5774
-150.3487 3.2000 76.5774
-150.3184 3.2000 75.8352
-150.3487 0.0000 76.5774
-150.3891 0.0000 77.7184
-150.3891 3.2000 77.7184
-150.3487 3.2000 76.5774
-150.3891 0.0000 77.7184
-150.4395 0.0000 79.0255
-150.4395 3.2000 79.0255
-150.3891 3.2000 77.7184
-150.4395 0.0000 79.0255
-153.1447 0.0000 78.6378
-153.1447 3.2000 78.6378
-150.4395 3.2000 79.0255
-153.1447 0.0000 78.6378
-155.4461 0.0000 78.2169
-155.4461 3.2000 78.2169
-153.1447 3.2000 78.6378
-155.4461 0.0000 78.2169
-157.7475 0.0000 77.6962
-157.7475 3.2000 77.6962
-155.4461 3.2000 78.2169
-157.7475 0.0000 77.6962
-157.8787 0.0000 78.1282
-157.8787 3.2000 78.1282
-157.7475 3.2000 77.6962
-157.8787 0.0000 78.1282
-158.7165 0.0000 80.8865
-158.7165 3.2000 80.8865
-157.8787 3.2000 78.1282
-158.7165 0.0000 80.8865
-159.7663 0.0000 84.3648
-159.7663 3.2000 84.3648
-158.7165 3.2000 80.8865
-159.7663 0.0000 84.3648
-162.4715 0.0000 81.4958
-162.4715 3.2000 81.4958
-159.7663 3.2000 84.3648
-162.4715 0.0000 81.4958
-164.6114 0.0000 83.4897
-164.6114 3.2000 83.4897
-162.4715 3.2000 81.4958
-164.6114 0.0000 83.4897
-168.3865 0.0000 79.4021
-168.3865 3.2000 79.4021
-164.6114 3.2000 83.4897
-168.3865 0.0000 79.4021
-173.2921 0.0000 74.1072
-173.2921 3.2000 74.1072
-168.3865 3.2000 79.4021
-173.2921 0.0000 74.1072
-170.8393 0.0000 71.8253
-170.8393 3.2000 71.8253
-173.2921 3.2000 74.1072
-170.8393 0.0000 71.8253
-176.5525 0.0000 65.7327
-176.5525 3.2000 65.7327
-170.8393 3.2000 71.8253
-176.5525 0.0000 65.7327
-179.0053 0.0000 68.0147
-179.0053 3.2000 68.0147
-176.5525 3.2000 65.7327
-179.0053 3.2000 68.0147
-187.9384 3.2000 58.5768
-181.8316 3.2000 52.8609
-178.9851 3.2000 55.8518
-177.7738 3.2000 54.9988
-176.6332 3.2000 57.7571
-175.2302 3.2000 60.3824
-173.5849 3.2000 62.8748
-171.7175 3.2000 65.2010
-169.6280 3.2000 67.3390
-167.3569 3.2000 69.2775
-164.9142 3.2000 70.9945
-162.3100 3.2000 72.4788
-159.5846 3.2000 73.7084
-156.7482 3.2000 74.6832
-153.8412 3.2000 75.3811
-150.8837 3.2000 75.8131
-150.3184 3.2000 75.8352
-150.3487 3.2000 76.5774
-150.3891 3.2000 77.7184
-150.4395 3.2000 79.0255
-153.1447 3.2000 78.6378
-155.4461 3.2000 78.2169
-157.7475 3.2000 77.6962
-157.8787 3.2000 78.1282
-158.7165 3.2000 80.8865
-159.7663 3.2000 84.3648
-162.4715 3.2000 81.4958
-164.6114 3.2000 83.4897
-168.3865 3.2000 79.4021
-173.2921 3.2000 74.1072
-170.8393 3.2000 71.8253
-176.5525 3.2000 65.7327
-179.0053 0.0000 68.0147
-176.5525 0.0000 65.7327
-176.5525 6.4000 65.7327
-179.0053 6.4000 68.0147
-176.5525 0.0000 65.7327
-170.8393 0.0000 71.8253
-170.8393 6.4000 71.8253
-176.5525 6.4000 65.7327
-170.8393 0.0000 71.8253
-173.2921 0.0000 74.1072
-173.2921 6.4000 74.1072
-170.8393 6.4000 71.8253
-173.2921 0.0000 74.1072
-179.0053 0.0000 68.0147
-179.0053 6.4000 68.0147
-173.2921 6.4000 74.1072
-179.0053 6.4000 68.0147
-176.5525 6.4000 65.7327
-170.8393 6.4000 71.8253
-173.2921 6.4000 74.1072
-215.2727 0.0000 -129.3165
-212.5675 0.0000 -125.8825
-212.5675 12.8000 -125.8825
-215.2727 12.8000 -129.3165
-212.5675 0.0000 -125.8825
-213.4861 0.0000 -125.1736
-213.4861 12.8000 -125.1736
-212.5675 12.8000 -125.8825
-213.4861 0.0000 -125.1736
-208.3886 0.0000 -118.7044
-208.3886 12.8000 -118.7044
-213.4861 12.8000 -125.1736
-208.3886 0.0000 -118.7044
-207.4701 0.0000 -119.4134
-207.4701 12.8000 -119.4134
-208.3886 12.8000 -118.7044
-207.4701 0.0000 -119.4134
-206.7029 0.0000 -118.4496
-206.7029 12.8000 -118.4496
-207.4701 12.8000 -119.4134
-206.7029 0.0000 -118.4496
-219.1891 0.0000 -108.7127
-219.1891 12.8000 -108.7127
-206.7029 12.8000 -118.4496
-219.1891 0.0000 -108.7127
-224.8114 0.0000 -115.8465
-224.8114 12.8000 -115.8465
-219.1891 12.8000 -108.7127
-224.8114 0.0000 -115.8465
-228.5361 0.0000 -120.5654
-228.5361 12.8000 -120.5654
-224.8114 12.8000 -115.8465
-228.5361 0.0000 -120.5654
-226.6283 0.0000 -122.0498
-226.6283 12.8000 -122.0498
-228.5361 12.8000 -120.5654
-226.6283 0.0000 -122.0498
-221.9246 0.0000 -125.7274
-221.9246 12.8000 -125.7274
-226.6283 12.8000 -122.0498
-221.9246 0.0000 -125.7274
-218.9973 0.0000 -127.9983
-218.9973 12.8000 -127.9983
-221.9246 12.8000 -125.7274
-218.9973 0.0000 -127.9983
-216.0499 0.0000 -130.3024
-216.0499 12.8000 -130.3024
-218.9973 12.8000 -127.9983
-216.0499 0.0000 -130.3024
-215.2727 0.0000 -129.3165
-215.2727 12.8000 -129.3165
-216.0499 12.8000 -130.3024
-215.2727 12.8000 -129.3165
-212.5675 12.8000 -125.8825
-213.4861 12.8000 -125.1736
-208.3886 12.8000 -118.7044
-207.4701 12.8000 -119.4134
-206.7029 12.8000 -118.4496
-219.1891 12.8000 -108.7127
-224.8114 12.8000 -115.8465
-228.5361 12.8000 -120.5654
-226.6283 12.8000 -122.0498
-221.9246 12.8000 -125.7274
-218.9973 12.8000 -127.9983
-216.0499 12.8000 -130.3024
-218.9973 0.0000 -127.9983
-221.9246 0.0000 -125.7274
-221.9246 3.2000 -125.7274
-218.9973 3.2000 -127.9983
-221.9246 0.0000 -125.7274
-222.6109 0.0000 -126.5915
-222.6109 3.2000 -126.5915
-221.9246 3.2000 -125.7274
-222.6109 0.0000 -126.5915
-219.6837 0.0000 -128.8734
-219.6837 3.2000 -128.8734
-222.6109 3.2000 -126.5915
-219.6837 0.0000 -128.8734
-218.9973 0.0000 -127.9983
-218.9973 3.2000 -127.9983
-219.6837 3.2000 -128.8734
-218.9973 3.2000 -127.9983
-221.9246 3.2000 -125.7274
-222.6109 3.2000 -126.5915
-219.6837 3.2000 -128.8734
-204.6741 0.0000 -115.8686
-206.7029 0.0000 -118.4496
-206.7029 16.0000 -118.4496
-204.6741 16.0000 -115.8686
-206.7029 0.0000 -118.4496
-207.4701 0.0000 -119.4134
-207.4701 16.0000 -119.4134
-206.7029 16.0000 -118.4496
-207.4701 0.0000 -119.4134
-208.3886 0.0000 -118.7044
-208.3886 16.0000 -118.7044
-207.4701 16.0000 -119.4134
-208.3886 0.0000 -118.7044
-213.4861 0.0000 -125.1736
-213.4861 16.0000 -125.1736
-208.3886 16.0000 -118.7044
-213.4861 0.0000 -125.1736
-212.5675 0.0000 -125.8825
-212.5675 16.0000 -125.8825
-213.4861 16.0000 -125.1736
-212.5675 0.0000 -125.8825
-215.2727 0.0000 -129.3165
-215.2727 16.0000 -129.3165
-212.5675 16.0000 -125.8825
-215.2727 0.0000 -129.3165
-212.1032 0.0000 -131.7867
-212.1032 16.0000 -131.7867
-215.2727 16.0000 -129.3165
-212.1032 0.0000 -131.7867
-201.5046 0.0000 -118.3389
-201.5046 16.0000 -118.3389
-212.1032 16.0000 -131.7867
-201.5046 0.0000 -118.3389
-204.6741 0.0000 -115.8686
-204.6741 16.0000 -115.8686
-201.5046 16.0000 -118.3389
-204.6741 16.0000 -115.8686
-206.7029 16.0000 -118.4496
-207.4701 16.0000 -119.4134
-208.3886 16.0000 -118.7044
-213.4861 16.0000 -125.1736
-212.5675 16.0000 -125.8825
-215.2727 16.0000 -129.3165
-212.1032 16.0000 -131.7867
-201.5046 16.0000 -118.3389
-218.0081 0.0000 -107.2173
-235.3192 0.0000 -93.7140
-235.3192 3.2000 -93.7140
-218.0081 3.2000 -107.2173
-235.3192 0.0000 -93.7140
-239.1145 0.0000 -98.5326
-239.1145 3.2000 -98.5326
-235.3192 3.2000 -93.7140
-239.1145 0.0000 -98.5326
-242.1225 0.0000 -102.3543
-242.1225 3.2000 -102.3543
-239.1145 3.2000 -98.5326
-242.1225 0.0000 -102.3543
-228.9802 0.0000 -112.5898
-228.9802 3.2000 -112.5898
-242.1225 3.2000 -102.3543
-228.9802 0.0000 -112.5898
-224.8114 0.0000 -115.8465
-224.8114 3.2000 -115.8465
-228.9802 3.2000 -112.5898
-224.8114 0.0000 -115.8465
-219.1891 0.0000 -108.7127
-219.1891 3.2000 -108.7127
-224.8114 3.2000 -115.8465
-219.1891 0.0000 -108.7127
-218.0081 0.0000 -107.2173
-218.0081 3.2000 -107.2173
-219.1891 3.2000 -108.7127
-218.0081 3.2000 -107.2173
-235.3192 3.2000 -93.7140
-239.1145 3.2000 -98.5326
-242.1225 3.2000 -102.3543
-228.9802 3.2000 -112.5898
-224.8114 3.2000 -115.8465
-219.1891 3.2000 -108.7127
-239.1145 0.0000 -98.5326
-245.2011 0.0000 -93.7916
-245.2011 3.2000 -93.7916
-239.1145 3.2000 -98.5326
-245.2011 0.0000 -93.7916
-248.2091 0.0000 -97.6022
-248.2091 3.2000 -97.6022
-245.2011 3.2000 -93.7916
-248.2091 0.0000 -97.6022
-242.1225 0.0000 -102.3543
-242.1225 3.2000 -102.3543
-248.2091 3.2000 -97.6022
-242.1225 0.0000 -102.3543
-239.1145 0.0000 -98.5326
-239.1145 3.2000 -98.5326
-242.1225 3.2000 -102.3543
-239.1145 3.2000 -98.5326
-245.2011 3.2000 -93.7916
-248.2091 3.2000 -97.6022
-242.1225 3.2000 -102.3543
-233.5628 0.0000 -15.5525
-248.2595 0.0000 -2.0936
-248.2595 6.4000 -2.0936
-233.5628 6.4000 -15.5525
-248.2595 0.0000 -2.0936
-255.5574 0.0000 -10.0914
-255.5574 6.4000 -10.0914
-248.2595 6.4000 -2.0936
-255.5574 0.0000 -10.0914
-240.8607 0.0000 -23.5393
-240.8607 6.4000 -23.5393
-255.5574 6.4000 -10.0914
-240.8607 0.0000 -23.5393
-239.4375 0.0000 -21.9995
-239.4375 6.4000 -21.9995
-240.8607 6.4000 -23.5393
-239.4375 0.0000 -21.9995
-233.7041 0.0000 -15.7076
-233.7041 6.4000 -15.7076
-239.4375 6.4000 -21.9995
-233.7041 0.0000 -15.7076
-233.5628 0.0000 -15.5525
-233.5628 6.4000 -15.5525
-233.7041 6.4000 -15.7076
-233.5628 6.4000 -15.5525
-248.2595 6.4000 -2.0936
-255.5574 6.4000 -10.0914
-240.8607 6.4000 -23.5393
-239.4375 6.4000 -21.9995
-233.7041 6.4000 -15.7076
-233.7041 0.0000 -15.7076
-239.4375 0.0000 -21.9995
-239.4375 3.2000 -21.9995
-233.7041 3.2000 -15.7076
-239.4375 0.0000 -21.9995
-238.2363 0.0000 -23.0962
-238.2363 3.2000 -23.0962
-239.4375 3.2000 -21.9995
-238.2363 0.0000 -23.0962
-232.4525 0.0000 -16.8597
-232.4525 3.2000 -16.8597
-238.2363 3.2000 -23.0962
-232.4525 0.0000 -16.8597
-233.7041 0.0000 -15.7076
-233.7041 3.2000 -15.7076
-232.4525 3.2000 -16.8597
-233.7041 3.2000 -15.7076
-239.4375 3.2000 -21.9995
-238.2363 3.2000 -23.0962
-232.4525 3.2000 -16.8597
-217.1602 0.0000 -106.1317
-218.0081 0.0000 -107.2173
-218.0081 3.2000 -107.2173
-217.1602 3.2000 -106.1317
-218.0081 0.0000 -107.2173
-219.1891 0.0000 -108.7127
-219.1891 3.2000 -108.7127
-218.0081 3.2000 -107.2173
-219.1891 0.0000 -108.7127
-206.7029 0.0000 -118.4496
-206.7029 3.2000 -118.4496
-219.1891 3.2000 -108.7127
-206.7029 0.0000 -118.4496
-204.6741 0.0000 -115.8686
-204.6741 3.2000 -115.8686
-206.7029 3.2000 -118.4496
-204.6741 0.0000 -115.8686
-215.2020 0.0000 -107.6604
-215.2020 3.2000 -107.6604
-204.6741 3.2000 -115.8686
-215.2020 0.0000 -107.6604
-217.1602 0.0000 -106.1317
-217.1602 3.2000 -106.1317
-215.2020 3.2000 -107.6604
-217.1602 3.2000 -106.1317
-218.0081 3.2000 -107.2173
-219.1891 3.2000 -108.7127
-206.7029 3.2000 -118.4496
-204.6741 3.2000 -115.8686
-215.2020 3.2000 -107.6604
-259.0499 0.0000 -193.6313
-257.0009 0.0000 -190.9285
-257.0009 3.2000 -190.9285
-259.0499 3.2000 -193.6313
-257.0009 0.0000 -190.9285
-256.3952 0.0000 -191.3826
-256.3952 3.2000 -191.3826
-257.0009 3.2000 -190.9285
-256.3952 0.0000 -191.3826
-240.1642 0.0000 -170.0256
-240.1642 3.2000 -170.0256
-256.3952 3.2000 -191.3826
-240.1642 0.0000 -170.0256
-245.4333 0.0000 -166.0710
-245.4333 3.2000 -166.0710
-240.1642 3.2000 -170.0256
-245.4333 0.0000 -166.0710
-244.7570 0.0000 -165.1959
-244.7570 3.2000 -165.1959
-245.4333 3.2000 -166.0710
-244.7570 0.0000 -165.1959
-242.9199 0.0000 -162.7589
-242.9199 3.2000 -162.7589
-244.7570 3.2000 -165.1959
-242.9199 0.0000 -162.7589
-242.2840 0.0000 -161.9281
-242.2840 3.2000 -161.9281
-242.9199 3.2000 -162.7589
-242.2840 0.0000 -161.9281
-237.0250 0.0000 -165.8827
-237.0250 3.2000 -165.8827
-242.2840 3.2000 -161.9281
-237.0250 0.0000 -165.8827
-220.8445 0.0000 -144.5921
-220.8445 3.2000 -144.5921
-237.0250 3.2000 -165.8827
-220.8445 0.0000 -144.5921
-220.6729 0.0000 -144.7250
-220.6729 3.2000 -144.7250
-220.8445 3.2000 -144.5921
-220.6729 0.0000 -144.7250
-213.8898 0.0000 -135.7967
-213.8898 3.2000 -135.7967
-220.6729 3.2000 -144.7250
-213.8898 0.0000 -135.7967
-221.5814 0.0000 -130.0144
-221.5814 3.2000 -130.0144
-213.8898 3.2000 -135.7967
-221.5814 0.0000 -130.0144
-263.9152 0.0000 -185.7332
-263.9152 3.2000 -185.7332
-221.5814 3.2000 -130.0144
-263.9152 0.0000 -185.7332
-260.0694 0.0000 -188.6133
-260.0694 3.2000 -188.6133
-263.9152 3.2000 -185.7332
-260.0694 0.0000 -188.6133
-262.1286 0.0000 -191.3162
-262.1286 3.2000 -191.3162
-260.0694 3.2000 -188.6133
-262.1286 0.0000 -191.3162
-259.0499 0.0000 -193.6313
-259.0499 3.2000 -193.6313
-262.1286 3.2000 -191.3162
-259.0499 3.2000 -193.6313
-257.0009 3.2000 -190.9285
-256.3952 3.2000 -191.3826
-240.1642 3.2000 -170.0256
-245.4333 3.2000 -166.0710
-244.7570 3.2000 -165.1959
-242.9199 3.2000 -162.7589
-242.2840 3.2000 -161.9281
-237.0250 3.2000 -165.8827
-220.8445 3.2000 -144.5921
-220.6729 3.2000 -144.7250
-213.8898 3.2000 -135.7967
-221.5814 3.2000 -130.0144
-263.9152 3.2000 -185.7332
-260.0694 3.2000 -188.6133
-262.1286 3.2000 -191.3162
-242.9199 0.0000 -162.7589
-244.7570 0.0000 -165.1959
-244.7570 6.4000 -165.1959
-242.9199 6.4000 -162.7589
-244.7570 0.0000 -165.1959
-242.1527 0.0000 -167.1566
-242.1527 6.4000 -167.1566
-244.7570 6.4000 -165.1959
-242.1527 0.0000 -167.1566
-240.3056 0.0000 -164.7196
-240.3056 6.4000 -164.7196
-242.1527 6.4000 -167.1566
-240.3056 0.0000 -164.7196
-242.9199 0.0000 -162.7589
-242.9199 6.4000 -162.7589
-240.3056 6.4000 -164.7196
-242.9199 6.4000 -162.7589
-244.7570 6.4000 -165.1959
-242.1527 6.4000 -167.1566
-240.3056 6.4000 -164.7196
-222.9138 0.0000 -49.7482
-220.0067 0.0000 -46.6576
-220.0067 9.6000 -46.6576
-222.9138 9.6000 -49.7482
-220.0067 0.0000 -46.6576
-217.9476 0.0000 -48.5851
-217.9476 9.6000 -48.5851
-220.0067 9.6000 -46.6576
-217.9476 0.0000 -48.5851
-220.8546 0.0000 -51.6646
-220.8546 9.6000 -51.6646
-217.9476 9.6000 -48.5851
-220.8546 0.0000 -51.6646
-218.8863 0.0000 -53.5034
-218.8863 9.6000 -53.5034
-220.8546 9.6000 -51.6646
-218.8863 0.0000 -53.5034
-216.9483 0.0000 -55.3090
-216.9483 9.6000 -55.3090
-218.8863 9.6000 -53.5034
-216.9483 0.0000 -55.3090
-213.5062 0.0000 -51.6535
-213.5062 9.6000 -51.6535
-216.9483 9.6000 -55.3090
-213.5062 0.0000 -51.6535
-214.4349 0.0000 -50.7895
-214.4349 9.6000 -50.7895
-213.5062 9.6000 -51.6535
-214.4349 0.0000 -50.7895
-210.2358 0.0000 -46.3364
-210.2358 9.6000 -46.3364
-214.4349 9.6000 -50.7895
-210.2358 0.0000 -46.3364
-208.7722 0.0000 -44.7856
-208.7722 9.6000 -44.7856
-210.2358 9.6000 -46.3364
-208.7722 0.0000 -44.7856
-208.8731 0.0000 -43.3787
-208.8731 9.6000 -43.3787
-208.7722 9.6000 -44.7856
-208.8731 0.0000 -43.3787
-208.9640 0.0000 -42.1602
-208.9640 9.6000 -42.1602
-208.8731 9.6000 -43.3787
-208.9640 0.0000 -42.1602
-210.5184 0.0000 -40.7091
-210.5184 9.6000 -40.7091
-208.9640 9.6000 -42.1602
-210.5184 0.0000 -40.7091
-212.4666 0.0000 -38.8924
-212.4666 9.6000 -38.8924
-210.5184 9.6000 -40.7091
-212.4666 0.0000 -38.8924
-212.2445 0.0000 -38.6598
-212.2445 9.6000 -38.6598
-212.4666 9.6000 -38.8924
-212.2445 0.0000 -38.6598
-218.3513 0.0000 -32.9661
-218.3513 9.6000 -32.9661
-212.2445 9.6000 -38.6598
-218.3513 0.0000 -32.9661
-228.9095 0.0000 -44.1541
-228.9095 9.6000 -44.1541
-218.3513 9.6000 -32.9661
-228.9095 0.0000 -44.1541
-225.4978 0.0000 -47.3333
-225.4978 9.6000 -47.3333
-228.9095 9.6000 -44.1541
-225.4978 0.0000 -47.3333
-222.9138 0.0000 -49.7482
-222.9138 9.6000 -49.7482
-225.4978 9.6000 -47.3333
-222.9138 9.6000 -49.7482
-220.0067 9.6000 -46.6576
-217.9476 9.6000 -48.5851
-220.8546 9.6000 -51.6646
-218.8863 9.6000 -53.5034
-216.9483 9.6000 -55.3090
-213.5062 9.6000 -51.6535
-214.4349 9.6000 -50.7895
-210.2358 9.6000 -46.3364
-208.7722 9.6000 -44.7856
-208.8731 9.6000 -43.3787
-208.9640 9.6000 -42.1602
-210.5184 9.6000 -40.7091
-212.4666 9.6000 -38.8924
-212.2445 9.6000 -38.6598
-218.3513 9.6000 -32.9661
-228.9095 9.6000 -44.1541
-225.4978 9.6000 -47.3333
-220.8546 0.0000 -51.6646
-217.9476 0.0000 -48.5851
-217.9476 12.8000 -48.5851
-220.8546 12.8000 -51.6646
-217.9476 0.0000 -48.5851
-220.0067 0.0000 -46.6576
-220.0067 12.8000 -46.6576
-217.9476 12.8000 -48.5851
-220.0067 0.0000 -46.6576
-222.9138 0.0000 -49.7482
-222.9138 12.8000 -49.7482
-220.0067 12.8000 -46.6576
-222.9138 0.0000 -49.7482
-220.8546 0.0000 -51.6646
-220.8546 12.8000 -51.6646
-222.9138 12.8000 -49.7482
-220.8546 12.8000 -51.6646
-217.9476 12.8000 -48.5851
-220.0067 12.8000 -46.6576
-222.9138 12.8000 -49.7482
-205.9964 0.0000 -69.9643
-213.3044 0.0000 -63.1517
-213.3044 3.2000 -63.1517
-205.9964 3.2000 -69.9643
-213.3044 0.0000 -63.1517
-214.6771 0.0000 -64.6139
-214.6771 3.2000 -64.6139
-213.3044 3.2000 -63.1517
-214.6771 0.0000 -64.6139
-220.3499 0.0000 -70.6068
-220.3499 3.2000 -70.6068
-214.6771 3.2000 -64.6139
-220.3499 0.0000 -70.6068
-222.1870 0.0000 -72.5564
-222.1870 3.2000 -72.5564
-220.3499 3.2000 -70.6068
-222.1870 0.0000 -72.5564
-208.0555 0.0000 -85.7494
-208.0555 3.2000 -85.7494
-222.1870 3.2000 -72.5564
-208.0555 0.0000 -85.7494
-186.2224 0.0000 -62.6200
-186.2224 3.2000 -62.6200
-208.0555 3.2000 -85.7494
-186.2224 0.0000 -62.6200
-191.3097 0.0000 -57.8789
-191.3097 3.2000 -57.8789
-186.2224 3.2000 -62.6200
-191.3097 0.0000 -57.8789
-191.6328 0.0000 -58.2223
-191.6328 3.2000 -58.2223
-191.3097 3.2000 -57.8789
-191.6328 0.0000 -58.2223
-192.9147 0.0000 -59.5848
-192.9147 3.2000 -59.5848
-191.6328 3.2000 -58.2223
-192.9147 0.0000 -59.5848
-194.3783 0.0000 -61.1357
-194.3783 3.2000 -61.1357
-192.9147 3.2000 -59.5848
-194.3783 0.0000 -61.1357
-191.1886 0.0000 -64.1044
-191.1886 3.2000 -64.1044
-194.3783 3.2000 -61.1357
-191.1886 0.0000 -64.1044
-201.5752 0.0000 -75.1152
-201.5752 3.2000 -75.1152
-191.1886 3.2000 -64.1044
-201.5752 0.0000 -75.1152
-206.5112 0.0000 -70.5181
-206.5112 3.2000 -70.5181
-201.5752 3.2000 -75.1152
-206.5112 0.0000 -70.5181
-205.9964 0.0000 -69.9643
-205.9964 3.2000 -69.9643
-206.5112 3.2000 -70.5181
-205.9964 3.2000 -69.9643
-213.3044 3.2000 -63.1517
-214.6771 3.2000 -64.6139
-220.3499 3.2000 -70.6068
-222.1870 3.2000 -72.5564
-208.0555 3.2000 -85.7494
-186.2224 3.2000 -62.6200
-191.3097 3.2000 -57.8789
-191.6328 3.2000 -58.2223
-192.9147 3.2000 -59.5848
-194.3783 3.2000 -61.1357
-191.1886 3.2000 -64.1044
-201.5752 3.2000 -75.1152
-206.5112 3.2000 -70.5181
-210.2358 0.0000 -46.3364
-214.4349 0.0000 -50.7895
-214.4349 6.4000 -50.7895
-210.2358 6.4000 -46.3364
-214.4349 0.0000 -50.7895
-213.5062 0.0000 -51.6535
-213.5062 6.4000 -51.6535
-214.4349 6.4000 -50.7895
-213.5062 0.0000 -51.6535
-216.9483 0.0000 -55.3090
-216.9483 6.4000 -55.3090
-213.5062 6.4000 -51.6535
-216.9483 0.0000 -55.3090
-206.8947 0.0000 -64.6915
-206.8947 6.4000 -64.6915
-216.9483 6.4000 -55.3090
-206.8947 0.0000 -64.6915
-203.7757 0.0000 -67.6048
-203.7757 6.4000 -67.6048
-206.8947 6.4000 -64.6915
-203.7757 0.0000 -67.6048
-204.8659 0.0000 -68.7568
-204.8659 6.4000 -68.7568
-203.7757 6.4000 -67.6048
-204.8659 0.0000 -68.7568
-205.9964 0.0000 -69.9643
-205.9964 6.4000 -69.9643
-204.8659 6.4000 -68.7568
-205.9964 0.0000 -69.9643
-206.5112 0.0000 -70.5181
-206.5112 6.4000 -70.5181
-205.9964 6.4000 -69.9643
-206.5112 0.0000 -70.5181
-201.5752 0.0000 -75.1152
-201.5752 6.4000 -75.1152
-206.5112 6.4000 -70.5181
-201.5752 0.0000 -75.1152
-191.1886 0.0000 -64.1044
-191.1886 6.4000 -64.1044
-201.5752 6.4000 -75.1152
-191.1886 0.0000 -64.1044
-194.3783 0.0000 -61.1357
-194.3783 6.4000 -61.1357
-191.1886 6.4000 -64.1044
-194.3783 0.0000 -61.1357
-195.1555 0.0000 -60.4046
-195.1555 6.4000 -60.4046
-194.3783 6.4000 -61.1357
-195.1555 0.0000 -60.4046
-210.2358 0.0000 -46.3364
-210.2358 6.4000 -46.3364
-195.1555 6.4000 -60.4046
-210.2358 6.4000 -46.3364
-214.4349 6.4000 -50.7895
-213.5062 6.4000 -51.6535
-216.9483 6.4000 -55.3090
-206.8947 6.4000 -64.6915
-203.7757 6.4000 -67.6048
-204.8659 6.4000 -68.7568
-205.9964 6.4000 -69.9643
-206.5112 6.4000 -70.5181
-201.5752 6.4000 -75.1152
-191.1886 6.4000 -64.1044
-194.3783 6.4000 -61.1357
-195.1555 6.4000 -60.4046
175.9266 0.0000 -247.8658
172.9489 0.0000 -245.7390
172.9489 6.4000 -245.7390
175.9266 6.4000 -247.8658
172.9489 0.0000 -245.7390
157.7172 0.0000 -266.9520
157.7172 6.4000 -266.9520
172.9489 6.4000 -245.7390
157.7172 0.0000 -266.9520
168.2956 0.0000 -274.4624
168.2956 6.4000 -274.4624
157.7172 6.4000 -266.9520
168.2956 0.0000 -274.4624
173.1912 0.0000 -277.9407
173.1912 6.4000 -277.9407
168.2956 6.4000 -274.4624
173.1912 0.0000 -277.9407
179.4999 0.0000 -282.4270
179.4999 6.4000 -282.4270
173.1912 6.4000 -277.9407
179.4999 0.0000 -282.4270
203.4527 0.0000 -249.0733
203.4527 6.4000 -249.0733
179.4999 6.4000 -282.4270
203.4527 0.0000 -249.0733
202.0194 0.0000 -248.0541
202.0194 6.4000 -248.0541
203.4527 6.4000 -249.0733
202.0194 0.0000 -248.0541
215.8177 0.0000 -228.8350
215.8177 6.4000 -228.8350
202.0194 6.4000 -248.0541
215.8177 0.0000 -228.8350
212.4464 0.0000 -226.0546
212.4464 6.4000 -226.0546
215.8177 6.4000 -228.8350
212.4464 0.0000 -226.0546
190.6435 0.0000 -256.4064
190.6435 6.4000 -256.4064
212.4464 6.4000 -226.0546
190.6435 0.0000 -256.4064
189.7351 0.0000 -257.6692
189.7351 6.4000 -257.6692
190.6435 6.4000 -256.4064
189.7351 0.0000 -257.6692
175.9266 0.0000 -247.8658
175.9266 6.4000 -247.8658
189.7351 6.4000 -257.6692
175.9266 6.4000 -247.8658
172.9489 6.4000 -245.7390
157.7172 6.4000 -266.9520
168.2956 6.4000 -274.4624
173.1912 6.4000 -277.9407
179.4999 6.4000 -282.4270
203.4527 6.4000 -249.0733
202.0194 6.4000 -248.0541
215.8177 6.4000 -228.8350
212.4464 6.4000 -226.0546
190.6435 6.4000 -256.4064
189.7351 6.4000 -257.6692
225.8107 0.0000 -180.8038
220.3600 0.0000 -176.1957
220.3600 22.4000 -176.1957
225.8107 22.4000 -180.8038
220.3600 0.0000 -176.1957
217.7760 0.0000 -179.2198
217.7760 22.4000 -179.2198
220.3600 22.4000 -176.1957
217.7760 0.0000 -179.2198
223.2267 0.0000 -183.8279
223.2267 22.4000 -183.8279
217.7760 22.4000 -179.2198
223.2267 0.0000 -183.8279
225.5483 0.0000 -181.1251
225.5483 22.4000 -181.1251
223.2267 22.4000 -183.8279
225.5483 0.0000 -181.1251
225.8107 0.0000 -180.8038
225.8107 22.4000 -180.8038
225.5483 22.4000 -181.1251
225.8107 22.4000 -180.8038
220.3600 22.4000 -176.1957
217.7760 22.4000 -179.2198
223.2267 22.4000 -183.8279
225.5483 22.4000 -181.1251
258.6462 0.0000 -198.1509
257.7882 0.0000 -197.4752
257.7882 19.2000 -197.4752
258.6462 19.2000 -198.1509
257.7882 0.0000 -197.4752
262.0377 0.0000 -192.1137
262.0377 19.2000 -192.1137
257.7882 19.2000 -197.4752
262.0377 0.0000 -192.1137
261.5936 0.0000 -191.7593
261.5936 19.2000 -191.7593
262.0377 19.2000 -192.1137
261.5936 0.0000 -191.7593
266.4185 0.0000 -185.8661
266.4185 19.2000 -185.8661
261.5936 19.2000 -191.7593
266.4185 0.0000 -185.8661
253.5790 0.0000 -180.4272
253.5790 19.2000 -180.4272
266.4185 19.2000 -185.8661
253.5790 0.0000 -180.4272
241.0525 0.0000 -174.3125
241.0525 19.2000 -174.3125
253.5790 19.2000 -180.4272
241.0525 0.0000 -174.3125
234.5016 0.0000 -170.6570
234.5016 19.2000 -170.6570
241.0525 19.2000 -174.3125
234.5016 0.0000 -170.6570
225.8107 0.0000 -180.8038
225.8107 19.2000 -180.8038
234.5016 19.2000 -170.6570
225.8107 0.0000 -180.8038
225.5483 0.0000 -181.1251
225.5483 19.2000 -181.1251
225.8107 19.2000 -180.8038
225.5483 0.0000 -181.1251
253.1955 0.0000 -204.5757
253.1955 19.2000 -204.5757
225.5483 19.2000 -181.1251
253.1955 0.0000 -204.5757
258.6462 0.0000 -198.1509
258.6462 19.2000 -198.1509
253.1955 19.2000 -204.5757
258.6462 19.2000 -198.1509
257.7882 19.2000 -197.4752
262.0377 19.2000 -192.1137
261.5936 19.2000 -191.7593
266.4185 19.2000 -185.8661
253.5790 19.2000 -180.4272
241.0525 19.2000 -174.3125
234.5016 19.2000 -170.6570
225.8107 19.2000 -180.8038
225.5483 19.2000 -181.1251
253.1955 19.2000 -204.5757
212.9915 0.0000 -87.7877
213.2640 0.0000 -85.2731
213.2640 6.4000 -85.2731
212.9915 6.4000 -87.7877
213.2640 0.0000 -85.2731
212.1436 0.0000 -85.1623
212.1436 6.4000 -85.1623
213.2640 6.4000 -85.2731
212.1436 0.0000 -85.1623
211.0938 0.0000 -85.0626
211.0938 6.4000 -85.0626
212.1436 6.4000 -85.1623
211.0938 0.0000 -85.0626
210.0339 0.0000 -91.1552
210.0339 6.4000 -91.1552
211.0938 6.4000 -85.0626
210.0339 0.0000 -91.1552
209.3677 0.0000 -94.6667
209.3677 6.4000 -94.6667
210.0339 6.4000 -91.1552
209.3677 0.0000 -94.6667
208.3583 0.0000 -98.9757
208.3583 6.4000 -98.9757
209.3677 6.4000 -94.6667
208.3583 0.0000 -98.9757
207.1471 0.0000 -103.2405
207.1471 6.4000 -103.2405
208.3583 6.4000 -98.9757
207.1471 0.0000 -103.2405
205.7440 0.0000 -107.4388
205.7440 6.4000 -107.4388
207.1471 6.4000 -103.2405
205.7440 0.0000 -107.4388
204.1593 0.0000 -111.5817
204.1593 6.4000 -111.5817
205.7440 6.4000 -107.4388
204.1593 0.0000 -111.5817
202.3929 0.0000 -115.6471
202.3929 6.4000 -115.6471
204.1593 6.4000 -111.5817
202.3929 0.0000 -115.6471
200.4447 0.0000 -119.6238
200.4447 6.4000 -119.6238
202.3929 6.4000 -115.6471
200.4447 0.0000 -119.6238
198.3250 0.0000 -123.5120
198.3250 6.4000 -123.5120
200.4447 6.4000 -119.6238
198.3250 0.0000 -123.5120
196.0337 0.0000 -127.3115
196.0337 6.4000 -127.3115
198.3250 6.4000 -123.5120
196.0337 0.0000 -127.3115
193.5708 0.0000 -131.0002
193.5708 6.4000 -131.0002
196.0337 6.4000 -127.3115
193.5708 0.0000 -131.0002
190.9464 0.0000 -134.5782
190.9464 6.4000 -134.5782
193.5708 6.4000 -131.0002
190.9464 0.0000 -134.5782
188.1705 0.0000 -138.0343
188.1705 6.4000 -138.0343
190.9464 6.4000 -134.5782
188.1705 0.0000 -138.0343
185.2332 0.0000 -141.3686
185.2332 6.4000 -141.3686
188.1705 6.4000 -138.0343
185.2332 0.0000 -141.3686
182.1647 0.0000 -144.5699
182.1647 6.4000 -144.5699
185.2332 6.4000 -141.3686
182.1647 0.0000 -144.5699
178.9447 0.0000 -147.6273
178.9447 6.4000 -147.6273
182.1647 6.4000 -144.5699
178.9447 0.0000 -147.6273
175.5935 0.0000 -150.5406
175.5935 6.4000 -150.5406
178.9447 6.4000 -147.6273
175.5935 0.0000 -150.5406
176.6332 0.0000 -151.4268
176.6332 6.4000 -151.4268
175.5935 6.4000 -150.5406
176.6332 0.0000 -151.4268
178.8942 0.0000 -153.3653
178.8942 6.4000 -153.3653
176.6332 6.4000 -151.4268
178.8942 0.0000 -153.3653
179.6311 0.0000 -153.9967
179.6311 6.4000 -153.9967
178.8942 6.4000 -153.3653
179.6311 0.0000 -153.9967
183.4769 0.0000 -157.2978
183.4769 6.4000 -157.2978
179.6311 6.4000 -153.9967
183.4769 0.0000 -157.2978
184.6982 0.0000 -158.3390
184.6982 6.4000 -158.3390
183.4769 6.4000 -157.2978
184.6982 0.0000 -158.3390
196.3264 0.0000 -144.7029
196.3264 6.4000 -144.7029
184.6982 6.4000 -158.3390
196.3264 0.0000 -144.7029
203.8867 0.0000 -135.8410
203.8867 6.4000 -135.8410
196.3264 6.4000 -144.7029
203.8867 0.0000 -135.8410
214.1825 0.0000 -144.8469
214.1825 6.4000 -144.8469
203.8867 6.4000 -135.8410
214.1825 0.0000 -144.8469
220.6830 0.0000 -149.8649
220.6830 6.4000 -149.8649
214.1825 6.4000 -144.8469
220.6830 0.0000 -149.8649
221.8438 0.0000 -145.8438
221.8438 6.4000 -145.8438
220.6830 6.4000 -149.8649
221.8438 0.0000 -145.8438
223.2469 0.0000 -141.1360
223.2469 6.4000 -141.1360
221.8438 6.4000 -145.8438
223.2469 0.0000 -141.1360
226.7595 0.0000 -131.8532
226.7595 6.4000 -131.8532
223.2469 6.4000 -141.1360
226.7595 0.0000 -131.8532
231.1504 0.0000 -122.9581
231.1504 6.4000 -122.9581
226.7595 6.4000 -131.8532
231.1504 0.0000 -122.9581
233.2802 0.0000 -119.5241
233.2802 6.4000 -119.5241
231.1504 6.4000 -122.9581
233.2802 0.0000 -119.5241
232.6947 0.0000 -116.6662
232.6947 6.4000 -116.6662
233.2802 6.4000 -119.5241
232.6947 0.0000 -116.6662
231.2412 0.0000 -114.1406
231.2412 6.4000 -114.1406
232.6947 6.4000 -116.6662
231.2412 0.0000 -114.1406
229.0710 0.0000 -112.1799
229.0710 6.4000 -112.1799
231.2412 6.4000 -114.1406
229.0710 0.0000 -112.1799
226.3962 0.0000 -110.9946
226.3962 6.4000 -110.9946
229.0710 6.4000 -112.1799
226.3962 0.0000 -110.9946
223.4891 0.0000 -110.6955
223.4891 6.4000 -110.6955
226.3962 6.4000 -110.9946
223.4891 0.0000 -110.6955
220.6224 0.0000 -111.3159
220.6224 6.4000 -111.3159
223.4891 6.4000 -110.6955
220.6224 0.0000 -111.3159
218.4623 0.0000 -112.5122
218.4623 6.4000 -112.5122
220.6224 6.4000 -111.3159
218.4623 0.0000 -112.5122
208.6914 0.0000 -101.0250
208.6914 6.4000 -101.0250
218.4623 6.4000 -112.5122
208.6914 0.0000 -101.0250
209.1659 0.0000 -98.8317
209.1659 6.4000 -98.8317
208.6914 6.4000 -101.0250
209.1659 0.0000 -98.8317
210.1147 0.0000 -94.7553
210.1147 6.4000 -94.7553
209.1659 6.4000 -98.8317
210.1147 0.0000 -94.7553
211.0534 0.0000 -90.1914
211.0534 6.4000 -90.1914
210.1147 6.4000 -94.7553
211.0534 0.0000 -90.1914
212.9915 0.0000 -87.7877
212.9915 6.4000 -87.7877
211.0534 6.4000 -90.1914
212.9915 6.4000 -87.7877
213.2640 6.4000 -85.2731
212.1436 6.4000 -85.1623
211.0938 6.4000 -85.0626
210.0339 6.4000 -91.1552
209.3677 6.4000 -94.6667
208.3583 6.4000 -98.9757
207.1471 6.4000 -103.2405
205.7440 6.4000 -107.4388
204.1593 6.4000 -111.5817
202.3929 6.4000 -115.6471
200.4447 6.4000 -119.6238
198.3250 6.4000 -123.5120
196.0337 6.4000 -127.3115
193.5708 6.4000 -131.0002
190.9464 6.4000 -134.5782
188.1705 6.4000 -138.0343
185.2332 6.4000 -141.3686
182.1647 6.4000 -144.5699
178.9447 6.4000 -147.6273
175.5935 6.4000 -150.5406
176.6332 6.4000 -151.4268
178.8942 6.4000 -153.3653
179.6311 6.4000 -153.9967
183.4769 6.4000 -157.2978
184.6982 6.4000 -158.3390
196.3264 6.4000 -144.7029
203.8867 6.4000 -135.8410
214.1825 6.4000 -144.8469
220.6830 6.4000 -149.8649
221.8438 6.4000 -145.8438
223.2469 6.4000 -141.1360
226.7595 6.4000 -131.8532
231.1504 6.4000 -122.9581
233.2802 6.4000 -119.5241
232.6947 6.4000 -116.6662
231.2412 6.4000 -114.1406
229.0710 6.4000 -112.1799
226.3962 6.4000 -110.9946
223.4891 6.4000 -110.6955
220.6224 6.4000 -111.3159
218.4623 6.4000 -112.5122
208.6914 6.4000 -101.0250
209.1659 6.4000 -98.8317
210.1147 6.4000 -94.7553
211.0534 6.4000 -90.1914
289.7152 0.0000 -100.7481
287.7166 0.0000 -106.0320
287.7166 6.4000 -106.0320
289.7152 6.4000 -100.7481
287.7166 0.0000 -106.0320
284.3150 0.0000 -113.4427
284.3150 6.4000 -113.4427
287.7166 6.4000 -106.0320
284.3150 0.0000 -113.4427
280.3178 0.0000 -120.5543
280.3178 6.4000 -120.5543
284.3150 6.4000 -113.4427
280.3178 0.0000 -120.5543
275.7553 0.0000 -127.3226
275.7553 6.4000 -127.3226
280.3178 6.4000 -120.5543
275.7553 0.0000 -127.3226
270.6579 0.0000 -133.6920
270.6579 6.4000 -133.6920
275.7553 6.4000 -127.3226
270.6579 0.0000 -133.6920
265.0558 0.0000 -139.6405
265.0558 6.4000 -139.6405
270.6579 6.4000 -133.6920
265.0558 0.0000 -139.6405
258.9894 0.0000 -145.1127
258.9894 6.4000 -145.1127
265.0558 6.4000 -139.6405
258.9894 0.0000 -145.1127
257.8992 0.0000 -143.6616
257.8992 6.4000 -143.6616
258.9894 6.4000 -145.1127
257.8992 0.0000 -143.6616
252.0448 0.0000 -147.9707
252.0448 6.4000 -147.9707
257.8992 6.4000 -143.6616
252.0448 0.0000 -147.9707
244.4239 0.0000 -152.9112
244.4239 6.4000 -152.9112
252.0448 6.4000 -147.9707
244.4239 0.0000 -152.9112
236.4800 0.0000 -157.3310
236.4800 6.4000 -157.3310
244.4239 6.4000 -152.9112
236.4800 0.0000 -157.3310
233.5426 0.0000 -158.9594
233.5426 6.4000 -158.9594
236.4800 6.4000 -157.3310
233.5426 0.0000 -158.9594
236.0560 0.0000 -160.6653
236.0560 6.4000 -160.6653
233.5426 6.4000 -158.9594
236.0560 0.0000 -160.6653
247.6943 0.0000 -167.5443
247.6943 6.4000 -167.5443
236.0560 6.4000 -160.6653
247.6943 0.0000 -167.5443
259.7262 0.0000 -173.6811
259.7262 6.4000 -173.6811
247.6943 6.4000 -167.5443
259.7262 0.0000 -173.6811
264.6722 0.0000 -175.9409
264.6722 6.4000 -175.9409
259.7262 6.4000 -173.6811
264.6722 0.0000 -175.9409
311.9521 0.0000 -119.4245
311.9521 6.4000 -119.4245
264.6722 6.4000 -175.9409
311.9521 0.0000 -119.4245
310.3471 0.0000 -118.0730
310.3471 6.4000 -118.0730
311.9521 6.4000 -119.4245
310.3471 0.0000 -118.0730
290.0584 0.0000 -101.0361
290.0584 6.4000 -101.0361
310.3471 6.4000 -118.0730
290.0584 0.0000 -101.0361
289.7152 0.0000 -100.7481
289.7152 6.4000 -100.7481
290.0584 6.4000 -101.0361
289.7152 6.4000 -100.7481
287.7166 6.4000 -106.0320
284.3150 6.4000 -113.4427
280.3178 6.4000 -120.5543
275.7553 6.4000 -127.3226
270.6579 6.4000 -133.6920
265.0558 6.4000 -139.6405
258.9894 6.4000 -145.1127
257.8992 6.4000 -143.6616
252.0448 6.4000 -147.9707
244.4239 6.4000 -152.9112
236.4800 6.4000 -157.3310
233.5426 6.4000 -158.9594
236.0560 6.4000 -160.6653
247.6943 6.4000 -167.5443
259.7262 6.4000 -173.6811
264.6722 6.4000 -175.9409
311.9521 6.4000 -119.4245
310.3471 6.4000 -118.0730
290.0584 6.4000 -101.0361
224.6297 0.0000 -98.0231
225.1344 0.0000 -97.4803
225.1344 25.6000 -97.4803
224.6297 25.6000 -98.0231
225.1344 0.0000 -97.4803
228.7985 0.0000 -97.3363
228.7985 25.6000 -97.3363
225.1344 25.6000 -97.4803
228.7985 0.0000 -97.3363
229.4445 0.0000 -97.9234
229.4445 25.6000 -97.9234
228.7985 25.6000 -97.3363
229.4445 0.0000 -97.9234
229.7675 0.0000 -106.3200
229.7675 25.6000 -106.3200
229.4445 25.6000 -97.9234
229.7675 0.0000 -106.3200
232.2203 0.0000 -103.3513
232.2203 25.6000 -103.3513
229.7675 25.6000 -106.3200
232.2203 0.0000 -103.3513
240.0633 0.0000 -93.8802
240.0633 25.6000 -93.8802
232.2203 25.6000 -103.3513
240.0633 0.0000 -93.8802
234.8851 0.0000 -89.6486
234.8851 25.6000 -89.6486
240.0633 25.6000 -93.8802
234.8851 0.0000 -89.6486
237.5095 0.0000 -86.4805
237.5095 25.6000 -86.4805
234.8851 25.6000 -89.6486
237.5095 0.0000 -86.4805
242.6776 0.0000 -90.7121
242.6776 25.6000 -90.7121
237.5095 25.6000 -86.4805
242.6776 0.0000 -90.7121
252.6706 0.0000 -78.6378
252.6706 25.6000 -78.6378
242.6776 25.6000 -90.7121
252.6706 0.0000 -78.6378
253.8819 0.0000 -77.1867
253.8819 25.6000 -77.1867
252.6706 25.6000 -78.6378
253.8819 0.0000 -77.1867
239.2558 0.0000 -65.2453
239.2558 25.6000 -65.2453
253.8819 25.6000 -77.1867
239.2558 0.0000 -65.2453
215.3736 0.0000 -94.8328
215.3736 25.6000 -94.8328
239.2558 25.6000 -65.2453
215.3736 0.0000 -94.8328
213.9201 0.0000 -101.0694
213.9201 25.6000 -101.0694
215.3736 25.6000 -94.8328
213.9201 0.0000 -101.0694
217.7356 0.0000 -108.1588
217.7356 25.6000 -108.1588
213.9201 25.6000 -101.0694
217.7356 0.0000 -108.1588
220.4408 0.0000 -107.0289
220.4408 25.6000 -107.0289
217.7356 25.6000 -108.1588
220.4408 0.0000 -107.0289
223.2469 0.0000 -106.5415
223.2469 25.6000 -106.5415
220.4408 25.6000 -107.0289
223.2469 0.0000 -106.5415
224.9729 0.0000 -106.6302
224.9729 25.6000 -106.6302
223.2469 25.6000 -106.5415
224.9729 0.0000 -106.6302
224.6297 0.0000 -98.0231
224.6297 25.6000 -98.0231
224.9729 25.6000 -106.6302
224.6297 25.6000 -98.0231
225.1344 25.6000 -97.4803
228.7985 25.6000 -97.3363
229.4445 25.6000 -97.9234
229.7675 25.6000 -106.3200
232.2203 25.6000 -103.3513
240.0633 25.6000 -93.8802
234.8851 25.6000 -89.6486
237.5095 25.6000 -86.4805
242.6776 25.6000 -90.7121
252.6706 25.6000 -78.6378
253.8819 25.6000 -77.1867
239.2558 25.6000 -65.2453
215.3736 25.6000 -94.8328
213.9201 25.6000 -101.0694
217.7356 25.6000 -108.1588
220.4408 25.6000 -107.0289
223.2469 25.6000 -106.5415
224.9729 25.6000 -106.6302
242.6776 0.0000 -90.7121
237.5095 0.0000 -86.4805
237.5095 28.8000 -86.4805
242.6776 28.8000 -90.7121
237.5095 0.0000 -86.4805
234.8851 0.0000 -89.6486
234.8851 28.8000 -89.6486
237.5095 28.8000 -86.4805
234.8851 0.0000 -89.6486
240.0633 0.0000 -93.8802
240.0633 28.8000 -93.8802
234.8851 28.8000 -89.6486
240.0633 0.0000 -93.8802
242.6776 0.0000 -90.7121
242.6776 28.8000 -90.7121
240.0633 28.8000 -93.8802
242.6776 28.8000 -90.7121
237.5095 28.8000 -86.4805
234.8851 28.8000 -89.6486
240.0633 28.8000 -93.8802
225.1344 0.0000 -97.4803
224.6297 0.0000 -98.0231
224.6297 28.8000 -98.0231
225.1344 28.8000 -97.4803
224.6297 0.0000 -98.0231
224.9729 0.0000 -106.6302
224.9729 28.8000 -106.6302
224.6297 28.8000 -98.0231
224.9729 0.0000 -106.6302
226.0832 0.0000 -106.6966
226.0832 28.8000 -106.6966
224.9729 28.8000 -106.6302
226.0832 0.0000 -106.6966
228.8288 0.0000 -107.4610
228.8288 28.8000 -107.4610
226.0832 28.8000 -106.6966
228.8288 0.0000 -107.4610
229.7675 0.0000 -106.3200
229.7675 28.8000 -106.3200
228.8288 28.8000 -107.4610
229.7675 0.0000 -106.3200
229.4445 0.0000 -97.9234
229.4445 28.8000 -97.9234
229.7675 28.8000 -106.3200
229.4445 0.0000 -97.9234
228.7985 0.0000 -97.3363
228.7985 28.8000 -97.3363
229.4445 28.8000 -97.9234
228.7985 0.0000 -97.3363
225.1344 0.0000 -97.4803
225.1344 28.8000 -97.4803
228.7985 28.8000 -97.3363
225.1344 28.8000 -97.4803
224.6297 28.8000 -98.0231
224.9729 28.8000 -106.6302
226.0832 28.8000 -106.6966
228.8288 28.8000 -107.4610
229.7675 28.8000 -106.3200
229.4445 28.8000 -97.9234
228.7985 28.8000 -97.3363
239.7201 0.0000 -110.1417
238.7511 0.0000 -108.1699
238.7511 19.2000 -108.1699
239.7201 19.2000 -110.1417
238.7511 0.0000 -108.1699
236.9544 0.0000 -106.0874
236.9544 19.2000 -106.0874
238.7511 19.2000 -108.1699
236.9544 0.0000 -106.0874
234.6732 0.0000 -104.2818
234.6732 19.2000 -104.2818
236.9544 19.2000 -106.0874
234.6732 0.0000 -104.2818
232.2203 0.0000 -103.3513
232.2203 19.2000 -103.3513
234.6732 19.2000 -104.2818
232.2203 0.0000 -103.3513
229.7675 0.0000 -106.3200
229.7675 19.2000 -106.3200
232.2203 19.2000 -103.3513
229.7675 0.0000 -106.3200
228.8288 0.0000 -107.4610
228.8288 19.2000 -107.4610
229.7675 19.2000 -106.3200
228.8288 0.0000 -107.4610
226.0832 0.0000 -106.6966
226.0832 19.2000 -106.6966
228.8288 19.2000 -107.4610
226.0832 0.0000 -106.6966
224.9729 0.0000 -106.6302
224.9729 19.2000 -106.6302
226.0832 19.2000 -106.6966
224.9729 0.0000 -106.6302
223.2469 0.0000 -106.5415
223.2469 19.2000 -106.5415
224.9729 19.2000 -106.6302
223.2469 0.0000 -106.5415
220.4408 0.0000 -107.0289
220.4408 19.2000 -107.0289
223.2469 19.2000 -106.5415
220.4408 0.0000 -107.0289
217.7356 0.0000 -108.1588
217.7356 19.2000 -108.1588
220.4408 19.2000 -107.0289
217.7356 0.0000 -108.1588
213.9201 0.0000 -101.0694
213.9201 19.2000 -101.0694
217.7356 19.2000 -108.1588
213.9201 0.0000 -101.0694
215.3736 0.0000 -94.8328
215.3736 19.2000 -94.8328
213.9201 19.2000 -101.0694
215.3736 0.0000 -94.8328
239.2558 0.0000 -65.2453
239.2558 19.2000 -65.2453
215.3736 19.2000 -94.8328
239.2558 0.0000 -65.2453
253.8819 0.0000 -77.1867
253.8819 19.2000 -77.1867
239.2558 19.2000 -65.2453
253.8819 0.0000 -77.1867
252.6706 0.0000 -78.6378
252.6706 19.2000 -78.6378
253.8819 19.2000 -77.1867
252.6706 0.0000 -78.6378
255.1638 0.0000 -80.6760
255.1638 19.2000 -80.6760
252.6706 19.2000 -78.6378
255.1638 0.0000 -80.6760
259.3124 0.0000 -75.6026
259.3124 19.2000 -75.6026
255.1638 19.2000 -80.6760
259.3124 0.0000 -75.6026
258.8178 0.0000 -75.1928
258.8178 19.2000 -75.1928
259.3124 19.2000 -75.6026
258.8178 0.0000 -75.1928
251.9842 0.0000 -69.6098
251.9842 19.2000 -69.6098
258.8178 19.2000 -75.1928
251.9842 0.0000 -69.6098
237.3279 0.0000 -57.6352
237.3279 19.2000 -57.6352
251.9842 19.2000 -69.6098
237.3279 0.0000 -57.6352
212.9915 0.0000 -87.7877
212.9915 19.2000 -87.7877
237.3279 19.2000 -57.6352
212.9915 0.0000 -87.7877
211.0534 0.0000 -90.1914
211.0534 19.2000 -90.1914
212.9915 19.2000 -87.7877
211.0534 0.0000 -90.1914
210.1147 0.0000 -94.7553
210.1147 19.2000 -94.7553
211.0534 19.2000 -90.1914
210.1147 0.0000 -94.7553
209.1659 0.0000 -98.8317
209.1659 19.2000 -98.8317
210.1147 19.2000 -94.7553
209.1659 0.0000 -98.8317
208.6914 0.0000 -101.0250
208.6914 19.2000 -101.0250
209.1659 19.2000 -98.8317
208.6914 0.0000 -101.0250
218.4623 0.0000 -112.5122
218.4623 19.2000 -112.5122
208.6914 19.2000 -101.0250
218.4623 0.0000 -112.5122
220.6224 0.0000 -111.3159
220.6224 19.2000 -111.3159
218.4623 19.2000 -112.5122
220.6224 0.0000 -111.3159
223.4891 0.0000 -110.6955
223.4891 19.2000 -110.6955
220.6224 19.2000 -111.3159
223.4891 0.0000 -110.6955
226.3962 0.0000 -110.9946
226.3962 19.2000 -110.9946
223.4891 19.2000 -110.6955
226.3962 0.0000 -110.9946
229.0710 0.0000 -112.1799
229.0710 19.2000 -112.1799
226.3962 19.2000 -110.9946
229.0710 0.0000 -112.1799
231.2412 0.0000 -114.1406
231.2412 19.2000 -114.1406
229.0710 19.2000 -112.1799
231.2412 0.0000 -114.1406
232.6947 0.0000 -116.6662
232.6947 19.2000 -116.6662
231.2412 19.2000 -114.1406
232.6947 0.0000 -116.6662
233.2802 0.0000 -119.5241
233.2802 19.2000 -119.5241
232.6947 19.2000 -116.6662
233.2802 0.0000 -119.5241
236.3891 0.0000 -114.5172
236.3891 19.2000 -114.5172
233.2802 19.2000 -119.5241
236.3891 0.0000 -114.5172
239.7201 0.0000 -110.1417
239.7201 19.2000 -110.1417
236.3891 19.2000 -114.5172
239.7201 19.2000 -110.1417
238.7511 19.2000 -108.1699
236.9544 19.2000 -106.0874
234.6732 19.2000 -104.2818
232.2203 19.2000 -103.3513
229.7675 19.2000 -106.3200
228.8288 19.2000 -107.4610
226.0832 19.2000 -106.6966
224.9729 19.2000 -106.6302
223.2469 19.2000 -106.5415
220.4408 19.2000 -107.0289
217.7356 19.2000 -108.1588
213.9201 19.2000 -101.0694
215.3736 19.2000 -94.8328
239.2558 19.2000 -65.2453
253.8819 19.2000 -77.1867
252.6706 19.2000 -78.6378
255.1638 19.2000 -80.6760
259.3124 19.2000 -75.6026
258.8178 19.2000 -75.1928
251.9842 19.2000 -69.6098
237.3279 19.2000 -57.6352
212.9915 19.2000 -87.7877
211.0534 19.2000 -90.1914
210.1147 19.2000 -94.7553
209.1659 19.2000 -98.8317
208.6914 19.2000 -101.0250
218.4623 19.2000 -112.5122
220.6224 19.2000 -111.3159
223.4891 19.2000 -110.6955
226.3962 19.2000 -110.9946
229.0710 19.2000 -112.1799
231.2412 19.2000 -114.1406
232.6947 19.2000 -116.6662
233.2802 19.2000 -119.5241
236.3891 19.2000 -114.5172
239.7201 0.0000 -110.1417
242.4152 0.0000 -106.6080
242.4152 19.2000 -106.6080
239.7201 19.2000 -110.1417
242.4152 0.0000 -106.6080
249.1680 0.0000 -99.3191
249.1680 19.2000 -99.3191
242.4152 19.2000 -106.6080
249.1680 0.0000 -99.3191
253.8314 0.0000 -95.1651
253.8314 19.2000 -95.1651
249.1680 19.2000 -99.3191
253.8314 0.0000 -95.1651
247.4722 0.0000 -89.9699
247.4722 19.2000 -89.9699
253.8314 19.2000 -95.1651
247.4722 0.0000 -89.9699
255.1638 0.0000 -80.6760
255.1638 19.2000 -80.6760
247.4722 19.2000 -89.9699
255.1638 0.0000 -80.6760
252.6706 0.0000 -78.6378
252.6706 19.2000 -78.6378
255.1638 19.2000 -80.6760
252.6706 0.0000 -78.6378
242.6776 0.0000 -90.7121
242.6776 19.2000 -90.7121
252.6706 19.2000 -78.6378
242.6776 0.0000 -90.7121
240.0633 0.0000 -93.8802
240.0633 19.2000 -93.8802
242.6776 19.2000 -90.7121
240.0633 0.0000 -93.8802
232.2203 0.0000 -103.3513
232.2203 19.2000 -103.3513
240.0633 19.2000 -93.8802
232.2203 0.0000 -103.3513
234.6732 0.0000 -104.2818
234.6732 19.2000 -104.2818
232.2203 19.2000 -103.3513
234.6732 0.0000 -104.2818
236.9544 0.0000 -106.0874
236.9544 19.2000 -106.0874
234.6732 19.2000 -104.2818
236.9544 0.0000 -106.0874
238.7511 0.0000 -108.1699
238.7511 19.2000 -108.1699
236.9544 19.2000 -106.0874
238.7511 0.0000 -108.1699
239.7201 0.0000 -110.1417
239.7201 19.2000 -110.1417
238.7511 19.2000 -108.1699
239.7201 19.2000 -110.1417
242.4152 19.2000 -106.6080
249.1680 19.2000 -99.3191
253.8314 19.2000 -95.1651
247.4722 19.2000 -89.9699
255.1638 19.2000 -80.6760
252.6706 19.2000 -78.6378
242.6776 19.2000 -90.7121
240.0633 19.2000 -93.8802
232.2203 19.2000 -103.3513
234.6732 19.2000 -104.2818
236.9544 19.2000 -106.0874
238.7511 19.2000 -108.1699
233.5426 0.0000 -158.9594
236.4800 0.0000 -157.3310
236.4800 9.6000 -157.3310
233.5426 9.6000 -158.9594
236.4800 0.0000 -157.3310
234.4410 0.0000 -153.7087
234.4410 9.6000 -153.7087
236.4800 9.6000 -157.3310
234.4410 0.0000 -153.7087
232.6544 0.0000 -154.6946
232.6544 9.6000 -154.6946
234.4410 9.6000 -153.7087
232.6544 0.0000 -154.6946
226.8706 0.0000 -149.9092
226.8706 9.6000 -149.9092
232.6544 9.6000 -154.6946
226.8706 0.0000 -149.9092
227.5670 0.0000 -147.4611
227.5670 9.6000 -147.4611
226.8706 9.6000 -149.9092
227.5670 0.0000 -147.4611
221.8438 0.0000 -145.8438
221.8438 9.6000 -145.8438
227.5670 9.6000 -147.4611
221.8438 0.0000 -145.8438
220.6830 0.0000 -149.8649
220.6830 9.6000 -149.8649
221.8438 9.6000 -145.8438
220.6830 0.0000 -149.8649
224.8720 0.0000 -153.0884
224.8720 9.6000 -153.0884
220.6830 9.6000 -149.8649
224.8720 0.0000 -153.0884
233.5426 0.0000 -158.9594
233.5426 9.6000 -158.9594
224.8720 9.6000 -153.0884
233.5426 9.6000 -158.9594
236.4800 9.6000 -157.3310
234.4410 9.6000 -153.7087
232.6544 9.6000 -154.6946
226.8706 9.6000 -149.9092
227.5670 9.6000 -147.4611
221.8438 9.6000 -145.8438
220.6830 9.6000 -149.8649
224.8720 9.6000 -153.0884
233.7041 0.0000 -145.1570
235.3293 0.0000 -145.6777
235.3293 57.6000 -145.6777
233.7041 57.6000 -145.1570
235.3293 0.0000 -145.6777
236.1368 0.0000 -147.1731
236.1368 57.6000 -147.1731
235.3293 57.6000 -145.6777
236.1368 0.0000 -147.1731
243.1419 0.0000 -143.1188
243.1419 57.6000 -143.1188
236.1368 57.6000 -147.1731
243.1419 0.0000 -143.1188
249.5919 0.0000 -138.1451
249.5919 57.6000 -138.1451
243.1419 57.6000 -143.1188
249.5919 0.0000 -138.1451
239.9624 0.0000 -130.2027
239.9624 57.6000 -130.2027
249.5919 57.6000 -138.1451
239.9624 0.0000 -130.2027
237.0250 0.0000 -136.2620
237.0250 57.6000 -136.2620
239.9624 57.6000 -130.2027
237.0250 0.0000 -136.2620
233.7041 0.0000 -145.1570
233.7041 57.6000 -145.1570
237.0250 57.6000 -136.2620
233.7041 57.6000 -145.1570
235.3293 57.6000 -145.6777
236.1368 57.6000 -147.1731
243.1419 57.6000 -143.1188
249.5919 57.6000 -138.1451
239.9624 57.6000 -130.2027
237.0250 57.6000 -136.2620
236.1368 0.0000 -147.1731
239.6595 0.0000 -153.6866
239.6595 54.4000 -153.6866
236.1368 54.4000 -147.1731
239.6595 0.0000 -153.6866
242.7483 0.0000 -152.0804
242.7483 54.4000 -152.0804
239.6595 54.4000 -153.6866
242.7483 0.0000 -152.0804
245.7563 0.0000 -150.3301
245.7563 54.4000 -150.3301
242.7483 54.4000 -152.0804
245.7563 0.0000 -150.3301
251.1565 0.0000 -146.6635
251.1565 54.4000 -146.6635
245.7563 54.4000 -150.3301
251.1565 0.0000 -146.6635
256.2135 0.0000 -142.5317
256.2135 54.4000 -142.5317
251.1565 54.4000 -146.6635
256.2135 0.0000 -142.5317
260.8769 0.0000 -137.9789
260.8769 54.4000 -137.9789
256.2135 54.4000 -142.5317
260.8769 0.0000 -137.9789
243.5154 0.0000 -123.6338
243.5154 54.4000 -123.6338
260.8769 54.4000 -137.9789
243.5154 0.0000 -123.6338
240.3056 0.0000 -120.4103
240.3056 54.4000 -120.4103
243.5154 54.4000 -123.6338
240.3056 0.0000 -120.4103
239.7908 0.0000 -123.9551
239.7908 54.4000 -123.9551
240.3056 54.4000 -120.4103
239.7908 0.0000 -123.9551
238.4685 0.0000 -127.2893
238.4685 54.4000 -127.2893
239.7908 54.4000 -123.9551
238.4685 0.0000 -127.2893
236.4093 0.0000 -130.2359
236.4093 54.4000 -130.2359
238.4685 54.4000 -127.2893
236.4093 0.0000 -130.2359
233.7243 0.0000 -132.6397
233.7243 54.4000 -132.6397
236.4093 54.4000 -130.2359
233.7243 0.0000 -132.6397
231.2715 0.0000 -134.0576
231.2715 54.4000 -134.0576
233.7243 54.4000 -132.6397
231.2715 0.0000 -134.0576
227.7790 0.0000 -143.2628
227.7790 54.4000 -143.2628
231.2715 54.4000 -134.0576
227.7790 0.0000 -143.2628
233.7041 0.0000 -145.1570
233.7041 54.4000 -145.1570
227.7790 54.4000 -143.2628
233.7041 0.0000 -145.1570
237.0250 0.0000 -136.2620
237.0250 54.4000 -136.2620
233.7041 54.4000 -145.1570
237.0250 0.0000 -136.2620
239.9624 0.0000 -130.2027
239.9624 54.4000 -130.2027
237.0250 54.4000 -136.2620
239.9624 0.0000 -130.2027
249.5919 0.0000 -138.1451
249.5919 54.4000 -138.1451
239.9624 54.4000 -130.2027
249.5919 0.0000 -138.1451
243.1419 0.0000 -143.1188
243.1419 54.4000 -143.1188
249.5919 54.4000 -138.1451
243.1419 0.0000 -143.1188
236.1368 0.0000 -147.1731
236.1368 54.4000 -147.1731
243.1419 54.4000 -143.1188
236.1368 54.4000 -147.1731
239.6595 54.4000 -153.6866
242.7483 54.4000 -152.0804
245.7563 54.4000 -150.3301
251.1565 54.4000 -146.6635
256.2135 54.4000 -142.5317
260.8769 54.4000 -137.9789
243.5154 54.4000 -123.6338
240.3056 54.4000 -120.4103
239.7908 54.4000 -123.9551
238.4685 54.4000 -127.2893
236.4093 54.4000 -130.2359
233.7243 54.4000 -132.6397
231.2715 54.4000 -134.0576
227.7790 54.4000 -143.2628
233.7041 54.4000 -145.1570
237.0250 54.4000 -136.2620
239.9624 54.4000 -130.2027
249.5919 54.4000 -138.1451
243.1419 54.4000 -143.1188
171.3945 0.0000 -173.9359
196.2053 0.0000 -194.5729
196.2053 16.0000 -194.5729
171.3945 16.0000 -173.9359
196.2053 0.0000 -194.5729
199.1325 0.0000 -191.0946
199.1325 16.0000 -191.0946
196.2053 16.0000 -194.5729
199.1325 0.0000 -191.0946
201.0605 0.0000 -188.8016
201.0605 16.0000 -188.8016
199.1325 16.0000 -191.0946
201.0605 0.0000 -188.8016
202.5745 0.0000 -186.9960
202.5745 16.0000 -186.9960
201.0605 16.0000 -188.8016
202.5745 0.0000 -186.9960
205.6936 0.0000 -183.2962
205.6936 16.0000 -183.2962
202.5745 16.0000 -186.9960
205.6936 0.0000 -183.2962
207.9445 0.0000 -180.6155
207.9445 16.0000 -180.6155
205.6936 16.0000 -183.2962
207.9445 0.0000 -180.6155
209.2567 0.0000 -179.0536
209.2567 16.0000 -179.0536
207.9445 16.0000 -180.6155
209.2567 0.0000 -179.0536
184.6982 0.0000 -158.3390
184.6982 16.0000 -158.3390
209.2567 16.0000 -179.0536
184.6982 0.0000 -158.3390
180.7919 0.0000 -162.9250
180.7919 16.0000 -162.9250
184.6982 16.0000 -158.3390
180.7919 0.0000 -162.9250
174.2006 0.0000 -170.6459
174.2006 16.0000 -170.6459
180.7919 16.0000 -162.9250
174.2006 0.0000 -170.6459
171.3945 0.0000 -173.9359
171.3945 16.0000 -173.9359
174.2006 16.0000 -170.6459
171.3945 16.0000 -173.9359
196.2053 16.0000 -194.5729
199.1325 16.0000 -191.0946
201.0605 16.0000 -188.8016
202.5745 16.0000 -186.9960
205.6936 16.0000 -183.2962
207.9445 16.0000 -180.6155
209.2567 16.0000 -179.0536
184.6982 16.0000 -158.3390
180.7919 16.0000 -162.9250
174.2006 16.0000 -170.6459
167.8919 0.0000 -178.0456
192.7734 0.0000 -198.6494
192.7734 12.8000 -198.6494
167.8919 12.8000 -178.0456
192.7734 0.0000 -198.6494
196.2053 0.0000 -194.5729
196.2053 12.8000 -194.5729
192.7734 12.8000 -198.6494
196.2053 0.0000 -194.5729
171.3945 0.0000 -173.9359
171.3945 12.8000 -173.9359
196.2053 12.8000 -194.5729
171.3945 0.0000 -173.9359
167.8919 0.0000 -178.0456
167.8919 12.8000 -178.0456
171.3945 12.8000 -173.9359
167.8919 12.8000 -178.0456
192.7734 12.8000 -198.6494
196.2053 12.8000 -194.5729
171.3945 12.8000 -173.9359
192.7734 0.0000 -198.6494
167.8919 0.0000 -178.0456
167.8919 9.6000 -178.0456
192.7734 9.6000 -198.6494
167.8919 0.0000 -178.0456
162.4008 0.0000 -184.4815
162.4008 9.6000 -184.4815
167.8919 9.6000 -178.0456
162.4008 0.0000 -184.4815
170.3750 0.0000 -191.0946
170.3750 9.6000 -191.0946
162.4008 9.6000 -184.4815
170.3750 0.0000 -191.0946
179.0961 0.0000 -198.3060
179.0961 9.6000 -198.3060
170.3750 9.6000 -191.0946
179.0961 0.0000 -198.3060
187.3327 0.0000 -205.1296
187.3327 9.6000 -205.1296
179.0961 9.6000 -198.3060
187.3327 0.0000 -205.1296
192.7734 0.0000 -198.6494
192.7734 9.6000 -198.6494
187.3327 9.6000 -205.1296
192.7734 9.6000 -198.6494
167.8919 9.6000 -178.0456
162.4008 9.6000 -184.4815
170.3750 9.6000 -191.0946
179.0961 9.6000 -198.3060
187.3327 9.6000 -205.1296
232.0084 0.0000 -231.0505
207.1067 0.0000 -210.4024
207.1067 9.6000 -210.4024
232.0084 9.6000 -231.0505
207.1067 0.0000 -210.4024
201.5248 0.0000 -217.0598
201.5248 9.6000 -217.0598
207.1067 9.6000 -210.4024
201.5248 0.0000 -217.0598
211.0837 0.0000 -224.9247
211.0837 9.6000 -224.9247
201.5248 9.6000 -217.0598
211.0837 0.0000 -224.9247
212.4464 0.0000 -226.0546
212.4464 9.6000 -226.0546
211.0837 9.6000 -224.9247
212.4464 0.0000 -226.0546
215.8177 0.0000 -228.8350
215.8177 9.6000 -228.8350
212.4464 9.6000 -226.0546
215.8177 0.0000 -228.8350
216.8069 0.0000 -229.6547
216.8069 9.6000 -229.6547
215.8177 9.6000 -228.8350
216.8069 0.0000 -229.6547
226.5274 0.0000 -237.6636
226.5274 9.6000 -237.6636
216.8069 9.6000 -229.6547
226.5274 0.0000 -237.6636
232.0084 0.0000 -231.0505
232.0084 9.6000 -231.0505
226.5274 9.6000 -237.6636
232.0084 9.6000 -231.0505
207.1067 9.6000 -210.4024
201.5248 9.6000 -217.0598
211.0837 9.6000 -224.9247
212.4464 9.6000 -226.0546
215.8177 9.6000 -228.8350
216.8069 9.6000 -229.6547
226.5274 9.6000 -237.6636
235.5311 0.0000 -226.8079
210.5386 0.0000 -206.3148
210.5386 12.8000 -206.3148
235.5311 12.8000 -226.8079
210.5386 0.0000 -206.3148
207.1067 0.0000 -210.4024
207.1067 12.8000 -210.4024
210.5386 12.8000 -206.3148
207.1067 0.0000 -210.4024
232.0084 0.0000 -231.0505
232.0084 12.8000 -231.0505
207.1067 12.8000 -210.4024
232.0084 0.0000 -231.0505
235.5311 0.0000 -226.8079
235.5311 12.8000 -226.8079
232.0084 12.8000 -231.0505
235.5311 12.8000 -226.8079
210.5386 12.8000 -206.3148
207.1067 12.8000 -210.4024
232.0084 12.8000 -231.0505
219.7443 0.0000 -187.9044
223.4185 0.0000 -190.9506
223.4185 16.0000 -190.9506
219.7443 16.0000 -187.9044
223.4185 0.0000 -190.9506
223.3983 0.0000 -190.9839
223.3983 16.0000 -190.9839
223.4185 16.0000 -190.9506
223.3983 0.0000 -190.9839
218.7046 0.0000 -196.5890
218.7046 16.0000 -196.5890
223.3983 16.0000 -190.9839
218.7046 0.0000 -196.5890
215.0203 0.0000 -200.9756
215.0203 16.0000 -200.9756
218.7046 16.0000 -196.5890
215.0203 0.0000 -200.9756
210.5386 0.0000 -206.3148
210.5386 16.0000 -206.3148
215.0203 16.0000 -200.9756
210.5386 0.0000 -206.3148
235.5311 0.0000 -226.8079
235.5311 16.0000 -226.8079
210.5386 16.0000 -206.3148
235.5311 0.0000 -226.8079
238.1455 0.0000 -223.6619
238.1455 16.0000 -223.6619
235.5311 16.0000 -226.8079
238.1455 0.0000 -223.6619
253.6396 0.0000 -204.9523
253.6396 16.0000 -204.9523
238.1455 16.0000 -223.6619
253.6396 0.0000 -204.9523
253.1955 0.0000 -204.5757
253.1955 16.0000 -204.5757
253.6396 16.0000 -204.9523
253.1955 0.0000 -204.5757
225.5483 0.0000 -181.1251
225.5483 16.0000 -181.1251
253.1955 16.0000 -204.5757
225.5483 0.0000 -181.1251
223.2267 0.0000 -183.8279
223.2267 16.0000 -183.8279
225.5483 16.0000 -181.1251
223.2267 0.0000 -183.8279
219.7443 0.0000 -187.9044
219.7443 16.0000 -187.9044
223.2267 16.0000 -183.8279
219.7443 16.0000 -187.9044
223.4185 16.0000 -190.9506
223.3983 16.0000 -190.9839
218.7046 16.0000 -196.5890
215.0203 16.0000 -200.9756
210.5386 16.0000 -206.3148
235.5311 16.0000 -226.8079
238.1455 16.0000 -223.6619
253.6396 16.0000 -204.9523
253.1955 16.0000 -204.5757
225.5483 16.0000 -181.1251
223.2267 16.0000 -183.8279
210.6295 0.0000 -180.2167
209.9128 0.0000 -181.0586
209.9128 19.2000 -181.0586
210.6295 19.2000 -180.2167
209.9128 0.0000 -181.0586
219.0478 0.0000 -188.7241
219.0478 19.2000 -188.7241
209.9128 19.2000 -181.0586
219.0478 0.0000 -188.7241
219.7443 0.0000 -187.9044
219.7443 19.2000 -187.9044
219.0478 19.2000 -188.7241
219.7443 0.0000 -187.9044
223.2267 0.0000 -183.8279
223.2267 19.2000 -183.8279
219.7443 19.2000 -187.9044
223.2267 0.0000 -183.8279
217.7760 0.0000 -179.2198
217.7760 19.2000 -179.2198
223.2267 19.2000 -183.8279
217.7760 0.0000 -179.2198
220.3600 0.0000 -176.1957
220.3600 19.2000 -176.1957
217.7760 19.2000 -179.2198
220.3600 0.0000 -176.1957
225.8107 0.0000 -180.8038
225.8107 19.2000 -180.8038
220.3600 19.2000 -176.1957
225.8107 0.0000 -180.8038
234.5016 0.0000 -170.6570
234.5016 19.2000 -170.6570
225.8107 19.2000 -180.8038
234.5016 0.0000 -170.6570
228.8793 0.0000 -167.5332
228.8793 19.2000 -167.5332
234.5016 19.2000 -170.6570
228.8793 0.0000 -167.5332
224.0544 0.0000 -164.4980
224.0544 19.2000 -164.4980
228.8793 19.2000 -167.5332
224.0544 0.0000 -164.4980
210.6295 0.0000 -180.2167
210.6295 19.2000 -180.2167
224.0544 19.2000 -164.4980
210.6295 19.2000 -180.2167
209.9128 19.2000 -181.0586
219.0478 19.2000 -188.7241
219.7443 19.2000 -187.9044
223.2267 19.2000 -183.8279
217.7760 19.2000 -179.2198
220.3600 19.2000 -176.1957
225.8107 19.2000 -180.8038
234.5016 19.2000 -170.6570
228.8793 19.2000 -167.5332
224.0544 19.2000 -164.4980
224.0544 0.0000 -164.4980
217.0896 0.0000 -160.1114
217.0896 19.2000 -160.1114
224.0544 19.2000 -164.4980
217.0896 0.0000 -160.1114
205.7137 0.0000 -152.0804
205.7137 19.2000 -152.0804
217.0896 19.2000 -160.1114
205.7137 0.0000 -152.0804
200.9797 0.0000 -148.4470
200.9797 19.2000 -148.4470
205.7137 19.2000 -152.0804
200.9797 0.0000 -148.4470
196.3264 0.0000 -144.7029
196.3264 19.2000 -144.7029
200.9797 19.2000 -148.4470
196.3264 0.0000 -144.7029
184.6982 0.0000 -158.3390
184.6982 19.2000 -158.3390
196.3264 19.2000 -144.7029
184.6982 0.0000 -158.3390
209.2567 0.0000 -179.0536
209.2567 19.2000 -179.0536
184.6982 19.2000 -158.3390
209.2567 0.0000 -179.0536
210.6295 0.0000 -180.2167
210.6295 19.2000 -180.2167
209.2567 19.2000 -179.0536
210.6295 0.0000 -180.2167
224.0544 0.0000 -164.4980
224.0544 19.2000 -164.4980
210.6295 19.2000 -180.2167
224.0544 19.2000 -164.4980
217.0896 19.2000 -160.1114
205.7137 19.2000 -152.0804
200.9797 19.2000 -148.4470
196.3264 19.2000 -144.7029
184.6982 19.2000 -158.3390
209.2567 19.2000 -179.0536
210.6295 19.2000 -180.2167
269.2044 0.0000 -188.1259
270.9607 0.0000 -185.5671
270.9607 9.6000 -185.5671
269.2044 9.6000 -188.1259
270.9607 0.0000 -185.5671
272.2729 0.0000 -182.3657
272.2729 9.6000 -182.3657
270.9607 9.6000 -185.5671
272.2729 0.0000 -182.3657
273.2621 0.0000 -179.9730
273.2621 9.6000 -179.9730
272.2729 9.6000 -182.3657
273.2621 0.0000 -179.9730
269.8706 0.0000 -178.3779
269.8706 9.6000 -178.3779
273.2621 9.6000 -179.9730
269.8706 0.0000 -178.3779
264.6722 0.0000 -175.9409
264.6722 9.6000 -175.9409
269.8706 9.6000 -178.3779
264.6722 0.0000 -175.9409
259.7262 0.0000 -173.6811
259.7262 9.6000 -173.6811
264.6722 9.6000 -175.9409
259.7262 0.0000 -173.6811
247.6943 0.0000 -167.5443
247.6943 9.6000 -167.5443
259.7262 9.6000 -173.6811
247.6943 0.0000 -167.5443
236.0560 0.0000 -160.6653
236.0560 9.6000 -160.6653
247.6943 9.6000 -167.5443
236.0560 0.0000 -160.6653
233.5426 0.0000 -158.9594
233.5426 9.6000 -158.9594
236.0560 9.6000 -160.6653
233.5426 0.0000 -158.9594
224.8720 0.0000 -153.0884
224.8720 9.6000 -153.0884
233.5426 9.6000 -158.9594
224.8720 0.0000 -153.0884
220.6830 0.0000 -149.8649
220.6830 9.6000 -149.8649
224.8720 9.6000 -153.0884
220.6830 0.0000 -149.8649
214.1825 0.0000 -144.8469
214.1825 9.6000 -144.8469
220.6830 9.6000 -149.8649
214.1825 0.0000 -144.8469
203.8867 0.0000 -135.8410
203.8867 9.6000 -135.8410
214.1825 9.6000 -144.8469
203.8867 0.0000 -135.8410
196.3264 0.0000 -144.7029
196.3264 9.6000 -144.7029
203.8867 9.6000 -135.8410
196.3264 0.0000 -144.7029
200.9797 0.0000 -148.4470
200.9797 9.6000 -148.4470
196.3264 9.6000 -144.7029
200.9797 0.0000 -148.4470
205.7137 0.0000 -152.0804
205.7137 9.6000 -152.0804
200.9797 9.6000 -148.4470
205.7137 0.0000 -152.0804
217.0896 0.0000 -160.1114
217.0896 9.6000 -160.1114
205.7137 9.6000 -152.0804
217.0896 0.0000 -160.1114
224.0544 0.0000 -164.4980
224.0544 9.6000 -164.4980
217.0896 9.6000 -160.1114
224.0544 0.0000 -164.4980
228.8793 0.0000 -167.5332
228.8793 9.6000 -167.5332
224.0544 9.6000 -164.4980
228.8793 0.0000 -167.5332
234.5016 0.0000 -170.6570
234.5016 9.6000 -170.6570
228.8793 9.6000 -167.5332
234.5016 0.0000 -170.6570
241.0525 0.0000 -174.3125
241.0525 9.6000 -174.3125
234.5016 9.6000 -170.6570
241.0525 0.0000 -174.3125
253.5790 0.0000 -180.4272
253.5790 9.6000 -180.4272
241.0525 9.6000 -174.3125
253.5790 0.0000 -180.4272
266.4185 0.0000 -185.8661
266.4185 9.6000 -185.8661
253.5790 9.6000 -180.4272
266.4185 0.0000 -185.8661
269.2044 0.0000 -188.1259
269.2044 9.6000 -188.1259
266.4185 9.6000 -185.8661
269.2044 9.6000 -188.1259
270.9607 9.6000 -185.5671
272.2729 9.6000 -182.3657
273.2621 9.6000 -179.9730
269.8706 9.6000 -178.3779
264.6722 9.6000 -175.9409
259.7262 9.6000 -173.6811
247.6943 9.6000 -167.5443
236.0560 9.6000 -160.6653
233.5426 9.6000 -158.9594
224.8720 9.6000 -153.0884
220.6830 9.6000 -149.8649
214.1825 9.6000 -144.8469
203.8867 9.6000 -135.8410
196.3264 9.6000 -144.7029
200.9797 9.6000 -148.4470
205.7137 9.6000 -152.0804
217.0896 9.6000 -160.1114
224.0544 9.6000 -164.4980
228.8793 9.6000 -167.5332
234.5016 9.6000 -170.6570
241.0525 9.6000 -174.3125
253.5790 9.6000 -180.4272
266.4185 9.6000 -185.8661
112.6480 0.0000 -197.1207
108.4287 0.0000 -194.1630
108.4287 38.4000 -194.1630
112.6480 38.4000 -197.1207
108.4287 0.0000 -194.1630
104.7848 0.0000 -199.2918
104.7848 38.4000 -199.2918
108.4287 38.4000 -194.1630
104.7848 0.0000 -199.2918
108.0149 0.0000 -201.5627
108.0149 38.4000 -201.5627
104.7848 38.4000 -199.2918
108.0149 0.0000 -201.5627
109.9428 0.0000 -198.8377
109.9428 38.4000 -198.8377
108.0149 38.4000 -201.5627
109.9428 0.0000 -198.8377
110.9320 0.0000 -199.5355
110.9320 38.4000 -199.5355
109.9428 38.4000 -198.8377
110.9320 0.0000 -199.5355
112.6480 0.0000 -197.1207
112.6480 38.4000 -197.1207
110.9320 38.4000 -199.5355
112.6480 38.4000 -197.1207
108.4287 38.4000 -194.1630
104.7848 38.4000 -199.2918
108.0149 38.4000 -201.5627
109.9428 38.4000 -198.8377
110.9320 38.4000 -199.5355
104.8252 0.0000 -203.9332
105.4712 0.0000 -203.0249
105.4712 38.4000 -203.0249
104.8252 38.4000 -203.9332
105.4712 0.0000 -203.0249
103.2404 0.0000 -201.4630
103.2404 38.4000 -201.4630
105.4712 38.4000 -203.0249
103.2404 0.0000 -201.4630
100.9289 0.0000 -204.7197
100.9289 38.4000 -204.7197
103.2404 38.4000 -201.4630
100.9289 0.0000 -204.7197
100.8280 0.0000 -205.8053
100.8280 38.4000 -205.8053
100.9289 38.4000 -204.7197
100.8280 0.0000 -205.8053
101.3024 0.0000 -206.9019
101.3024 38.4000 -206.9019
100.8280 38.4000 -205.8053
101.3024 0.0000 -206.9019
102.4531 0.0000 -207.7106
102.4531 38.4000 -207.7106
101.3024 38.4000 -206.9019
102.4531 0.0000 -207.7106
105.5419 0.0000 -209.8817
105.5419 38.4000 -209.8817
102.4531 38.4000 -207.7106
105.5419 0.0000 -209.8817
106.9752 0.0000 -210.8898
106.9752 38.4000 -210.8898
105.5419 38.4000 -209.8817
106.9752 0.0000 -210.8898
109.5592 0.0000 -207.2564
109.5592 38.4000 -207.2564
106.9752 38.4000 -210.8898
109.5592 0.0000 -207.2564
104.8252 0.0000 -203.9332
104.8252 38.4000 -203.9332
109.5592 38.4000 -207.2564
104.8252 38.4000 -203.9332
105.4712 38.4000 -203.0249
103.2404 38.4000 -201.4630
100.9289 38.4000 -204.7197
100.8280 38.4000 -205.8053
101.3024 38.4000 -206.9019
102.4531 38.4000 -207.7106
105.5419 38.4000 -209.8817
106.9752 38.4000 -210.8898
109.5592 38.4000 -207.2564
105.5419 3.2000 -209.8817
102.4531 3.2000 -207.7106
102.4531 6.4000 -207.7106
105.5419 6.4000 -209.8817
102.4531 3.2000 -207.7106
101.3024 3.2000 -209.3168
101.3024 6.4000 -209.3168
102.4531 6.4000 -207.7106
101.3024 3.2000 -209.3168
100.4242 3.2000 -210.5575
100.4242 6.4000 -210.5575
101.3024 6.4000 -209.3168
100.4242 3.2000 -210.5575
103.3818 3.2000 -227.6054
103.3818 6.4000 -227.6054
100.4242 6.4000 -210.5575
103.3818 3.2000 -227.6054
104.2195 3.2000 -232.4573
104.2195 6.4000 -232.4573
103.3818 6.4000 -227.6054
104.2195 3.2000 -232.4573
107.0963 3.2000 -234.4734
107.0963 6.4000 -234.4734
104.2195 6.4000 -232.4573
107.0963 3.2000 -234.4734
109.2665 3.2000 -231.4050
109.2665 6.4000 -231.4050
107.0963 6.4000 -234.4734
109.2665 3.2000 -231.4050
105.5419 3.2000 -209.8817
105.5419 6.4000 -209.8817
109.2665 6.4000 -231.4050
105.5419 6.4000 -209.8817
102.4531 6.4000 -207.7106
101.3024 6.4000 -209.3168
100.4242 6.4000 -210.5575
103.3818 6.4000 -227.6054
104.2195 6.4000 -232.4573
107.0963 6.4000 -234.4734
109.2665 6.4000 -231.4050
113.6069 3.2000 -215.5422
106.9752 3.2000 -210.8898
106.9752 9.6000 -210.8898
113.6069 9.6000 -215.5422
106.9752 3.2000 -210.8898
105.5419 3.2000 -209.8817
105.5419 9.6000 -209.8817
106.9752 9.6000 -210.8898
105.5419 3.2000 -209.8817
109.2665 3.2000 -231.4050
109.2665 9.6000 -231.4050
105.5419 9.6000 -209.8817
109.2665 3.2000 -231.4050
114.9595 3.2000 -223.3961
114.9595 9.6000 -223.3961
109.2665 9.6000 -231.4050
114.9595 3.2000 -223.3961
113.6069 3.2000 -215.5422
113.6069 9.6000 -215.5422
114.9595 9.6000 -223.3961
113.6069 9.6000 -215.5422
106.9752 9.6000 -210.8898
105.5419 9.6000 -209.8817
109.2665 9.6000 -231.4050
114.9595 9.6000 -223.3961
114.9595 0.0000 -223.3961
109.2665 0.0000 -231.4050
109.2665 35.2000 -231.4050
114.9595 35.2000 -223.3961
109.2665 0.0000 -231.4050
107.0963 0.0000 -234.4734
107.0963 35.2000 -234.4734
109.2665 35.2000 -231.4050
107.0963 0.0000 -234.4734
103.7249 0.0000 -239.2145
103.7249 35.2000 -239.2145
107.0963 35.2000 -234.4734
103.7249 0.0000 -239.2145
108.9940 0.0000 -242.9143
108.9940 35.2000 -242.9143
103.7249 35.2000 -239.2145
108.9940 0.0000 -242.9143
108.5801 0.0000 -243.5124
108.5801 35.2000 -243.5124
108.9940 35.2000 -242.9143
108.5801 0.0000 -243.5124
109.3473 0.0000 -244.0442
109.3473 35.2000 -244.0442
108.5801 35.2000 -243.5124
109.3473 0.0000 -244.0442
107.9745 0.0000 -245.9716
107.9745 35.2000 -245.9716
109.3473 35.2000 -244.0442
107.9745 0.0000 -245.9716
107.2174 0.0000 -245.4288
107.2174 35.2000 -245.4288
107.9745 35.2000 -245.9716
107.2174 0.0000 -245.4288
105.9557 0.0000 -247.2012
105.9557 35.2000 -247.2012
107.2174 35.2000 -245.4288
105.9557 0.0000 -247.2012
112.4663 0.0000 -251.7761
112.4663 35.2000 -251.7761
105.9557 35.2000 -247.2012
112.4663 0.0000 -251.7761
123.5090 0.0000 -236.2236
123.5090 35.2000 -236.2236
112.4663 35.2000 -251.7761
123.5090 0.0000 -236.2236
122.9135 0.0000 -235.8026
122.9135 35.2000 -235.8026
123.5090 35.2000 -236.2236
122.9135 0.0000 -235.8026
135.5308 0.0000 -218.0346
135.5308 35.2000 -218.0346
122.9135 35.2000 -235.8026
135.5308 0.0000 -218.0346
134.3398 0.0000 -218.2340
134.3398 35.2000 -218.2340
135.5308 35.2000 -218.0346
134.3398 0.0000 -218.2340
134.2792 0.0000 -217.8906
134.2792 35.2000 -217.8906
134.3398 35.2000 -218.2340
134.2792 0.0000 -217.8906
130.4334 0.0000 -218.5442
130.4334 35.2000 -218.5442
134.2792 35.2000 -217.8906
130.4334 0.0000 -218.5442
129.7571 0.0000 -214.6561
129.7571 35.2000 -214.6561
130.4334 35.2000 -218.5442
129.7571 0.0000 -214.6561
133.6029 0.0000 -214.0025
133.6029 35.2000 -214.0025
129.7571 35.2000 -214.6561
133.6029 0.0000 -214.0025
133.5423 0.0000 -213.6148
133.5423 35.2000 -213.6148
133.6029 35.2000 -214.0025
133.5423 0.0000 -213.6148
135.6217 0.0000 -213.2603
135.6217 35.2000 -213.2603
133.5423 35.2000 -213.6148
135.6217 0.0000 -213.2603
112.6480 0.0000 -197.1207
112.6480 35.2000 -197.1207
135.6217 35.2000 -213.2603
112.6480 0.0000 -197.1207
110.9320 0.0000 -199.5355
110.9320 35.2000 -199.5355
112.6480 35.2000 -197.1207
110.9320 0.0000 -199.5355
109.9428 0.0000 -198.8377
109.9428 35.2000 -198.8377
110.9320 35.2000 -199.5355
109.9428 0.0000 -198.8377
108.0149 0.0000 -201.5627
108.0149 35.2000 -201.5627
109.9428 35.2000 -198.8377
108.0149 0.0000 -201.5627
104.7848 0.0000 -199.2918
104.7848 35.2000 -199.2918
108.0149 35.2000 -201.5627
104.7848 0.0000 -199.2918
103.9874 0.0000 -200.4217
103.9874 35.2000 -200.4217
104.7848 35.2000 -199.2918
103.9874 0.0000 -200.4217
103.2404 0.0000 -201.4630
103.2404 35.2000 -201.4630
103.9874 35.2000 -200.4217
103.2404 0.0000 -201.4630
105.4712 0.0000 -203.0249
105.4712 35.2000 -203.0249
103.2404 35.2000 -201.4630
105.4712 0.0000 -203.0249
104.8252 0.0000 -203.9332
104.8252 35.2000 -203.9332
105.4712 35.2000 -203.0249
104.8252 0.0000 -203.9332
109.5592 0.0000 -207.2564
109.5592 35.2000 -207.2564
104.8252 35.2000 -203.9332
109.5592 0.0000 -207.2564
106.9752 0.0000 -210.8898
106.9752 35.2000 -210.8898
109.5592 35.2000 -207.2564
106.9752 0.0000 -210.8898
113.6069 0.0000 -215.5422
113.6069 35.2000 -215.5422
106.9752 35.2000 -210.8898
113.6069 0.0000 -215.5422
114.9595 0.0000 -223.3961
114.9595 35.2000 -223.3961
113.6069 35.2000 -215.5422
114.9595 35.2000 -223.3961
109.2665 35.2000 -231.4050
107.0963 35.2000 -234.4734
103.7249 35.2000 -239.2145
108.9940 35.2000 -242.9143
108.5801 35.2000 -243.5124
109.3473 35.2000 -244.0442
107.9745 35.2000 -245.9716
107.2174 35.2000 -245.4288
105.9557 35.2000 -247.2012
112.4663 35.2000 -251.7761
123.5090 35.2000 -236.2236
122.9135 35.2000 -235.8026
135.5308 35.2000 -218.0346
134.3398 35.2000 -218.2340
134.2792 35.2000 -217.8906
130.4334 35.2000 -218.5442
129.7571 35.2000 -214.6561
133.6029 35.2000 -214.0025
133.5423 35.2000 -213.6148
135.6217 35.2000 -213.2603
112.6480 35.2000 -197.1207
110.9320 35.2000 -199.5355
109.9428 35.2000 -198.8377
108.0149 35.2000 -201.5627
104.7848 35.2000 -199.2918
103.9874 35.2000 -200.4217
103.2404 35.2000 -201.4630
105.4712 35.2000 -203.0249
104.8252 35.2000 -203.9332
109.5592 35.2000 -207.2564
106.9752 35.2000 -210.8898
113.6069 35.2000 -215.5422
138.2360 0.0000 -215.0992
137.8222 0.0000 -214.8111
137.8222 38.4000 -214.8111
138.2360 38.4000 -215.0992
137.8222 0.0000 -214.8111
135.6217 0.0000 -213.2603
135.6217 38.4000 -213.2603
137.8222 38.4000 -214.8111
135.6217 0.0000 -213.2603
133.5423 0.0000 -213.6148
133.5423 38.4000 -213.6148
135.6217 38.4000 -213.2603
133.5423 0.0000 -213.6148
133.6029 0.0000 -214.0025
133.6029 38.4000 -214.0025
133.5423 38.4000 -213.6148
133.6029 0.0000 -214.0025
129.7571 0.0000 -214.6561
129.7571 38.4000 -214.6561
133.6029 38.4000 -214.0025
129.7571 0.0000 -214.6561
130.4334 0.0000 -218.5442
130.4334 38.4000 -218.5442
129.7571 38.4000 -214.6561
130.4334 0.0000 -218.5442
134.2792 0.0000 -217.8906
134.2792 38.4000 -217.8906
130.4334 38.4000 -218.5442
134.2792 0.0000 -217.8906
134.3398 0.0000 -218.2340
134.3398 38.4000 -218.2340
134.2792 38.4000 -217.8906
134.3398 0.0000 -218.2340
135.5308 0.0000 -218.0346
135.5308 38.4000 -218.0346
134.3398 38.4000 -218.2340
135.5308 0.0000 -218.0346
136.2273 0.0000 -217.9128
136.2273 38.4000 -217.9128
135.5308 38.4000 -218.0346
136.2273 0.0000 -217.9128
138.2360 0.0000 -215.0992
138.2360 38.4000 -215.0992
136.2273 38.4000 -217.9128
138.2360 38.4000 -215.0992
137.8222 38.4000 -214.8111
135.6217 38.4000 -213.2603
133.5423 38.4000 -213.6148
133.6029 38.4000 -214.0025
129.7571 38.4000 -214.6561
130.4334 38.4000 -218.5442
134.2792 38.4000 -217.8906
134.3398 38.4000 -218.2340
135.5308 38.4000 -218.0346
136.2273 38.4000 -217.9128
183.4769 0.0000 -157.2978
179.6311 0.0000 -153.9967
179.6311 3.2000 -153.9967
183.4769 3.2000 -157.2978
179.6311 0.0000 -153.9967
177.8949 0.0000 -156.0017
177.8949 3.2000 -156.0017
179.6311 3.2000 -153.9967
177.8949 0.0000 -156.0017
181.1452 0.0000 -158.7821
181.1452 3.2000 -158.7821
177.8949 3.2000 -156.0017
181.1452 0.0000 -158.7821
181.7407 0.0000 -159.3028
181.7407 3.2000 -159.3028
181.1452 3.2000 -158.7821
181.7407 0.0000 -159.3028
183.4769 0.0000 -157.2978
183.4769 3.2000 -157.2978
181.7407 3.2000 -159.3028
183.4769 3.2000 -157.2978
179.6311 3.2000 -153.9967
177.8949 3.2000 -156.0017
181.1452 3.2000 -158.7821
181.7407 3.2000 -159.3028
193.4900 0.0000 36.3225
185.8187 0.0000 42.1048
185.8187 6.4000 42.1048
193.4900 6.4000 36.3225
185.8187 0.0000 42.1048
190.9464 0.0000 48.8288
190.9464 6.4000 48.8288
185.8187 6.4000 42.1048
190.9464 0.0000 48.8288
175.8964 0.0000 60.1830
175.8964 6.4000 60.1830
190.9464 6.4000 48.8288
175.8964 0.0000 60.1830
165.8025 0.0000 46.9567
165.8025 6.4000 46.9567
175.8964 6.4000 60.1830
165.8025 0.0000 46.9567
188.5137 0.0000 29.8090
188.5137 6.4000 29.8090
165.8025 6.4000 46.9567
188.5137 0.0000 29.8090
193.4900 0.0000 36.3225
193.4900 6.4000 36.3225
188.5137 6.4000 29.8090
193.4900 6.4000 36.3225
185.8187 6.4000 42.1048
190.9464 6.4000 48.8288
175.8964 6.4000 60.1830
165.8025 6.4000 46.9567
188.5137 6.4000 29.8090
197.3358 0.0000 41.3737
195.0849 0.0000 38.4161
195.0849 3.2000 38.4161
197.3358 3.2000 41.3737
195.0849 0.0000 38.4161
196.6191 0.0000 37.2530
196.6191 3.2000 37.2530
195.0849 3.2000 38.4161
196.6191 0.0000 37.2530
198.8802 0.0000 40.2217
198.8802 3.2000 40.2217
196.6191 3.2000 37.2530
198.8802 0.0000 40.2217
197.3358 0.0000 41.3737
197.3358 3.2000 41.3737
198.8802 3.2000 40.2217
197.3358 3.2000 41.3737
195.0849 3.2000 38.4161
196.6191 3.2000 37.2530
198.8802 3.2000 40.2217
198.6076 0.0000 43.0353
194.5297 0.0000 46.1148
194.5297 9.6000 46.1148
198.6076 9.6000 43.0353
194.5297 0.0000 46.1148
192.8137 0.0000 47.4109
192.8137 9.6000 47.4109
194.5297 9.6000 46.1148
192.8137 0.0000 47.4109
190.9464 0.0000 48.8288
190.9464 9.6000 48.8288
192.8137 9.6000 47.4109
190.9464 0.0000 48.8288
185.8187 0.0000 42.1048
185.8187 9.6000 42.1048
190.9464 9.6000 48.8288
185.8187 0.0000 42.1048
193.4900 0.0000 36.3225
193.4900 9.6000 36.3225
185.8187 9.6000 42.1048
193.4900 0.0000 36.3225
193.8837 0.0000 36.8431
193.8837 9.6000 36.8431
193.4900 9.6000 36.3225
193.8837 0.0000 36.8431
195.0849 0.0000 38.4161
195.0849 9.6000 38.4161
193.8837 9.6000 36.8431
195.0849 0.0000 38.4161
197.3358 0.0000 41.3737
197.3358 9.6000 41.3737
195.0849 9.6000 38.4161
197.3358 0.0000 41.3737
198.6076 0.0000 43.0353
198.6076 9.6000 43.0353
197.3358 9.6000 41.3737
198.6076 9.6000 43.0353
194.5297 9.6000 46.1148
192.8137 9.6000 47.4109
190.9464 9.6000 48.8288
185.8187 9.6000 42.1048
193.4900 9.6000 36.3225
193.8837 9.6000 36.8431
195.0849 9.6000 38.4161
197.3358 9.6000 41.3737
131.3116 0.0000 41.4624
130.8977 0.0000 40.9085
130.8977 9.6000 40.9085
131.3116 9.6000 41.4624
130.8977 0.0000 40.9085
128.1623 0.0000 42.9356
128.1623 9.6000 42.9356
130.8977 9.6000 40.9085
128.1623 0.0000 42.9356
128.5761 0.0000 43.4895
128.5761 9.6000 43.4895
128.1623 9.6000 42.9356
128.5761 0.0000 43.4895
120.5414 0.0000 49.4491
120.5414 9.6000 49.4491
128.5761 9.6000 43.4895
120.5414 0.0000 49.4491
106.7027 0.0000 31.0054
106.7027 9.6000 31.0054
120.5414 9.6000 49.4491
106.7027 0.0000 31.0054
109.8721 0.0000 28.6570
109.8721 9.6000 28.6570
106.7027 9.6000 31.0054
109.8721 0.0000 28.6570
114.0813 0.0000 25.5332
114.0813 9.6000 25.5332
109.8721 9.6000 28.6570
114.0813 0.0000 25.5332
126.6684 0.0000 16.1839
126.6684 9.6000 16.1839
114.0813 9.6000 25.5332
126.6684 0.0000 16.1839
123.6301 0.0000 12.1407
123.6301 9.6000 12.1407
126.6684 9.6000 16.1839
123.6301 0.0000 12.1407
128.8386 0.0000 8.2747
128.8386 9.6000 8.2747
123.6301 9.6000 12.1407
128.8386 0.0000 8.2747
131.8768 0.0000 12.3180
131.8768 9.6000 12.3180
128.8386 9.6000 8.2747
131.8768 0.0000 12.3180
129.1616 0.0000 14.3340
129.1616 9.6000 14.3340
131.8768 9.6000 12.3180
129.1616 0.0000 14.3340
132.4118 0.0000 18.6653
132.4118 9.6000 18.6653
129.1616 9.6000 14.3340
132.4118 0.0000 18.6653
137.6001 0.0000 14.8104
137.6001 9.6000 14.8104
132.4118 9.6000 18.6653
137.6001 0.0000 14.8104
137.2973 0.0000 14.4116
137.2973 9.6000 14.4116
137.6001 9.6000 14.8104
137.2973 0.0000 14.4116
139.7097 0.0000 12.6171
139.7097 9.6000 12.6171
137.2973 9.6000 14.4116
139.7097 0.0000 12.6171
144.4841 0.0000 18.9644
144.4841 9.6000 18.9644
139.7097 9.6000 12.6171
144.4841 0.0000 18.9644
142.0616 0.0000 20.7589
142.0616 9.6000 20.7589
144.4841 9.6000 18.9644
142.0616 0.0000 20.7589
141.8092 0.0000 20.4155
141.8092 9.6000 20.4155
142.0616 9.6000 20.7589
141.8092 0.0000 20.4155
136.6210 0.0000 24.2704
136.6210 9.6000 24.2704
141.8092 9.6000 20.4155
136.6210 0.0000 24.2704
140.0529 0.0000 28.8453
140.0529 9.6000 28.8453
136.6210 9.6000 24.2704
140.0529 0.0000 28.8453
142.7682 0.0000 26.8403
142.7682 9.6000 26.8403
140.0529 9.6000 28.8453
142.7682 0.0000 26.8403
145.7156 0.0000 30.7728
145.7156 9.6000 30.7728
142.7682 9.6000 26.8403
145.7156 0.0000 30.7728
131.3116 0.0000 41.4624
131.3116 9.6000 41.4624
145.7156 9.6000 30.7728
131.3116 9.6000 41.4624
130.8977 9.6000 40.9085
128.1623 9.6000 42.9356
128.5761 9.6000 43.4895
120.5414 9.6000 49.4491
106.7027 9.6000 31.0054
109.8721 9.6000 28.6570
114.0813 9.6000 25.5332
126.6684 9.6000 16.1839
123.6301 9.6000 12.1407
128.8386 9.6000 8.2747
131.8768 9.6000 12.3180
129.1616 9.6000 14.3340
132.4118 9.6000 18.6653
137.6001 9.6000 14.8104
137.2973 9.6000 14.4116
139.7097 9.6000 12.6171
144.4841 9.6000 18.9644
142.0616 9.6000 20.7589
141.8092 9.6000 20.4155
136.6210 9.6000 24.2704
140.0529 9.6000 28.8453
142.7682 9.6000 26.8403
145.7156 9.6000 30.7728
144.4841 0.0000 18.9644
139.7097 0.0000 12.6171
139.7097 3.2000 12.6171
144.4841 3.2000 18.9644
139.7097 0.0000 12.6171
141.6276 0.0000 11.8527
141.6276 3.2000 11.8527
139.7097 3.2000 12.6171
141.6276 0.0000 11.8527
143.6766 0.0000 12.1518
143.6766 3.2000 12.1518
141.6276 3.2000 11.8527
143.6766 0.0000 12.1518
145.2916 0.0000 13.4257
145.2916 3.2000 13.4257
143.6766 3.2000 12.1518
145.2916 0.0000 13.4257
146.0588 0.0000 15.3310
146.0588 3.2000 15.3310
145.2916 3.2000 13.4257
146.0588 0.0000 15.3310
145.7560 0.0000 17.3581
145.7560 3.2000 17.3581
146.0588 3.2000 15.3310
145.7560 0.0000 17.3581
144.4841 0.0000 18.9644
144.4841 3.2000 18.9644
145.7560 3.2000 17.3581
144.4841 3.2000 18.9644
139.7097 3.2000 12.6171
141.6276 3.2000 11.8527
143.6766 3.2000 12.1518
145.2916 3.2000 13.4257
146.0588 3.2000 15.3310
145.7560 3.2000 17.3581
137.2973 0.0000 14.4116
137.6001 0.0000 14.8104
137.6001 12.8000 14.8104
137.2973 12.8000 14.4116
137.6001 0.0000 14.8104
132.4118 0.0000 18.6653
132.4118 12.8000 18.6653
137.6001 12.8000 14.8104
132.4118 0.0000 18.6653
129.1616 0.0000 14.3340
129.1616 12.8000 14.3340
132.4118 12.8000 18.6653
129.1616 0.0000 14.3340
131.8768 0.0000 12.3180
131.8768 12.8000 12.3180
129.1616 12.8000 14.3340
131.8768 0.0000 12.3180
134.3499 0.0000 10.4791
134.3499 12.8000 10.4791
131.8768 12.8000 12.3180
134.3499 0.0000 10.4791
137.2973 0.0000 14.4116
137.2973 12.8000 14.4116
134.3499 12.8000 10.4791
137.2973 12.8000 14.4116
137.6001 12.8000 14.8104
132.4118 12.8000 18.6653
129.1616 12.8000 14.3340
131.8768 12.8000 12.3180
134.3499 12.8000 10.4791
145.2412 0.0000 25.0015
142.7682 0.0000 26.8403
142.7682 12.8000 26.8403
145.2412 12.8000 25.0015
142.7682 0.0000 26.8403
140.0529 0.0000 28.8453
140.0529 12.8000 28.8453
142.7682 12.8000 26.8403
140.0529 0.0000 28.8453
136.6210 0.0000 24.2704
136.6210 12.8000 24.2704
140.0529 12.8000 28.8453
136.6210 0.0000 24.2704
141.8092 0.0000 20.4155
141.8092 12.8000 20.4155
136.6210 12.8000 24.2704
141.8092 0.0000 20.4155
142.0616 0.0000 20.7589
142.0616 12.8000 20.7589
141.8092 12.8000 20.4155
142.0616 0.0000 20.7589
145.2412 0.0000 25.0015
145.2412 12.8000 25.0015
142.0616 12.8000 20.7589
145.2412 12.8000 25.0015
142.7682 12.8000 26.8403
140.0529 12.8000 28.8453
136.6210 12.8000 24.2704
141.8092 12.8000 20.4155
142.0616 12.8000 20.7589
114.0813 0.0000 25.5332
109.8721 0.0000 28.6570
109.8721 6.4000 28.6570
114.0813 6.4000 25.5332
109.8721 0.0000 28.6570
106.8339 0.0000 24.6027
106.8339 6.4000 24.6027
109.8721 6.4000 28.6570
106.8339 0.0000 24.6027
111.0430 0.0000 21.4789
111.0430 6.4000 21.4789
106.8339 6.4000 24.6027
111.0430 0.0000 21.4789
114.0813 0.0000 25.5332
114.0813 6.4000 25.5332
111.0430 6.4000 21.4789
114.0813 6.4000 25.5332
109.8721 6.4000 28.6570
106.8339 6.4000 24.6027
111.0430 6.4000 21.4789
134.8041 0.0000 46.1038
132.0686 0.0000 48.1420
132.0686 12.8000 48.1420
134.8041 12.8000 46.1038
132.0686 0.0000 48.1420
128.5761 0.0000 43.4895
128.5761 12.8000 43.4895
132.0686 12.8000 48.1420
128.5761 0.0000 43.4895
128.1623 0.0000 42.9356
128.1623 12.8000 42.9356
128.5761 12.8000 43.4895
128.1623 0.0000 42.9356
130.8977 0.0000 40.9085
130.8977 12.8000 40.9085
128.1623 12.8000 42.9356
130.8977 0.0000 40.9085
131.3116 0.0000 41.4624
131.3116 12.8000 41.4624
130.8977 12.8000 40.9085
131.3116 0.0000 41.4624
134.8041 0.0000 46.1038
134.8041 12.8000 46.1038
131.3116 12.8000 41.4624
134.8041 12.8000 46.1038
132.0686 12.8000 48.1420
128.5761 12.8000 43.4895
128.1623 12.8000 42.9356
130.8977 12.8000 40.9085
131.3116 12.8000 41.4624
222.7825 0.0000 125.4948
216.5546 0.0000 117.1868
216.5546 9.6000 117.1868
222.7825 9.6000 125.4948
216.5546 0.0000 117.1868
215.0001 0.0000 115.1265
215.0001 9.6000 115.1265
216.5546 9.6000 117.1868
215.0001 0.0000 115.1265
212.8905 0.0000 112.3128
212.8905 9.6000 112.3128
215.0001 9.6000 115.1265
212.8905 0.0000 112.3128
211.4067 0.0000 110.3411
211.4067 9.6000 110.3411
212.8905 9.6000 112.3128
211.4067 0.0000 110.3411
205.0375 0.0000 101.8448
205.0375 9.6000 101.8448
211.4067 9.6000 110.3411
205.0375 0.0000 101.8448
213.3245 0.0000 95.6858
213.3245 9.6000 95.6858
205.0375 9.6000 101.8448
213.3245 0.0000 95.6858
215.8076 0.0000 93.8469
215.8076 9.6000 93.8469
213.3245 9.6000 95.6858
215.8076 0.0000 93.8469
221.3593 0.0000 101.2577
221.3593 9.6000 101.2577
215.8076 9.6000 93.8469
221.3593 0.0000 101.2577
245.8168 0.0000 83.1020
245.8168 9.6000 83.1020
221.3593 9.6000 101.2577
245.8168 0.0000 83.1020
247.3814 0.0000 85.1845
247.3814 9.6000 85.1845
245.8168 9.6000 83.1020
247.3814 0.0000 85.1845
249.5011 0.0000 88.0092
249.5011 9.6000 88.0092
247.3814 9.6000 85.1845
249.5011 0.0000 88.0092
246.8969 0.0000 89.9367
246.8969 9.6000 89.9367
249.5011 9.6000 88.0092
246.8969 0.0000 89.9367
249.9957 0.0000 94.0685
249.9957 9.6000 94.0685
246.8969 9.6000 89.9367
249.9957 0.0000 94.0685
228.1424 0.0000 110.2857
228.1424 9.6000 110.2857
249.9957 9.6000 94.0685
228.1424 0.0000 110.2857
233.5527 0.0000 117.4970
233.5527 9.6000 117.4970
228.1424 9.6000 110.2857
233.5527 0.0000 117.4970
229.1821 0.0000 120.7427
229.1821 9.6000 120.7427
233.5527 9.6000 117.4970
229.1821 0.0000 120.7427
226.7595 0.0000 122.5372
226.7595 9.6000 122.5372
229.1821 9.6000 120.7427
226.7595 0.0000 122.5372
222.7825 0.0000 125.4948
222.7825 9.6000 125.4948
226.7595 9.6000 122.5372
222.7825 9.6000 125.4948
216.5546 9.6000 117.1868
215.0001 9.6000 115.1265
212.8905 9.6000 112.3128
211.4067 9.6000 110.3411
205.0375 9.6000 101.8448
213.3245 9.6000 95.6858
215.8076 9.6000 93.8469
221.3593 9.6000 101.2577
245.8168 9.6000 83.1020
247.3814 9.6000 85.1845
249.5011 9.6000 88.0092
246.8969 9.6000 89.9367
249.9957 9.6000 94.0685
228.1424 9.6000 110.2857
233.5527 9.6000 117.4970
229.1821 9.6000 120.7427
226.7595 9.6000 122.5372
215.0001 0.0000 115.1265
213.8595 0.0000 115.9683
213.8595 3.2000 115.9683
215.0001 3.2000 115.1265
213.8595 0.0000 115.9683
211.7499 0.0000 113.1658
211.7499 3.2000 113.1658
213.8595 3.2000 115.9683
211.7499 0.0000 113.1658
212.8905 0.0000 112.3128
212.8905 3.2000 112.3128
211.7499 3.2000 113.1658
212.8905 0.0000 112.3128
215.0001 0.0000 115.1265
215.0001 3.2000 115.1265
212.8905 3.2000 112.3128
215.0001 3.2000 115.1265
213.8595 3.2000 115.9683
211.7499 3.2000 113.1658
212.8905 3.2000 112.3128
-225.4776 0.0000 136.6829
-225.4372 0.0000 138.1119
-225.4372 3.2000 138.1119
-225.4776 3.2000 136.6829
-225.4372 0.0000 138.1119
-228.5966 0.0000 138.2116
-228.5966 3.2000 138.2116
-225.4372 3.2000 138.1119
-228.5966 0.0000 138.2116
-228.6471 0.0000 136.7715
-228.6471 3.2000 136.7715
-228.5966 3.2000 138.2116
-228.6471 0.0000 136.7715
-225.4776 0.0000 136.6829
-225.4776 3.2000 136.6829
-228.6471 3.2000 136.7715
-225.4776 3.2000 136.6829
-225.4372 3.2000 138.1119
-228.5966 3.2000 138.2116
-228.6471 3.2000 136.7715
-260.7356 0.0000 115.1929
-260.8063 0.0000 112.9442
-260.8063 3.2000 112.9442
-260.7356 3.2000 115.1929
-260.8063 0.0000 112.9442
-240.8203 0.0000 112.3239
-240.8203 3.2000 112.3239
-260.8063 3.2000 112.9442
-240.8203 0.0000 112.3239
-240.7497 0.0000 114.5726
-240.7497 3.2000 114.5726
-240.8203 3.2000 112.3239
-240.7497 0.0000 114.5726
-260.7356 0.0000 115.1929
-260.7356 3.2000 115.1929
-240.7497 3.2000 114.5726
-260.7356 3.2000 115.1929
-260.8063 3.2000 112.9442
-240.8203 3.2000 112.3239
-240.7497 3.2000 114.5726
-222.0760 0.0000 123.6228
-229.0408 0.0000 123.8332
-229.0408 44.8000 123.8332
-222.0760 44.8000 123.6228
-229.0408 0.0000 123.8332
-229.2124 0.0000 118.4718
-229.2124 44.8000 118.4718
-229.0408 44.8000 123.8332
-229.2124 0.0000 118.4718
-222.2476 0.0000 118.2613
-222.2476 44.8000 118.2613
-229.2124 44.8000 118.4718
-222.2476 0.0000 118.2613
-222.0760 0.0000 123.6228
-222.0760 44.8000 123.6228
-222.2476 44.8000 118.2613
-222.0760 44.8000 123.6228
-229.0408 44.8000 123.8332
-229.2124 44.8000 118.4718
-222.2476 44.8000 118.2613
-221.8337 0.0000 131.3990
-228.7985 0.0000 131.6095
-228.7985 48.0000 131.6095
-221.8337 48.0000 131.3990
-228.7985 0.0000 131.6095
-229.0408 0.0000 123.8332
-229.0408 48.0000 123.8332
-228.7985 48.0000 131.6095
-229.0408 0.0000 123.8332
-222.0760 0.0000 123.6228
-222.0760 48.0000 123.6228
-229.0408 48.0000 123.8332
-222.0760 0.0000 123.6228
-221.8337 0.0000 131.3990
-221.8337 48.0000 131.3990
-222.0760 48.0000 123.6228
-221.8337 48.0000 131.3990
-228.7985 48.0000 131.6095
-229.0408 48.0000 123.8332
-222.0760 48.0000 123.6228
-260.7356 0.0000 115.1929
-240.7497 0.0000 114.5726
-240.7497 41.6000 114.5726
-260.7356 41.6000 115.1929
-240.7497 0.0000 114.5726
-229.3436 0.0000 114.2292
-229.3436 41.6000 114.2292
-240.7497 41.6000 114.5726
-229.3436 0.0000 114.2292
-229.2124 0.0000 118.4718
-229.2124 41.6000 118.4718
-229.3436 41.6000 114.2292
-229.2124 0.0000 118.4718
-229.0408 0.0000 123.8332
-229.0408 41.6000 123.8332
-229.2124 41.6000 118.4718
-229.0408 0.0000 123.8332
-228.7985 0.0000 131.6095
-228.7985 41.6000 131.6095
-229.0408 41.6000 123.8332
-228.7985 0.0000 131.6095
-221.8337 0.0000 131.3990
-221.8337 41.6000 131.3990
-228.7985 41.6000 131.6095
-221.8337 0.0000 131.3990
-221.6722 0.0000 136.5610
-221.6722 41.6000 136.5610
-221.8337 41.6000 131.3990
-221.6722 0.0000 136.5610
-225.4776 0.0000 136.6829
-225.4776 41.6000 136.6829
-221.6722 41.6000 136.5610
-225.4776 0.0000 136.6829
-228.6471 0.0000 136.7715
-228.6471 41.6000 136.7715
-225.4776 41.6000 136.6829
-228.6471 0.0000 136.7715
-228.5966 0.0000 138.2116
-228.5966 41.6000 138.2116
-228.6471 41.6000 136.7715
-228.5966 0.0000 138.2116
-228.5159 0.0000 140.9033
-228.5159 41.6000 140.9033
-228.5966 41.6000 138.2116
-228.5159 0.0000 140.9033
-271.2938 0.0000 142.2105
-271.2938 41.6000 142.2105
-228.5159 41.6000 140.9033
-271.2938 0.0000 142.2105
-271.3746 0.0000 139.5187
-271.3746 41.6000 139.5187
-271.2938 41.6000 142.2105
-271.3746 0.0000 139.5187
-271.4251 0.0000 138.0897
-271.4251 41.6000 138.0897
-271.3746 41.6000 139.5187
-271.4251 0.0000 138.0897
-273.8981 0.0000 138.1673
-273.8981 41.6000 138.1673
-271.4251 41.6000 138.0897
-273.8981 0.0000 138.1673
-274.0596 0.0000 133.0052
-274.0596 41.6000 133.0052
-273.8981 41.6000 138.1673
-274.0596 0.0000 133.0052
-271.5765 0.0000 132.9277
-271.5765 41.6000 132.9277
-274.0596 41.6000 133.0052
-271.5765 0.0000 132.9277
-271.8187 0.0000 125.1514
-271.8187 41.6000 125.1514
-271.5765 41.6000 132.9277
-271.8187 0.0000 125.1514
-274.3018 0.0000 125.2179
-274.3018 41.6000 125.2179
-271.8187 41.6000 125.1514
-274.3018 0.0000 125.2179
-274.4734 0.0000 119.8565
-274.4734 41.6000 119.8565
-274.3018 41.6000 125.2179
-274.4734 0.0000 119.8565
-271.9903 0.0000 119.7900
-271.9903 41.6000 119.7900
-274.4734 41.6000 119.8565
-271.9903 0.0000 119.7900
-272.1215 0.0000 115.5363
-272.1215 41.6000 115.5363
-271.9903 41.6000 119.7900
-272.1215 0.0000 115.5363
-260.7356 0.0000 115.1929
-260.7356 41.6000 115.1929
-272.1215 41.6000 115.5363
-260.7356 41.6000 115.1929
-240.7497 41.6000 114.5726
-229.3436 41.6000 114.2292
-229.2124 41.6000 118.4718
-229.0408 41.6000 123.8332
-228.7985 41.6000 131.6095
-221.8337 41.6000 131.3990
-221.6722 41.6000 136.5610
-225.4776 41.6000 136.6829
-228.6471 41.6000 136.7715
-228.5966 41.6000 138.2116
-228.5159 41.6000 140.9033
-271.2938 41.6000 142.2105
-271.3746 41.6000 139.5187
-271.4251 41.6000 138.0897
-273.8981 41.6000 138.1673
-274.0596 41.6000 133.0052
-271.5765 41.6000 132.9277
-271.8187 41.6000 125.1514
-274.3018 41.6000 125.2179
-274.4734 41.6000 119.8565
-271.9903 41.6000 119.7900
-272.1215 41.6000 115.5363
-265.6614 0.0000 218.1011
-267.0342 0.0000 174.6227
-267.0342 12.8000 174.6227
-265.6614 12.8000 218.1011
-267.0342 0.0000 174.6227
-267.2664 0.0000 167.1344
-267.2664 12.8000 167.1344
-267.0342 12.8000 174.6227
-267.2664 0.0000 167.1344
-200.7173 0.0000 165.0630
-200.7173 12.8000 165.0630
-267.2664 12.8000 167.1344
-200.7173 0.0000 165.0630
-200.2429 0.0000 165.0519
-200.2429 12.8000 165.0519
-200.7173 12.8000 165.0630
-200.2429 0.0000 165.0519
-175.8055 0.0000 171.2219
-175.8055 12.8000 171.2219
-200.2429 12.8000 165.0519
-175.8055 0.0000 171.2219
-170.2236 0.0000 173.8362
-170.2236 12.8000 173.8362
-175.8055 12.8000 171.2219
-170.2236 0.0000 173.8362
-165.7318 0.0000 178.0345
-165.7318 12.8000 178.0345
-170.2236 12.8000 173.8362
-165.7318 0.0000 178.0345
-162.7642 0.0000 183.4070
-162.7642 12.8000 183.4070
-165.7318 12.8000 178.0345
-162.7642 0.0000 183.4070
-161.6034 0.0000 189.4330
-161.6034 12.8000 189.4330
-162.7642 12.8000 183.4070
-161.6034 0.0000 189.4330
-162.3806 0.0000 195.5145
-162.3806 12.8000 195.5145
-161.6034 12.8000 189.4330
-162.3806 0.0000 195.5145
-165.0050 0.0000 201.0642
-165.0050 12.8000 201.0642
-162.3806 12.8000 195.5145
-165.0050 0.0000 201.0642
-169.2243 0.0000 205.5394
-169.2243 12.8000 205.5394
-165.0050 12.8000 201.0642
-169.2243 0.0000 205.5394
-174.6346 0.0000 208.4971
-174.6346 12.8000 208.4971
-169.2243 12.8000 205.5394
-174.6346 0.0000 208.4971
-198.6480 0.0000 216.0075
-198.6480 12.8000 216.0075
-174.6346 12.8000 208.4971
-198.6480 0.0000 216.0075
-265.6614 0.0000 218.1011
-265.6614 12.8000 218.1011
-198.6480 12.8000 216.0075
-265.6614 12.8000 218.1011
-267.0342 12.8000 174.6227
-267.2664 12.8000 167.1344
-200.7173 12.8000 165.0630
-200.2429 12.8000 165.0519
-175.8055 12.8000 171.2219
-170.2236 12.8000 173.8362
-165.7318 12.8000 178.0345
-162.7642 12.8000 183.4070
-161.6034 12.8000 189.4330
-162.3806 12.8000 195.5145
-165.0050 12.8000 201.0642
-169.2243 12.8000 205.5394
-174.6346 12.8000 208.4971
-198.6480 12.8000 216.0075
-199.5767 0.0000 194.9606
-199.6170 0.0000 193.6867
-199.6170 19.2000 193.6867
-199.5767 19.2000 194.9606
-199.6170 0.0000 193.6867
-199.8189 0.0000 187.0957
-199.8189 19.2000 187.0957
-199.6170 19.2000 193.6867
-199.8189 0.0000 187.0957
-199.8997 0.0000 184.5590
-199.8997 19.2000 184.5590
-199.8189 19.2000 187.0957
-199.8997 0.0000 184.5590
-196.3668 0.0000 184.4482
-196.3668 19.2000 184.4482
-199.8997 19.2000 184.5590
-196.3668 0.0000 184.4482
-196.0337 0.0000 194.8498
-196.0337 19.2000 194.8498
-196.3668 19.2000 184.4482
-196.0337 0.0000 194.8498
-199.5767 0.0000 194.9606
-199.5767 19.2000 194.9606
-196.0337 19.2000 194.8498
-199.5767 19.2000 194.9606
-199.6170 19.2000 193.6867
-199.8189 19.2000 187.0957
-199.8997 19.2000 184.5590
-196.3668 19.2000 184.4482
-196.0337 19.2000 194.8498
-204.6034 0.0000 201.5738
-204.5025 0.0000 204.7862
-204.5025 19.2000 204.7862
-204.6034 19.2000 201.5738
-204.5025 0.0000 204.7862
-207.1774 0.0000 204.8637
-207.1774 19.2000 204.8637
-204.5025 19.2000 204.7862
-207.1774 0.0000 204.8637
-207.1975 0.0000 204.3209
-207.1975 19.2000 204.3209
-207.1774 19.2000 204.8637
-207.1975 0.0000 204.3209
-207.2783 0.0000 201.6513
-207.2783 19.2000 201.6513
-207.1975 19.2000 204.3209
-207.2783 0.0000 201.6513
-204.6034 0.0000 201.5738
-204.6034 19.2000 201.5738
-207.2783 19.2000 201.6513
-204.6034 19.2000 201.5738
-204.5025 19.2000 204.7862
-207.1774 19.2000 204.8637
-207.1975 19.2000 204.3209
-207.2783 19.2000 201.6513
-199.6170 0.0000 193.6867
-199.5767 0.0000 194.9606
-199.5767 44.8000 194.9606
-199.6170 44.8000 193.6867
-199.5767 0.0000 194.9606
-199.3748 0.0000 201.4076
-199.3748 44.8000 201.4076
-199.5767 44.8000 194.9606
-199.3748 0.0000 201.4076
-204.6034 0.0000 201.5738
-204.6034 44.8000 201.5738
-199.3748 44.8000 201.4076
-204.6034 0.0000 201.5738
-204.8457 0.0000 193.8418
-204.8457 44.8000 193.8418
-204.6034 44.8000 201.5738
-204.8457 0.0000 193.8418
-199.6170 0.0000 193.6867
-199.6170 44.8000 193.6867
-204.8457 44.8000 193.8418
-199.6170 44.8000 193.6867
-199.5767 44.8000 194.9606
-199.3748 44.8000 201.4076
-204.6034 44.8000 201.5738
-204.8457 44.8000 193.8418
-199.8189 0.0000 187.0957
-208.0152 0.0000 187.3505
-208.0152 44.8000 187.3505
-199.8189 44.8000 187.0957
-208.0152 0.0000 187.3505
-208.2473 0.0000 180.0062
-208.2473 44.8000 180.0062
-208.0152 44.8000 187.3505
-208.2473 0.0000 180.0062
-207.9647 0.0000 180.0062
-207.9647 44.8000 180.0062
-208.2473 44.8000 180.0062
-207.9647 0.0000 180.0062
-200.0511 0.0000 179.7515
-200.0511 44.8000 179.7515
-207.9647 44.8000 180.0062
-200.0511 0.0000 179.7515
-199.8997 0.0000 184.5590
-199.8997 44.8000 184.5590
-200.0511 44.8000 179.7515
-199.8997 0.0000 184.5590
-199.8189 0.0000 187.0957
-199.8189 44.8000 187.0957
-199.8997 44.8000 184.5590
-199.8189 44.8000 187.0957
-208.0152 44.8000 187.3505
-208.2473 44.8000 180.0062
-207.9647 44.8000 180.0062
-200.0511 44.8000 179.7515
-199.8997 44.8000 184.5590
-250.0865 0.0000 205.6613
-250.1774 0.0000 202.9917
-250.1774 28.8000 202.9917
-250.0865 28.8000 205.6613
-250.1774 0.0000 202.9917
-249.6424 0.0000 202.9695
-249.6424 28.8000 202.9695
-250.1774 28.8000 202.9917
-249.6424 0.0000 202.9695
-249.8746 0.0000 195.6252
-249.8746 28.8000 195.6252
-249.6424 28.8000 202.9695
-249.8746 0.0000 195.6252
-250.1067 0.0000 188.1702
-250.1067 28.8000 188.1702
-249.8746 28.8000 195.6252
-250.1067 0.0000 188.1702
-255.0729 0.0000 188.3253
-255.0729 28.8000 188.3253
-250.1067 28.8000 188.1702
-255.0729 0.0000 188.3253
-255.1335 0.0000 186.3979
-255.1335 28.8000 186.3979
-255.0729 28.8000 188.3253
-255.1335 0.0000 186.3979
-258.5654 0.0000 186.5086
-258.5654 28.8000 186.5086
-255.1335 28.8000 186.3979
-258.5654 0.0000 186.5086
-258.7269 0.0000 181.4020
-258.7269 28.8000 181.4020
-258.5654 28.8000 186.5086
-258.7269 0.0000 181.4020
-250.8638 0.0000 181.1583
-250.8638 28.8000 181.1583
-258.7269 28.8000 181.4020
-250.8638 0.0000 181.1583
-250.9445 0.0000 178.5662
-250.9445 28.8000 178.5662
-250.8638 28.8000 181.1583
-250.9445 0.0000 178.5662
-208.0454 0.0000 177.2369
-208.0454 28.8000 177.2369
-250.9445 28.8000 178.5662
-208.0454 0.0000 177.2369
-207.9647 0.0000 180.0062
-207.9647 28.8000 180.0062
-208.0454 28.8000 177.2369
-207.9647 0.0000 180.0062
-208.2473 0.0000 180.0062
-208.2473 28.8000 180.0062
-207.9647 28.8000 180.0062
-208.2473 0.0000 180.0062
-208.0152 0.0000 187.3505
-208.0152 28.8000 187.3505
-208.2473 28.8000 180.0062
-208.0152 0.0000 187.3505
-199.8189 0.0000 187.0957
-199.8189 28.8000 187.0957
-208.0152 28.8000 187.3505
-199.8189 0.0000 187.0957
-199.6170 0.0000 193.6867
-199.6170 28.8000 193.6867
-199.8189 28.8000 187.0957
-199.6170 0.0000 193.6867
-204.8457 0.0000 193.8418
-204.8457 28.8000 193.8418
-199.6170 28.8000 193.6867
-204.8457 0.0000 193.8418
-204.6034 0.0000 201.5738
-204.6034 28.8000 201.5738
-204.8457 28.8000 193.8418
-204.6034 0.0000 201.5738
-207.2783 0.0000 201.6513
-207.2783 28.8000 201.6513
-204.6034 28.8000 201.5738
-207.2783 0.0000 201.6513
-207.1975 0.0000 204.3209
-207.1975 28.8000 204.3209
-207.2783 28.8000 201.6513
-207.1975 0.0000 204.3209
-250.0865 0.0000 205.6613
-250.0865 28.8000 205.6613
-207.1975 28.8000 204.3209
-250.0865 28.8000 205.6613
-250.1774 28.8000 202.9917
-249.6424 28.8000 202.9695
-249.8746 28.8000 195.6252
-250.1067 28.8000 188.1702
-255.0729 28.8000 188.3253
-255.1335 28.8000 186.3979
-258.5654 28.8000 186.5086
-258.7269 28.8000 181.4020
-250.8638 28.8000 181.1583
-250.9445 28.8000 178.5662
-208.0454 28.8000 177.2369
-207.9647 28.8000 180.0062
-208.2473 28.8000 180.0062
-208.0152 28.8000 187.3505
-199.8189 28.8000 187.0957
-199.6170 28.8000 193.6867
-204.8457 28.8000 193.8418
-204.6034 28.8000 201.5738
-207.2783 28.8000 201.6513
-207.1975 28.8000 204.3209
3 0 1 2
3 0 2 3
3 4 5 6
3 4 6 7
3 8 9 10
3 8 10 11
3 12 13 14
3 12 14 15
3 16 17 18
3 16 18 19
3 20 21 22
3 20 22 23
3 24 25 26
3 24 26 27
3 28 29 30
3 28 30 31
3 32 33 34
3 32 34 35
3 41 44 38
3 38 44 43
3 41 38 37
3 39 38 43
3 41 37 36
3 39 43 42
3 41 36 40
3 40 39 42
3 42 41 40
3 45 46 47
3 45 47 48
3 49 50 51
3 49 51 52
3 53 54 55
3 53 55 56
3 57 58 59
3 57 59 60
3 61 64 63
3 63 62 61
3 65 66 67
3 65 67 68
3 69 70 71
3 69 71 72
3 73 74 75
3 73 75 76
3 77 78 79
3 77 79 80
3 81 82 83
3 81 83 84
3 85 86 87
3 85 87 88
3 89 90 91
3 89 91 92
3 93 94 95
3 93 95 96
3 97 98 99
3 97 99 100
3 101 102 103
3 101 103 104
3 105 106 107
3 105 107 108
3 109 110 111
3 109 111 112
3 113 124 123
3 115 114 113
3 119 118 117
3 121 120 119
3 115 113 123
3 122 121 119
3 116 115 123
3 122 119 117
3 116 123 122
3 122 117 116
3 125 126 127
3 125 127 128
3 129 130 131
3 129 131 132
3 133 134 135
3 133 135 136
3 137 138 139
3 137 139 140
3 141 142 143
3 141 143 144
3 145 146 147
3 145 147 148
3 149 150 151
3 149 151 152
3 153 154 155
3 153 155 156
3 157 158 159
3 157 159 160
3 161 162 163
3 161 163 164
3 165 166 167
3 165 167 168
3 169 170 171
3 169 171 172
3 173 174 175
3 173 175 176
3 177 178 179
3 177 179 180
3 181 182 183
3 181 183 184
3 185 186 187
3 185 187 188
3 189 204 203
3 191 190 189
3 195 194 193
3 197 196 195
3 200 199 198
3 202 201 200
3 192 191 189
3 197 195 193
3 202 200 198
3 192 189 203
3 197 193 192
3 202 198 197
3 192 203 202
3 202 197 192
3 205 206 207
3 205 207 208
3 209 210 211
3 209 211 212
3 213 214 215
3 213 215 216
3 217 218 219
3 217 219 220
3 221 222 223
3 221 223 224
3 225 226 227
3 225 227 228
3 229 230 231
3 229 231 232
3 233 234 235
3 233 235 236
3 237 238 239
3 237 239 240
3 241 242 243
3 241 243 244
3 245 246 247
3 245 247 248
3 249 250 251
3 249 251 252
3 253 254 255
3 253 255 256
3 257 258 259
3 257 259 260
3 261 262 263
3 261 263 264
3 265 266 267
3 265 267 268
3 269 270 271
3 269 271 272
3 273 289 288
3 276 275 274
3 278 277 276
3 281 280 279
3 284 283 282
3 286 285 284
3 273 288 287
3 278 276 274
3 282 281 279
3 286 284 282
3 273 287 286
3 278 274 273
3 286 282 279
3 278 273 286
3 286 279 278
3 290 291 292
3 290 292 293
3 294 295 296
3 294 296 297
3 298 299 300
3 298 300 301
3 302 303 304
3 302 304 305
3 306 309 308
3 308 307 306
3 310 311 312
3 310 312 313
3 314 315 316
3 314 316 317
3 318 319 320
3 318 320 321
3 322 323 324
3 322 324 325
3 326 327 328
3 326 328 329
3 330 331 332
3 330 332 333
3 334 335 336
3 334 336 337
3 338 339 340
3 338 340 341
3 342 343 344
3 342 344 345
3 346 347 348
3 346 348 349
3 350 359 358
3 352 351 350
3 354 353 352
3 356 355 354
3 350 358 357
3 354 352 350
3 357 356 354
3 354 350 357
3 360 361 362
3 360 362 363
3 364 365 366
3 364 366 367
3 368 369 370
3 368 370 371
3 372 373 374
3 372 374 375
3 376 377 378
3 376 378 379
3 380 381 382
3 380 382 383
3 384 385 386
3 384 386 387
3 388 389 390
3 388 390 391
3 392 393 394
3 392 394 395
3 396 397 398
3 396 398 399
3 400 401 402
3 400 402 403
3 404 405 406
3 404 406 407
3 408 409 410
3 408 410 411
3 412 413 414
3 412 414 415
3 416 417 418
3 416 418 419
3 420 421 422
3 420 422 423
3 424 425 426
3 424 426 427
3 428 429 430
3 428 430 431
3 432 433 434
3 432 434 435
3 436 437 438
3 436 438 439
3 440 441 442
3 440 442 443
3 445 444 464
3 448 447 446
3 450 449 448
3 454 453 452
3 457 456 455
3 459 458 457
3 461 460 459
3 463 462 461
3 446 445 464
3 451 450 448
3 455 454 452
3 459 457 455
3 463 461 459
3 446 464 463
3 451 448 446
3 459 455 452
3 446 463 459
3 452 451 446
3 446 459 452
3 465 466 467
3 465 467 468
3 469 470 471
3 469 471 472
3 473 474 475
3 473 475 476
3 477 478 479
3 477 479 480
3 481 482 483
3 481 483 484
3 485 486 487
3 485 487 488
3 489 490 491
3 489 491 492
3 493 494 495
3 493 495 496
3 497 498 499
3 497 499 500
3 501 502 503
3 501 503 504
3 505 506 507
3 505 507 508
3 509 510 511
3 509 511 512
3 513 514 515
3 513 515 516
3 517 518 519
3 517 519 520
3 521 522 523
3 521 523 524
3 525 526 527
3 525 527 528
3 529 530 531
3 529 531 532
3 533 534 535
3 533 535 536
3 537 538 539
3 537 539 540
3 541 542 543
3 541 543 544
3 545 546 547
3 545 547 548
3 549 550 551
3 549 551 552
3 553 554 555
3 553 555 556
3 557 558 559
3 557 559 560
3 561 562 563
3 561 563 564
3 565 566 567
3 565 567 568
3 569 570 571
3 569 571 572
3 573 574 575
3 573 575 576
3 577 578 579
3 577 579 580
3 581 582 583
3 581 583 584
3 585 586 587
3 585 587 588
3 589 590 591
3 589 591 592
3 593 594 595
3 593 595 596
3 597 598 599
3 597 599 600
3 601 634 633
3 603 602 601
3 605 604 603
3 607 606 605
3 609 608 607
3 611 610 609
3 613 612 611
3 615 614 613
3 617 616 615
3 619 618 617
3 621 620 619
3 623 622 621
3 625 624 623
3 627 626 625
3 630 629 628
3 632 631 630
3 601 633 632
3 605 603 601
3 609 607 605
3 613 611 609
3 617 615 613
3 623 621 619
3 627 625 623
3 632 630 628
3 605 601 632
3 613 609 605
3 619 617 613
3 627 623 619
3 605 632 628
3 619 613 605
3 628 627 619
3 619 605 628
3 635 636 637
3 635 637 638
3 639 640 641
3 639 641 642
3 643 644 645
3 643 645 646
3 647 648 649
3 647 649 650
3 651 654 653
3 653 652 651
3 655 656 657
3 655 657 658
3 659 660 661
3 659 661 662
3 663 664 665
3 663 665 666
3 667 668 669
3 667 669 670
3 671 674 673
3 673 672 671
3 675 676 677
3 675 677 678
3 679 680 681
3 679 681 682
3 683 684 685
3 683 685 686
3 687 688 689
3 687 689 690
3 691 692 693
3 691 693 694
3 695 696 697
3 695 697 698
3 699 700 701
3 699 701 702
3 703 704 705
3 703 705 706
3 707 708 709
3 707 709 710
3 711 712 713
3 711 713 714
3 715 716 717
3 715 717 718
3 719 720 721
3 719 721 722
3 723 734 733
3 726 725 724
3 728 727 726
3 730 729 728
3 732 731 730
3 724 723 733
3 728 726 724
3 732 730 728
3 728 724 733
3 733 732 728
3 735 736 737
3 735 737 738
3 739 740 741
3 739 741 742
3 743 744 745
3 743 745 746
3 747 748 749
3 747 749 750
3 751 752 753
3 751 753 754
3 755 756 757
3 755 757 758
3 759 760 761
3 759 761 762
3 763 764 765
3 763 765 766
3 767 768 769
3 767 769 770
3 771 772 773
3 771 773 774
3 775 776 777
3 775 777 778
3 779 780 781
3 779 781 782
3 783 784 785
3 783 785 786
3 787 788 789
3 787 789 790
3 791 792 793
3 791 793 794
3 795 796 797
3 795 797 798
3 799 800 801
3 799 801 802
3 804 803 819
3 807 806 805
3 809 808 807
3 811 810 809
3 813 812 811
3 815 814 813
3 817 816 815
3 819 818 817
3 805 804 819
3 811 809 807
3 815 813 811
3 819 817 815
3 807 805 819
3 815 811 807
3 807 819 815
3 820 821 822
3 820 822 823
3 824 825 826
3 824 826 827
3 828 829 830
3 828 830 831
3 832 833 834
3 832 834 835
3 836 837 838
3 836 838 839
3 840 841 842
3 840 842 843
3 844 845 846
3 844 846 847
3 848 849 850
3 848 850 851
3 852 853 854
3 852 854 855
3 856 857 858
3 856 858 859
3 860 861 862
3 860 862 863
3 864 865 866
3 864 866 867
3 868 869 870
3 868 870 871
3 872 873 874
3 872 874 875
3 876 877 878
3 876 878 879
3 880 881 882
3 880 882 883
3 884 885 886
3 884 886 887
3 888 889 890
3 888 890 891
3 892 893 894
3 892 894 895
3 896 897 898
3 896 898 899
3 900 901 902
3 900 902 903
3 904 905 906
3 904 906 907
3 908 909 910
3 908 910 911
3 912 913 914
3 912 914 915
3 916 917 918
3 916 918 919
3 920 921 922
3 920 922 923
3 924 925 926
3 924 926 927
3 928 929 930
3 928 930 931
3 932 933 934
3 932 934 935
3 936 937 938
3 936 938 939
3 940 969 968
3 942 941 940
3 948 947 946
3 951 950 949
3 953 952 951
3 956 955 954
3 959 958 957
3 961 960 959
3 964 963 962
3 966 965 964
3 940 968 967
3 943 942 940
3 948 946 945
3 953 951 949
3 957 956 954
3 961 959 957
3 966 964 962
3 943 940 967
3 948 945 944
3 954 953 949
3 961 957 954
3 966 962 961
3 944 943 967
3 961 954 949
3 948 944 967
3 961 949 948
3 948 967 966
3 966 961 948
3 970 971 972
3 970 972 973
3 974 975 976
3 974 976 977
3 978 979 980
3 978 980 981
3 982 983 984
3 982 984 985
3 986 987 988
3 986 988 989
3 990 991 992
3 990 992 993
3 994 995 996
3 994 996 997
3 998 999 1000
3 998 1000 1001
3 1002 1003 1004
3 1002 1004 1005
3 1006 1007 1008
3 1006 1008 1009
3 1010 1011 1012
3 1010 1012 1013
3 1014 1015 1016
3 1014 1016 1017
3 1018 1019 1020
3 1018 1020 1021
3 1022 1023 1024
3 1022 1024 1025
3 1026 1027 1028
3 1026 1028 1029
3 1030 1031 1032
3 1030 1032 1033
3 1034 1035 1036
3 1034 1036 1037
3 1038 1039 1040
3 1038 1040 1041
3 1042 1043 1044
3 1042 1044 1045
3 1046 1047 1048
3 1046 1048 1049
3 1050 1051 1052
3 1050 1052 1053
3 1054 1055 1056
3 1054 1056 1057
3 1058 1059 1060
3 1058 1060 1061
3 1062 1063 1064
3 1062 1064 1065
3 1066 1067 1068
3 1066 1068 1069
3 1070 1071 1072
3 1070 1072 1073
3 1074 1075 1076
3 1074 1076 1077
3 1078 1079 1080
3 1078 1080 1081
3 1082 1083 1084
3 1082 1084 1085
3 1086 1087 1088
3 1086 1088 1089
3 1090 1091 1092
3 1090 1092 1093
3 1094 1095 1096
3 1094 1096 1097
3 1098 1099 1100
3 1098 1100 1101
3 1102 1103 1104
3 1102 1104 1105
3 1106 1107 1108
3 1106 1108 1109
3 1110 1111 1112
3 1110 1112 1113
3 1114 1115 1116
3 1114 1116 1117
3 1118 1119 1120
3 1118 1120 1121
3 1122 1123 1124
3 1122 1124 1125
3 1126 1127 1128
3 1126 1128 1129
3 1130 1131 1132
3 1130 1132 1133
3 1134 1135 1136
3 1134 1136 1137
3 1138 1139 1140
3 1138 1140 1141
3 1142 1143 1144
3 1142 1144 1145
3 1146 1147 1148
3 1146 1148 1149
3 1150 1151 1152
3 1150 1152 1153
3 1154 1155 1156
3 1154 1156 1157
3 1158 1159 1160
3 1158 1160 1161
3 1162 1163 1164
3 1162 1164 1165
3 1166 1167 1168
3 1166 1168 1169
3 1170 1171 1172
3 1170 1172 1173
3 1174 1175 1176
3 1174 1176 1177
3 1178 1179 1180
3 1178 1180 1181
3 1182 1183 1184
3 1182 1184 1185
3 1186 1187 1188
3 1186 1188 1189
3 1190 1191 1192
3 1190 1192 1193
3 1194 1195 1196
3 1194 1196 1197
3 1198 1199 1200
3 1198 1200 1201
3 1202 1203 1204
3 1202 1204 1205
3 1206 1207 1208
3 1206 1208 1209
3 1210 1211 1212
3 1210 1212 1213
3 1214 1215 1216
3 1214 1216 1217
3 1218 1219 1220
3 1218 1220 1221
3 1222 1223 1224
3 1222 1224 1225
3 1226 1227 1228
3 1226 1228 1229
3 1230 1231 1232
3 1230 1232 1233
3 1234 1299 1298
3 1237 1236 1235
3 1239 1238 1237
3 1241 1240 1239
3 1243 1242 1241
3 1245 1244 1243
3 1247 1246 1245
3 1249 1248 1247
3 1260 1259 1258
3 1264 1263 1262
3 1273 1272 1271
3 1277 1276 1275
3 1286 1285 1284
3 1288 1287 1286
3 1290 1289 1288
3 1292 1291 1290
3 1294 1293 1292
3 1296 1295 1294
3 1235 1234 1298
3 1239 1237 1235
3 1243 1241 1239
3 1247 1245 1243
3 1250 1249 1247
3 1261 1260 1258
3 1264 1262 1261
3 1274 1273 1271
3 1277 1275 1274
3 1286 1284 1283
3 1290 1288 1286
3 1294 1292 1290
3 1297 1296 1294
3 1247 1243 1239
3 1251 1250 1247
3 1264 1261 1258
3 1277 1274 1271
3 1286 1283 1282
3 1294 1290 1286
3 1298 1297 1294
3 1251 1247 1239
3 1265 1264 1258
3 1286 1282 1281
3 1252 1251 1239
3 1294 1286 1281
3 1253 1252 1239
3 1294 1281 1280
3 1254 1253 1239
3 1294 1280 1279
3 1255 1254 1239
3 1294 1279 1278
3 1256 1255 1239
3 1294 1278 1277
3 1256 1239 1235
3 1294 1277 1271
3 1257 1256 1235
3 1294 1271 1270
3 1258 1257 1235
3 1294 1270 1269
3 1265 1258 1235
3 1298 1294 1269
3 1266 1265 1235
3 1298 1269 1268
3 1267 1266 1235
3 1298 1268 1267
3 1267 1235 1298
3 1300 1301 1302
3 1300 1302 1303
3 1304 1305 1306
3 1304 1306 1307
3 1308 1309 1310
3 1308 1310 1311
3 1312 1313 1314
3 1312 1314 1315
3 1316 1319 1318
3 1318 1317 1316
3 1320 1321 1322
3 1320 1322 1323
3 1324 1325 1326
3 1324 1326 1327
3 1328 1329 1330
3 1328 1330 1331
3 1332 1333 1334
3 1332 1334 1335
3 1336 1339 1338
3 1338 1337 1336
3 1340 1341 1342
3 1340 1342 1343
3 1344 1345 1346
3 1344 1346 1347
3 1348 1349 1350
3 1348 1350 1351
3 1352 1353 1354
3 1352 1354 1355
3 1356 1359 1358
3 1358 1357 1356
3 1360 1361 1362
3 1360 1362 1363
3 1364 1365 1366
3 1364 1366 1367
3 1368 1369 1370
3 1368 1370 1371
3 1372 1373 1374
3 1372 1374 1375
3 1376 1379 1378
3 1378 1377 1376
3 1380 1381 1382
3 1380 1382 1383
3 1384 1385 1386
3 1384 1386 1387
3 1388 1389 1390
3 1388 1390 1391
3 1392 1393 1394
3 1392 1394 1395
3 1396 1397 1398
3 1396 1398 1399
3 1400 1401 1402
3 1400 1402 1403
3 1404 1409 1408
3 1407 1406 1405
3 1404 1408 1407
3 1407 1405 1404
3 1410 1411 1412
3 1410 1412 1413
3 1414 1415 1416
3 1414 1416 1417
3 1418 1419 1420
3 1418 1420 1421
3 1422 1423 1424
3 1422 1424 1425
3 1426 1427 1428
3 1426 1428 1429
3 1430 1431 1432
3 1430 1432 1433
3 1434 1435 1436
3 1434 1436 1437
3 1438 1439 1440
3 1438 1440 1441
3 1442 1443 1444
3 1442 1444 1445
3 1446 1447 1448
3 1446 1448 1449
3 1450 1451 1452
3 1450 1452 1453
3 1454 1455 1456
3 1454 1456 1457
3 1458 1459 1460
3 1458 1460 1461
3 1462 1463 1464
3 1462 1464 1465
3 1466 1467 1468
3 1466 1468 1469
3 1470 1471 1472
3 1470 1472 1473
3 1474 1475 1476
3 1474 1476 1477
3 1478 1479 1480
3 1478 1480 1481
3 1482 1483 1484
3 1482 1484 1485
3 1486 1487 1488
3 1486 1488 1489
3 1490 1491 1492
3 1490 1492 1493
3 1494 1495 1496
3 1494 1496 1497
3 1498 1499 1500
3 1498 1500 1501
3 1502 1524 1523
3 1504 1503 1502
3 1514 1513 1512
3 1516 1515 1514
3 1518 1517 1516
3 1520 1519 1518
3 1522 1521 1520
3 1502 1523 1522
3 1505 1504 1502
3 1514 1512 1511
3 1518 1516 1514
3 1522 1520 1518
3 1505 1502 1522
3 1514 1511 1510
3 1522 1518 1514
3 1506 1505 1522
3 1522 1514 1510
3 1507 1506 1522
3 1522 1510 1509
3 1508 1507 1522
3 1522 1509 1508
3 1525 1526 1527
3 1525 1527 1528
3 1529 1530 1531
3 1529 1531 1532
3 1533 1534 1535
3 1533 1535 1536
3 1537 1538 1539
3 1537 1539 1540
3 1541 1542 1543
3 1541 1543 1544
3 1546 1545 1549
3 1548 1547 1546
3 1546 1549 1548
3 1550 1551 1552
3 1550 1552 1553
3 1554 1555 1556
3 1554 1556 1557
3 1558 1559 1560
3 1558 1560 1561
3 1562 1563 1564
3 1562 1564 1565
3 1566 1567 1568
3 1566 1568 1569
3 1570 1571 1572
3 1570 1572 1573
3 1574 1575 1576
3 1574 1576 1577
3 1578 1579 1580
3 1578 1580 1581
3 1582 1583 1584
3 1582 1584 1585
3 1586 1587 1588
3 1586 1588 1589
3 1590 1591 1592
3 1590 1592 1593
3 1594 1595 1596
3 1594 1596 1597
3 1598 1599 1600
3 1598 1600 1601
3 1602 1603 1604
3 1602 1604 1605
3 1606 1607 1608
3 1606 1608 1609
3 1610 1611 1612
3 1610 1612 1613
3 1614 1615 1616
3 1614 1616 1617
3 1618 1619 1620
3 1618 1620 1621
3 1622 1623 1624
3 1622 1624 1625
3 1626 1627 1628
3 1626 1628 1629
3 1630 1631 1632
3 1630 1632 1633
3 1634 1635 1636
3 1634 1636 1637
3 1638 1639 1640
3 1638 1640 1641
3 1642 1643 1644
3 1642 1644 1645
3 1646 1647 1648
3 1646 1648 1649
3 1650 1651 1652
3 1650 1652 1653
3 1654 1655 1656
3 1654 1656 1657
3 1658 1684 1683
3 1660 1659 1658
3 1672 1671 1670
3 1674 1673 1672
3 1676 1675 1674
3 1678 1677 1676
3 1680 1679 1678
3 1682 1681 1680
3 1658 1683 1682
3 1661 1660 1658
3 1674 1672 1670
3 1678 1676 1674
3 1682 1680 1678
3 1661 1658 1682
3 1674 1670 1669
3 1662 1661 1682
3 1674 1669 1668
3 1663 1662 1682
3 1674 1668 1667
3 1663 1682 1678
3 1678 1674 1667
3 1664 1663 1678
3 1678 1667 1666
3 1665 1664 1678
3 1678 1666 1665
3 1685 1686 1687
3 1685 1687 1688
3 1689 1690 1691
3 1689 1691 1692
3 1693 1694 1695
3 1693 1695 1696
3 1697 1698 1699
3 1697 1699 1700
3 1701 1704 1703
3 1703 1702 1701
3 1705 1706 1707
3 1705 1707 1708
3 1709 1710 1711
3 1709 1711 1712
3 1713 1714 1715
3 1713 1715 1716
3 1717 1718 1719
3 1717 1719 1720
3 1721 1722 1723
3 1721 1723 1724
3 1725 1726 1727
3 1725 1727 1728
3 1729 1730 1731
3 1729 1731 1732
3 1733 1734 1735
3 1733 1735 1736
3 1737 1738 1739
3 1737 1739 1740
3 1741 1742 1743
3 1741 1743 1744
3 1745 1746 1747
3 1745 1747 1748
3 1749 1750 1751
3 1749 1751 1752
3 1753 1754 1755
3 1753 1755 1756
3 1757 1758 1759
3 1757 1759 1760
3 1761 1762 1763
3 1761 1763 1764
3 1765 1766 1767
3 1765 1767 1768
3 1769 1770 1771
3 1769 1771 1772
3 1773 1774 1775
3 1773 1775 1776
3 1777 1794 1793
3 1779 1778 1777
3 1781 1780 1779
3 1785 1784 1783
3 1787 1786 1785
3 1790 1789 1788
3 1792 1791 1790
3 1779 1777 1793
3 1782 1781 1779
3 1787 1785 1783
3 1792 1790 1788
3 1779 1793 1792
3 1783 1782 1779
3 1788 1787 1783
3 1779 1792 1788
3 1788 1783 1779
3 1795 1796 1797
3 1795 1797 1798
3 1799 1800 1801
3 1799 1801 1802
3 1803 1804 1805
3 1803 1805 1806
3 1807 1808 1809
3 1807 1809 1810
3 1811 1812 1813
3 1811 1813 1814
3 1815 1816 1817
3 1815 1817 1818
3 1819 1820 1821
3 1819 1821 1822
3 1823 1824 1825
3 1823 1825 1826
3 1827 1834 1833
3 1829 1828 1827
3 1831 1830 1829
3 1833 1832 1831
3 1831 1829 1827
3 1827 1833 1831
3 1835 1836 1837
3 1835 1837 1838
3 1839 1840 1841
3 1839 1841 1842
3 1843 1844 1845
3 1843 1845 1846
3 1847 1848 1849
3 1847 1849 1850
3 1851 1854 1853
3 1853 1852 1851
3 1855 1856 1857
3 1855 1857 1858
3 1859 1860 1861
3 1859 1861 1862
3 1863 1864 1865
3 1863 1865 1866
3 1867 1868 1869
3 1867 1869 1870
3 1871 1872 1873
3 1871 1873 1874
3 1875 1876 1877
3 1875 1877 1878
3 1879 1880 1881
3 1879 1881 1882
3 1883 1884 1885
3 1883 1885 1886
3 1887 1888 1889
3 1887 1889 1890
3 1891 1892 1893
3 1891 1893 1894
3 1895 1896 1897
3 1895 1897 1898
3 1899 1900 1901
3 1899 1901 1902
3 1904 1903 1914
3 1907 1906 1905
3 1910 1909 1908
3 1913 1912 1911
3 1905 1904 1914
3 1908 1907 1905
3 1911 1910 1908
3 1914 1913 1911
3 1908 1905 1914
3 1914 1911 1908
3 1915 1916 1917
3 1915 1917 1918
3 1919 1920 1921
3 1919 1921 1922
3 1923 1924 1925
3 1923 1925 1926
3 1927 1928 1929
3 1927 1929 1930
3 1931 1932 1933
3 1931 1933 1934
3 1935 1936 1937
3 1935 1937 1938
3 1939 1940 1941
3 1939 1941 1942
3 1943 1944 1945
3 1943 1945 1946
3 1947 1948 1949
3 1947 1949 1950
3 1951 1952 1953
3 1951 1953 1954
3 1955 1956 1957
3 1955 1957 1958
3 1959 1960 1961
3 1959 1961 1962
3 1963 1974 1973
3 1966 1965 1964
3 1968 1967 1966
3 1970 1969 1968
3 1972 1971 1970
3 1963 1973 1972
3 1966 1964 1963
3 1970 1968 1966
3 1963 1972 1970
3 1970 1966 1963
3 1975 1976 1977
3 1975 1977 1978
3 1979 1980 1981
3 1979 1981 1982
3 1983 1984 1985
3 1983 1985 1986
3 1987 1988 1989
3 1987 1989 1990
3 1991 1992 1993
3 1991 1993 1994
3 1995 1999 1998
3 1997 1996 1995
3 1995 1998 1997
3 2000 2001 2002
3 2000 2002 2003
3 2004 2005 2006
3 2004 2006 2007
3 2008 2009 2010
3 2008 2010 2011
3 2012 2013 2014
3 2012 2014 2015
3 2016 2017 2018
3 2016 2018 2019
3 2020 2021 2022
3 2020 2022 2023
3 2024 2025 2026
3 2024 2026 2027
3 2028 2029 2030
3 2028 2030 2031
3 2032 2033 2034
3 2032 2034 2035
3 2036 2037 2038
3 2036 2038 2039
3 2040 2041 2042
3 2040 2042 2043
3 2044 2045 2046
3 2044 2046 2047
3 2048 2049 2050
3 2048 2050 2051
3 2052 2053 2054
3 2052 2054 2055
3 2056 2057 2058
3 2056 2058 2059
3 2060 2061 2062
3 2060 2062 2063
3 2064 2065 2066
3 2064 2066 2067
3 2068 2069 2070
3 2068 2070 2071
3 2072 2073 2074
3 2072 2074 2075
3 2076 2077 2078
3 2076 2078 2079
3 2080 2081 2082
3 2080 2082 2083
3 2085 2084 2104
3 2087 2086 2085
3 2089 2088 2087
3 2093 2092 2091
3 2095 2094 2093
3 2098 2097 2096
3 2101 2100 2099
3 2103 2102 2101
3 2087 2085 2104
3 2096 2095 2093
3 2099 2098 2096
3 2103 2101 2099
3 2087 2104 2103
3 2096 2093 2091
3 2103 2099 2096
3 2089 2087 2103
3 2103 2096 2091
3 2090 2089 2103
3 2103 2091 2090
3 2105 2106 2107
3 2105 2107 2108
3 2109 2110 2111
3 2109 2111 2112
3 2113 2114 2115
3 2113 2115 2116
3 2117 2118 2119
3 2117 2119 2120
3 2121 2124 2123
3 2123 2122 2121
3 2125 2126 2127
3 2125 2127 2128
3 2129 2130 2131
3 2129 2131 2132
3 2133 2134 2135
3 2133 2135 2136
3 2137 2138 2139
3 2137 2139 2140
3 2141 2142 2143
3 2141 2143 2144
3 2145 2146 2147
3 2145 2147 2148
3 2149 2150 2151
3 2149 2151 2152
3 2153 2154 2155
3 2153 2155 2156
3 2157 2158 2159
3 2157 2159 2160
3 2161 2162 2163
3 2161 2163 2164
3 2165 2166 2167
3 2165 2167 2168
3 2169 2170 2171
3 2169 2171 2172
3 2173 2174 2175
3 2173 2175 2176
3 2177 2178 2179
3 2177 2179 2180
3 2181 2182 2183
3 2181 2183 2184
3 2185 2186 2187
3 2185 2187 2188
3 2189 2190 2191
3 2189 2191 2192
3 2193 2194 2195
3 2193 2195 2196
3 2197 2198 2199
3 2197 2199 2200
3 2201 2202 2203
3 2201 2203 2204
3 2205 2206 2207
3 2205 2207 2208
3 2209 2210 2211
3 2209 2211 2212
3 2213 2214 2215
3 2213 2215 2216
3 2217 2218 2219
3 2217 2219 2220
3 2221 2222 2223
3 2221 2223 2224
3 2225 2226 2227
3 2225 2227 2228
3 2229 2254 2253
3 2231 2230 2229
3 2234 2233 2232
3 2236 2235 2234
3 2239 2238 2237
3 2241 2240 2239
3 2244 2243 2242
3 2246 2245 2244
3 2248 2247 2246
3 2250 2249 2248
3 2252 2251 2250
3 2231 2229 2253
3 2234 2232 2231
3 2237 2236 2234
3 2241 2239 2237
3 2248 2246 2244
3 2252 2250 2248
3 2231 2253 2252
3 2237 2234 2231
3 2242 2241 2237
3 2248 2244 2242
3 2231 2252 2248
3 2242 2237 2231
3 2231 2248 2242
3 2255 2256 2257
3 2255 2257 2258
3 2259 2260 2261
3 2259 2261 2262
3 2263 2264 2265
3 2263 2265 2266
3 2267 2268 2269
3 2267 2269 2270
3 2271 2272 2273
3 2271 2273 2274
3 2275 2276 2277
3 2275 2277 2278
3 2279 2280 2281
3 2279 2281 2282
3 2283 2284 2285
3 2283 2285 2286
3 2287 2288 2289
3 2287 2289 2290
3 2291 2292 2293
3 2291 2293 2294
3 2295 2296 2297
3 2295 2297 2298
3 2299 2300 2301
3 2299 2301 2302
3 2303 2304 2305
3 2303 2305 2306
3 2307 2308 2309
3 2307 2309 2310
3 2311 2312 2313
3 2311 2313 2314
3 2315 2316 2317
3 2315 2317 2318
3 2320 2319 2334
3 2322 2321 2320
3 2326 2325 2324
3 2329 2328 2327
3 2331 2330 2329
3 2333 2332 2331
3 2320 2334 2333
3 2323 2322 2320
3 2329 2327 2326
3 2324 2323 2320
3 2329 2326 2324
3 2324 2320 2333
3 2331 2329 2324
3 2324 2333 2331
3 2335 2336 2337
3 2335 2337 2338
3 2339 2340 2341
3 2339 2341 2342
3 2343 2344 2345
3 2343 2345 2346
3 2347 2348 2349
3 2347 2349 2350
3 2351 2352 2353
3 2351 2353 2354
3 2355 2356 2357
3 2355 2357 2358
3 2359 2360 2361
3 2359 2361 2362
3 2363 2369 2368
3 2366 2365 2364
3 2368 2367 2366
3 2364 2363 2368
3 2368 2366 2364
3 2370 2371 2372
3 2370 2372 2373
3 2374 2375 2376
3 2374 2376 2377
3 2378 2379 2380
3 2378 2380 2381
3 2382 2383 2384
3 2382 2384 2385
3 2386 2389 2388
3 2388 2387 2386
3 2390 2391 2392
3 2390 2392 2393
3 2394 2395 2396
3 2394 2396 2397
3 2398 2399 2400
3 2398 2400 2401
3 2402 2403 2404
3 2402 2404 2405
3 2406 2407 2408
3 2406 2408 2409
3 2410 2414 2413
3 2412 2411 2410
3 2410 2413 2412
3 2415 2416 2417
3 2415 2417 2418
3 2419 2420 2421
3 2419 2421 2422
3 2423 2424 2425
3 2423 2425 2426
3 2427 2428 2429
3 2427 2429 2430
3 2431 2432 2433
3 2431 2433 2434
3 2435 2436 2437
3 2435 2437 2438
3 2439 2440 2441
3 2439 2441 2442
3 2443 2444 2445
3 2443 2445 2446
3 2447 2454 2453
3 2450 2449 2448
3 2452 2451 2450
3 2447 2453 2452
3 2450 2448 2447
3 2447 2452 2450
3 2455 2456 2457
3 2455 2457 2458
3 2459 2460 2461
3 2459 2461 2462
3 2463 2464 2465
3 2463 2465 2466
3 2467 2468 2469
3 2467 2469 2470
3 2471 2472 2473
3 2471 2473 2474
3 2475 2476 2477
3 2475 2477 2478
3 2479 2480 2481
3 2479 2481 2482
3 2483 2489 2488
3 2485 2484 2483
3 2487 2486 2485
3 2483 2488 2487
3 2487 2485 2483
3 2490 2491 2492
3 2490 2492 2493
3 2494 2495 2496
3 2494 2496 2497
3 2498 2499 2500
3 2498 2500 2501
3 2502 2503 2504
3 2502 2504 2505
3 2506 2507 2508
3 2506 2508 2509
3 2510 2511 2512
3 2510 2512 2513
3 2514 2515 2516
3 2514 2516 2517
3 2518 2519 2520
3 2518 2520 2521
3 2522 2523 2524
3 2522 2524 2525
3 2526 2527 2528
3 2526 2528 2529
3 2530 2531 2532
3 2530 2532 2533
3 2534 2535 2536
3 2534 2536 2537
3 2538 2539 2540
3 2538 2540 2541
3 2542 2543 2544
3 2542 2544 2545
3 2546 2547 2548
3 2546 2548 2549
3 2550 2551 2552
3 2550 2552 2553
3 2554 2555 2556
3 2554 2556 2557
3 2558 2559 2560
3 2558 2560 2561
3 2562 2563 2564
3 2562 2564 2565
3 2566 2567 2568
3 2566 2568 2569
3 2570 2571 2572
3 2570 2572 2573
3 2574 2575 2576
3 2574 2576 2577
3 2578 2579 2580
3 2578 2580 2581
3 2582 2583 2584
3 2582 2584 2585
3 2586 2587 2588
3 2586 2588 2589
3 2590 2591 2592
3 2590 2592 2593
3 2594 2595 2596
3 2594 2596 2597
3 2598 2599 2600
3 2598 2600 2601
3 2602 2603 2604
3 2602 2604 2605
3 2606 2607 2608
3 2606 2608 2609
3 2610 2611 2612
3 2610 2612 2613
3 2614 2615 2616
3 2614 2616 2617
3 2618 2619 2620
3 2618 2620 2621
3 2622 2623 2624
3 2622 2624 2625
3 2626 2627 2628
3 2626 2628 2629
3 2630 2631 2632
3 2630 2632 2633
3 2634 2635 2636
3 2634 2636 2637
3 2638 2639 2640
3 2638 2640 2641
3 2642 2643 2644
3 2642 2644 2645
3 2646 2647 2648
3 2646 2648 2649
3 2650 2651 2652
3 2650 2652 2653
3 2654 2655 2656
3 2654 2656 2657
3 2658 2659 2660
3 2658 2660 2661
3 2662 2663 2664
3 2662 2664 2665
3 2666 2667 2668
3 2666 2668 2669
3 2670 2671 2672
3 2670 2672 2673
3 2674 2675 2676
3 2674 2676 2677
3 2678 2679 2680
3 2678 2680 2681
3 2682 2683 2684
3 2682 2684 2685
3 2686 2687 2688
3 2686 2688 2689
3 2690 2691 2692
3 2690 2692 2693
3 2694 2695 2696
3 2694 2696 2697
3 2698 2699 2700
3 2698 2700 2701
3 2702 2703 2704
3 2702 2704 2705
3 2706 2707 2708
3 2706 2708 2709
3 2710 2711 2712
3 2710 2712 2713
3 2714 2715 2716
3 2714 2716 2717
3 2718 2719 2720
3 2718 2720 2721
3 2722 2723 2724
3 2722 2724 2725
3 2726 2727 2728
3 2726 2728 2729
3 2730 2731 2732
3 2730 2732 2733
3 2734 2735 2736
3 2734 2736 2737
3 2738 2739 2740
3 2738 2740 2741
3 2742 2743 2744
3 2742 2744 2745
3 2746 2747 2748
3 2746 2748 2749
3 2750 2751 2752
3 2750 2752 2753
3 2754 2755 2756
3 2754 2756 2757
3 2758 2759 2760
3 2758 2760 2761
3 2762 2763 2764
3 2762 2764 2765
3 2768 2767 2766
3 2777 2776 2775
3 2781 2780 2779
3 2786 2785 2784
3 2791 2790 2789
3 2794 2793 2792
3 2796 2795 2794
3 2798 2797 2796
3 2800 2799 2798
3 2802 2801 2800
3 2804 2803 2802
3 2807 2806 2805
3 2809 2808 2807
3 2811 2810 2809
3 2813 2812 2811
3 2815 2814 2813
3 2817 2816 2815
3 2819 2818 2817
3 2821 2820 2819
3 2823 2822 2821
3 2825 2824 2823
3 2827 2826 2825
3 2769 2768 2766
3 2777 2775 2774
3 2791 2789 2788
3 2794 2792 2791
3 2798 2796 2794
3 2802 2800 2798
3 2805 2804 2802
3 2809 2807 2805
3 2813 2811 2809
3 2817 2815 2813
3 2821 2819 2817
3 2825 2823 2821
3 2828 2827 2825
3 2770 2769 2766
3 2777 2774 2773
3 2791 2788 2787
3 2798 2794 2791
3 2805 2802 2798
3 2817 2813 2809
3 2825 2821 2817
3 2829 2828 2825
3 2771 2770 2766
3 2777 2773 2772
3 2791 2787 2786
3 2805 2798 2791
3 2825 2817 2809
3 2830 2829 2825
3 2772 2771 2766
3 2791 2786 2784
3 2809 2805 2791
3 2831 2830 2825
3 2777 2772 2766
3 2791 2784 2783
3 2832 2831 2825
3 2809 2791 2783
3 2833 2832 2825
3 2809 2783 2782
3 2834 2833 2825
3 2809 2782 2781
3 2766 2834 2825
3 2809 2781 2779
3 2766 2825 2809
3 2809 2779 2778
3 2777 2766 2809
3 2809 2778 2777
3 2835 2836 2837
3 2835 2837 2838
3 2839 2840 2841
3 2839 2841 2842
3 2843 2844 2845
3 2843 2845 2846
3 2847 2848 2849
3 2847 2849 2850
3 2851 2852 2853
3 2851 2853 2854
3 2855 2856 2857
3 2855 2857 2858
3 2859 2860 2861
3 2859 2861 2862
3 2863 2864 2865
3 2863 2865 2866
3 2867 2874 2873
3 2869 2868 2867
3 2871 2870 2869
3 2873 2872 2871
3 2869 2867 2873
3 2873 2871 2869
3 2875 2876 2877
3 2875 2877 2878
3 2879 2880 2881
3 2879 2881 2882
3 2883 2884 2885
3 2883 2885 2886
3 2887 2888 2889
3 2887 2889 2890
3 2891 2894 2893
3 2893 2892 2891
3 2895 2896 2897
3 2895 2897 2898
3 2899 2900 2901
3 2899 2901 2902
3 2903 2904 2905
3 2903 2905 2906
3 2907 2908 2909
3 2907 2909 2910
3 2911 2914 2913
3 2913 2912 2911
3 2915 2916 2917
3 2915 2917 2918
3 2919 2920 2921
3 2919 2921 2922
3 2923 2924 2925
3 2923 2925 2926
3 2927 2928 2929
3 2927 2929 2930
3 2931 2932 2933
3 2931 2933 2934
3 2935 2939 2938
3 2937 2936 2935
3 2935 2938 2937
3 2940 2941 2942
3 2940 2942 2943
3 2944 2945 2946
3 2944 2946 2947
3 2948 2949 2950
3 2948 2950 2951
3 2952 2953 2954
3 2952 2954 2955
3 2956 2957 2958
3 2956 2958 2959
3 2960 2961 2962
3 2960 2962 2963
3 2964 2965 2966
3 2964 2966 2967
3 2968 2969 2970
3 2968 2970 2971
3 2972 2973 2974
3 2972 2974 2975
3 2976 2977 2978
3 2976 2978 2979
3 2980 2981 2982
3 2980 2982 2983
3 2984 2985 2986
3 2984 2986 2987
3 2988 2989 2990
3 2988 2990 2991
3 2993 2992 3004
3 2995 2994 2993
3 2998 2997 2996
3 3001 3000 2999
3 3003 3002 3001
3 2995 2993 3004
3 2999 2998 2996
3 3003 3001 2999
3 2996 2995 3004
3 3004 3003 2999
3 2999 2996 3004
3 3005 3006 3007
3 3005 3007 3008
3 3009 3010 3011
3 3009 3011 3012
3 3013 3014 3015
3 3013 3015 3016
3 3017 3018 3019
3 3017 3019 3020
3 3021 3022 3023
3 3021 3023 3024
3 3025 3026 3027
3 3025 3027 3028
3 3029 3030 3031
3 3029 3031 3032
3 3033 3034 3035
3 3033 3035 3036
3 3037 3038 3039
3 3037 3039 3040
3 3041 3042 3043
3 3041 3043 3044
3 3045 3046 3047
3 3045 3047 3048
3 3049 3050 3051
3 3049 3051 3052
3 3053 3054 3055
3 3053 3055 3056
3 3057 3058 3059
3 3057 3059 3060
3 3061 3062 3063
3 3061 3063 3064
3 3065 3066 3067
3 3065 3067 3068
3 3069 3070 3071
3 3069 3071 3072
3 3073 3074 3075
3 3073 3075 3076
3 3077 3078 3079
3 3077 3079 3080
3 3081 3082 3083
3 3081 3083 3084
3 3086 3085 3104
3 3088 3087 3086
3 3090 3089 3088
3 3092 3091 3090
3 3094 3093 3092
3 3096 3095 3094
3 3098 3097 3096
3 3100 3099 3098
3 3102 3101 3100
3 3104 3103 3102
3 3088 3086 3104
3 3092 3090 3088
3 3096 3094 3092
3 3102 3100 3098
3 3088 3104 3102
3 3096 3092 3088
3 3088 3102 3098
3 3098 3096 3088
3 3105 3106 3107
3 3105 3107 3108
3 3109 3110 3111
3 3109 3111 3112
3 3113 3114 3115
3 3113 3115 3116
3 3117 3118 3119
3 3117 3119 3120
3 3121 3122 3123
3 3121 3123 3124
3 3125 3129 3128
3 3127 3126 3125
3 3125 3128 3127
3 3130 3131 3132
3 3130 3132 3133
3 3134 3135 3136
3 3134 3136 3137
3 3138 3139 3140
3 3138 3140 3141
3 3142 3143 3144
3 3142 3144 3145
3 3146 3147 3148
3 3146 3148 3149
3 3150 3151 3152
3 3150 3152 3153
3 3154 3155 3156
3 3154 3156 3157
3 3158 3159 3160
3 3158 3160 3161
3 3162 3163 3164
3 3162 3164 3165
3 3166 3167 3168
3 3166 3168 3169
3 3170 3171 3172
3 3170 3172 3173
3 3175 3174 3184
3 3177 3176 3175
3 3179 3178 3177
3 3181 3180 3179
3 3184 3183 3182
3 3177 3175 3184
3 3181 3179 3177
3 3184 3182 3181
3 3181 3177 3184
3 3185 3186 3187
3 3185 3187 3188
3 3189 3190 3191
3 3189 3191 3192
3 3193 3194 3195
3 3193 3195 3196
3 3197 3198 3199
3 3197 3199 3200
3 3201 3202 3203
3 3201 3203 3204
3 3205 3206 3207
3 3205 3207 3208
3 3209 3210 3211
3 3209 3211 3212
3 3213 3214 3215
3 3213 3215 3216
3 3217 3218 3219
3 3217 3219 3220
3 3221 3222 3223
3 3221 3223 3224
3 3225 3226 3227
3 3225 3227 3228
3 3229 3230 3231
3 3229 3231 3232
3 3233 3244 3243
3 3236 3235 3234
3 3239 3238 3237
3 3241 3240 3239
3 3233 3243 3242
3 3237 3236 3234
3 3241 3239 3237
3 3234 3233 3242
3 3241 3237 3234
3 3234 3242 3241
3 3245 3246 3247
3 3245 3247 3248
3 3249 3250 3251
3 3249 3251 3252
3 3253 3254 3255
3 3253 3255 3256
3 3257 3258 3259
3 3257 3259 3260
3 3261 3262 3263
3 3261 3263 3264
3 3265 3266 3267
3 3265 3267 3268
3 3269 3270 3271
3 3269 3271 3272
3 3273 3274 3275
3 3273 3275 3276
3 3277 3284 3283
3 3279 3278 3277
3 3281 3280 3279
3 3283 3282 3281
3 3279 3277 3283
3 3283 3281 3279
3 3285 3286 3287
3 3285 3287 3288
3 3289 3290 3291
3 3289 3291 3292
3 3293 3294 3295
3 3293 3295 3296
3 3297 3298 3299
3 3297 3299 3300
3 3301 3302 3303
3 3301 3303 3304
3 3305 3309 3308
3 3307 3306 3305
3 3305 3308 3307
3 3310 3311 3312
3 3310 3312 3313
3 3314 3315 3316
3 3314 3316 3317
3 3318 3319 3320
3 3318 3320 3321
3 3322 3323 3324
3 3322 3324 3325
3 3326 3329 3328
3 3328 3327 3326
3 3330 3331 3332
3 3330 3332 3333
3 3334 3335 3336
3 3334 3336 3337
3 3338 3339 3340
3 3338 3340 3341
3 3342 3343 3344
3 3342 3344 3345
3 3346 3347 3348
3 3346 3348 3349
3 3350 3354 3353
3 3352 3351 3350
3 3350 3353 3352
3 3355 3356 3357
3 3355 3357 3358
3 3359 3360 3361
3 3359 3361 3362
3 3363 3364 3365
3 3363 3365 3366
3 3367 3368 3369
3 3367 3369 3370
3 3371 3374 3373
3 3373 3372 3371
3 3375 3376 3377
3 3375 3377 3378
3 3379 3380 3381
3 3379 3381 3382
3 3383 3384 3385
3 3383 3385 3386
3 3387 3388 3389
3 3387 3389 3390
3 3391 3394 3393
3 3393 3392 3391
3 3395 3396 3397
3 3395 3397 3398
3 3399 3400 3401
3 3399 3401 3402
3 3403 3404 3405
3 3403 3405 3406
3 3407 3408 3409
3 3407 3409 3410
3 3411 3412 3413
3 3411 3413 3414
3 3415 3416 3417
3 3415 3417 3418
3 3419 3424 3423
3 3422 3421 3420
3 3419 3423 3422
3 3422 3420 3419
3 3425 3426 3427
3 3425 3427 3428
3 3429 3430 3431
3 3429 3431 3432
3 3433 3434 3435
3 3433 3435 3436
3 3437 3438 3439
3 3437 3439 3440
3 3441 3444 3443
3 3443 3442 3441
3 3445 3446 3447
3 3445 3447 3448
3 3449 3450 3451
3 3449 3451 3452
3 3453 3454 3455
3 3453 3455 3456
3 3457 3458 3459
3 3457 3459 3460
3 3461 3462 3463
3 3461 3463 3464
3 3465 3466 3467
3 3465 3467 3468
3 3469 3470 3471
3 3469 3471 3472
3 3474 3473 3479
3 3476 3475 3474
3 3479 3478 3477
3 3477 3476 3474
3 3474 3479 3477
3 3480 3481 3482
3 3480 3482 3483
3 3484 3485 3486
3 3484 3486 3487
3 3488 3489 3490
3 3488 3490 3491
3 3492 3493 3494
3 3492 3494 3495
3 3496 3499 3498
3 3498 3497 3496
3 3500 3501 3502
3 3500 3502 3503
3 3504 3505 3506
3 3504 3506 3507
3 3508 3509 3510
3 3508 3510 3511
3 3512 3513 3514
3 3512 3514 3515
3 3516 3519 3518
3 3518 3517 3516
3 3520 3521 3522
3 3520 3522 3523
3 3524 3525 3526
3 3524 3526 3527
3 3528 3529 3530
3 3528 3530 3531
3 3532 3533 3534
3 3532 3534 3535
3 3536 3537 3538
3 3536 3538 3539
3 3540 3541 3542
3 3540 3542 3543
3 3544 3545 3546
3 3544 3546 3547
3 3548 3554 3553
3 3550 3549 3548
3 3552 3551 3550
3 3548 3553 3552
3 3552 3550 3548
3 3555 3556 3557
3 3555 3557 3558
3 3559 3560 3561
3 3559 3561 3562
3 3563 3564 3565
3 3563 3565 3566
3 3567 3568 3569
3 3567 3569 3570
3 3571 3572 3573
3 3571 3573 3574
3 3575 3576 3577
3 3575 3577 3578
3 3579 3580 3581
3 3579 3581 3582
3 3583 3589 3588
3 3586 3585 3584
3 3588 3587 3586
3 3584 3583 3588
3 3588 3586 3584
3 3590 3591 3592
3 3590 3592 3593
3 3594 3595 3596
3 3594 3596 3597
3 3598 3599 3600
3 3598 3600 3601
3 3602 3603 3604
3 3602 3604 3605
3 3606 3607 3608
3 3606 3608 3609
3 3611 3610 3614
3 3613 3612 3611
3 3611 3614 3613
3 3615 3616 3617
3 3615 3617 3618
3 3619 3620 3621
3 3619 3621 3622
3 3623 3624 3625
3 3623 3625 3626
3 3627 3628 3629
3 3627 3629 3630
3 3631 3632 3633
3 3631 3633 3634
3 3635 3636 3637
3 3635 3637 3638
3 3639 3644 3643
3 3642 3641 3640
3 3639 3643 3642
3 3642 3640 3639
3 3645 3646 3647
3 3645 3647 3648
3 3649 3650 3651
3 3649 3651 3652
3 3653 3654 3655
3 3653 3655 3656
3 3657 3658 3659
3 3657 3659 3660
3 3661 3662 3663
3 3661 3663 3664
3 3666 3665 3669
3 3668 3667 3666
3 3666 3669 3668
3 3670 3671 3672
3 3670 3672 3673
3 3674 3675 3676
3 3674 3676 3677
3 3678 3679 3680
3 3678 3680 3681
3 3682 3683 3684
3 3682 3684 3685
3 3686 3687 3688
3 3686 3688 3689
3 3690 3691 3692
3 3690 3692 3693
3 3694 3699 3698
3 3697 3696 3695
3 3694 3698 3697
3 3697 3695 3694
3 3700 3701 3702
3 3700 3702 3703
3 3704 3705 3706
3 3704 3706 3707
3 3708 3709 3710
3 3708 3710 3711
3 3712 3713 3714
3 3712 3714 3715
3 3716 3717 3718
3 3716 3718 3719
3 3720 3724 3723
3 3722 3721 3720
3 3720 3723 3722
3 3725 3726 3727
3 3725 3727 3728
3 3729 3730 3731
3 3729 3731 3732
3 3733 3734 3735
3 3733 3735 3736
3 3737 3738 3739
3 3737 3739 3740
3 3741 3742 3743
3 3741 3743 3744
3 3745 3746 3747
3 3745 3747 3748
3 3749 3750 3751
3 3749 3751 3752
3 3754 3753 3759
3 3757 3756 3755
3 3759 3758 3757
3 3755 3754 3759
3 3759 3757 3755
3 3760 3761 3762
3 3760 3762 3763
3 3764 3765 3766
3 3764 3766 3767
3 3768 3769 3770
3 3768 3770 3771
3 3772 3773 3774
3 3772 3774 3775
3 3776 3777 3778
3 3776 3778 3779
3 3781 3780 3784
3 3783 3782 3781
3 3781 3784 3783
3 3785 3786 3787
3 3785 3787 3788
3 3789 3790 3791
3 3789 3791 3792
3 3793 3794 3795
3 3793 3795 3796
3 3797 3798 3799
3 3797 3799 3800
3 3801 3802 3803
3 3801 3803 3804
3 3805 3809 3808
3 3807 3806 3805
3 3805 3808 3807
3 3810 3811 3812
3 3810 3812 3813
3 3814 3815 3816
3 3814 3816 3817
3 3818 3819 3820
3 3818 3820 3821
3 3822 3823 3824
3 3822 3824 3825
3 3826 3827 3828
3 3826 3828 3829
3 3830 3834 3833
3 3832 3831 3830
3 3830 3833 3832
3 3835 3836 3837
3 3835 3837 3838
3 3839 3840 3841
3 3839 3841 3842
3 3843 3844 3845
3 3843 3845 3846
3 3847 3848 3849
3 3847 3849 3850
3 3851 3852 3853
3 3851 3853 3854
3 3855 3859 3858
3 3857 3856 3855
3 3855 3858 3857
3 3860 3861 3862
3 3860 3862 3863
3 3864 3865 3866
3 3864 3866 3867
3 3868 3869 3870
3 3868 3870 3871
3 3872 3873 3874
3 3872 3874 3875
3 3876 3877 3878
3 3876 3878 3879
3 3880 3881 3882
3 3880 3882 3883
3 3884 3885 3886
3 3884 3886 3887
3 3888 3894 3893
3 3890 3889 3888
3 3892 3891 3890
3 3890 3888 3893
3 3893 3892 3890
3 3895 3896 3897
3 3895 3897 3898
3 3899 3900 3901
3 3899 3901 3902
3 3903 3904 3905
3 3903 3905 3906
3 3907 3908 3909
3 3907 3909 3910
3 3911 3914 3913
3 3913 3912 3911
3 3915 3916 3917
3 3915 3917 3918
3 3919 3920 3921
3 3919 3921 3922
3 3923 3924 3925
3 3923 3925 3926
3 3927 3928 3929
3 3927 3929 3930
3 3931 3932 3933
3 3931 3933 3934
3 3935 3939 3938
3 3938 3937 3936
3 3936 3935 3938
3 3940 3941 3942
3 3940 3942 3943
3 3944 3945 3946
3 3944 3946 3947
3 3948 3949 3950
3 3948 3950 3951
3 3952 3953 3954
3 3952 3954 3955
3 3956 3959 3958
3 3958 3957 3956
3 3960 3961 3962
3 3960 3962 3963
3 3964 3965 3966
3 3964 3966 3967
3 3968 3969 3970
3 3968 3970 3971
3 3972 3973 3974
3 3972 3974 3975
3 3976 3979 3978
3 3978 3977 3976
3 3980 3981 3982
3 3980 3982 3983
3 3984 3985 3986
3 3984 3986 3987
3 3988 3989 3990
3 3988 3990 3991
3 3992 3993 3994
3 3992 3994 3995
3 3996 3997 3998
3 3996 3998 3999
3 4000 4001 4002
3 4000 4002 4003
3 4004 4005 4006
3 4004 4006 4007
3 4008 4009 4010
3 4008 4010 4011
3 4012 4013 4014
3 4012 4014 4015
3 4016 4017 4018
3 4016 4018 4019
3 4020 4021 4022
3 4020 4022 4023
3 4024 4025 4026
3 4024 4026 4027
3 4028 4029 4030
3 4028 4030 4031
3 4032 4033 4034
3 4032 4034 4035
3 4036 4037 4038
3 4036 4038 4039
3 4040 4041 4042
3 4040 4042 4043
3 4044 4045 4046
3 4044 4046 4047
3 4048 4049 4050
3 4048 4050 4051
3 4052 4053 4054
3 4052 4054 4055
3 4056 4057 4058
3 4056 4058 4059
3 4060 4061 4062
3 4060 4062 4063
3 4064 4065 4066
3 4064 4066 4067
3 4068 4069 4070
3 4068 4070 4071
3 4072 4073 4074
3 4072 4074 4075
3 4076 4077 4078
3 4076 4078 4079
3 4080 4081 4082
3 4080 4082 4083
3 4084 4085 4086
3 4084 4086 4087
3 4088 4089 4090
3 4088 4090 4091
3 4092 4093 4094
3 4092 4094 4095
3 4096 4097 4098
3 4096 4098 4099
3 4100 4101 4102
3 4100 4102 4103
3 4104 4105 4106
3 4104 4106 4107
3 4108 4109 4110
3 4108 4110 4111
3 4112 4113 4114
3 4112 4114 4115
3 4116 4117 4118
3 4116 4118 4119
3 4120 4121 4122
3 4120 4122 4123
3 4124 4125 4126
3 4124 4126 4127
3 4128 4129 4130
3 4128 4130 4131
3 4132 4133 4134
3 4132 4134 4135
3 4136 4137 4138
3 4136 4138 4139
3 4140 4141 4142
3 4140 4142 4143
3 4144 4145 4146
3 4144 4146 4147
3 4148 4149 4150
3 4148 4150 4151
3 4152 4153 4154
3 4152 4154 4155
3 4156 4157 4158
3 4156 4158 4159
3 4160 4161 4162
3 4160 4162 4163
3 4164 4165 4166
3 4164 4166 4167
3 4168 4169 4170
3 4168 4170 4171
3 4172 4173 4174
3 4172 4174 4175
3 4176 4177 4178
3 4176 4178 4179
3 4180 4181 4182
3 4180 4182 4183
3 4184 4185 4186
3 4184 4186 4187
3 4188 4189 4190
3 4188 4190 4191
3 4192 4193 4194
3 4192 4194 4195
3 4196 4197 4198
3 4196 4198 4199
3 4248 4247 4200
3 4250 4249 4248
3 4252 4251 4250
3 4238 4254 4253
3 4246 4245 4244
3 4200 4247 4246
3 4203 4202 4201
3 4207 4206 4205
3 4210 4209 4208
3 4212 4211 4210
3 4214 4213 4212
3 4216 4215 4214
3 4218 4217 4216
3 4222 4221 4220
3 4225 4224 4223
3 4228 4227 4226
3 4230 4229 4228
3 4232 4231 4230
3 4234 4233 4232
3 4236 4235 4234
3 4200 4237 4236
3 4252 4250 4248
3 4246 4244 4243
3 4201 4200 4246
3 4204 4203 4201
3 4208 4207 4205
3 4212 4210 4208
3 4216 4214 4212
3 4219 4218 4216
3 4223 4222 4220
3 4226 4225 4223
3 4230 4228 4226
3 4234 4232 4230
3 4200 4236 4234
3 4253 4252 4248
3 4201 4246 4243
3 4216 4212 4208
3 4220 4219 4216
3 4226 4223 4220
3 4234 4230 4226
3 4248 4200 4234
3 4204 4201 4243
3 4220 4216 4208
3 4234 4226 4220
3 4253 4248 4234
3 4205 4204 4243
3 4253 4234 4220
3 4205 4243 4242
3 4238 4253 4220
3 4205 4242 4241
3 4238 4220 4208
3 4205 4241 4240
3 4239 4238 4208
3 4208 4205 4240
3 4240 4239 4208
3 4255 4256 4257
3 4255 4257 4258
3 4259 4260 4261
3 4259 4261 4262
3 4263 4264 4265
3 4263 4265 4266
3 4267 4268 4269
3 4267 4269 4270
3 4271 4272 4273
3 4271 4273 4274
3 4275 4276 4277
3 4275 4277 4278
3 4279 4280 4281
3 4279 4281 4282
3 4283 4284 4285
3 4283 4285 4286
3 4287 4288 4289
3 4287 4289 4290
3 4291 4299 4298
3 4294 4293 4292
3 4296 4295 4294
3 4291 4298 4297
3 4296 4294 4292
3 4291 4297 4296
3 4296 4292 4291
3 4300 4301 4302
3 4300 4302 4303
3 4304 4305 4306
3 4304 4306 4307
3 4308 4309 4310
3 4308 4310 4311
3 4312 4313 4314
3 4312 4314 4315
3 4316 4317 4318
3 4316 4318 4319
3 4320 4321 4322
3 4320 4322 4323
3 4324 4325 4326
3 4324 4326 4327
3 4328 4329 4330
3 4328 4330 4331
3 4332 4333 4334
3 4332 4334 4335
3 4336 4337 4338
3 4336 4338 4339
3 4340 4341 4342
3 4340 4342 4343
3 4344 4345 4346
3 4344 4346 4347
3 4348 4359 4358
3 4350 4349 4348
3 4352 4351 4350
3 4354 4353 4352
3 4356 4355 4354
3 4348 4358 4357
3 4354 4352 4350
3 4357 4356 4354
3 4350 4348 4357
3 4357 4354 4350
3 4360 4361 4362
3 4360 4362 4363
3 4364 4365 4366
3 4364 4366 4367
3 4368 4369 4370
3 4368 4370 4371
3 4372 4373 4374
3 4372 4374 4375
3 4376 4377 4378
3 4376 4378 4379
3 4381 4380 4384
3 4383 4382 4381
3 4381 4384 4383
3 4385 4386 4387
3 4385 4387 4388
3 4389 4390 4391
3 4389 4391 4392
3 4393 4394 4395
3 4393 4395 4396
3 4397 4398 4399
3 4397 4399 4400
3 4401 4404 4403
3 4403 4402 4401
3 4405 4406 4407
3 4405 4407 4408
3 4409 4410 4411
3 4409 4411 4412
3 4413 4414 4415
3 4413 4415 4416
3 4417 4418 4419
3 4417 4419 4420
3 4421 4422 4423
3 4421 4423 4424
3 4425 4426 4427
3 4425 4427 4428
3 4429 4430 4431
3 4429 4431 4432
3 4433 4434 4435
3 4433 4435 4436
3 4437 4438 4439
3 4437 4439 4440
3 4441 4442 4443
3 4441 4443 4444
3 4445 4446 4447
3 4445 4447 4448
3 4449 4450 4451
3 4449 4451 4452
3 4453 4454 4455
3 4453 4455 4456
3 4457 4458 4459
3 4457 4459 4460
3 4461 4462 4463
3 4461 4463 4464
3 4465 4466 4467
3 4465 4467 4468
3 4469 4470 4471
3 4469 4471 4472
3 4474 4473 4489
3 4476 4475 4474
3 4479 4478 4477
3 4481 4480 4479
3 4484 4483 4482
3 4486 4485 4484
3 4488 4487 4486
3 4476 4474 4489
3 4481 4479 4477
3 4486 4484 4482
3 4489 4488 4486
3 4477 4476 4489
3 4482 4481 4477
3 4489 4486 4482
3 4482 4477 4489
3 4490 4491 4492
3 4490 4492 4493
3 4494 4495 4496
3 4494 4496 4497
3 4498 4499 4500
3 4498 4500 4501
3 4502 4503 4504
3 4502 4504 4505
3 4506 4509 4508
3 4508 4507 4506
3 4510 4511 4512
3 4510 4512 4513
3 4514 4515 4516
3 4514 4516 4517
3 4518 4519 4520
3 4518 4520 4521
3 4522 4523 4524
3 4522 4524 4525
3 4526 4529 4528
3 4528 4527 4526
3 4530 4531 4532
3 4530 4532 4533
3 4534 4535 4536
3 4534 4536 4537
3 4538 4539 4540
3 4538 4540 4541
3 4542 4543 4544
3 4542 4544 4545
3 4546 4547 4548
3 4546 4548 4549
3 4550 4551 4552
3 4550 4552 4553
3 4554 4555 4556
3 4554 4556 4557
3 4558 4559 4560
3 4558 4560 4561
3 4562 4563 4564
3 4562 4564 4565
3 4566 4567 4568
3 4566 4568 4569
3 4570 4571 4572
3 4570 4572 4573
3 4574 4575 4576
3 4574 4576 4577
3 4578 4579 4580
3 4578 4580 4581
3 4582 4583 4584
3 4582 4584 4585
3 4586 4587 4588
3 4586 4588 4589
3 4590 4591 4592
3 4590 4592 4593
3 4594 4595 4596
3 4594 4596 4597
3 4598 4599 4600
3 4598 4600 4601
3 4602 4603 4604
3 4602 4604 4605
3 4606 4607 4608
3 4606 4608 4609
3 4610 4611 4612
3 4610 4612 4613
3 4614 4615 4616
3 4614 4616 4617
3 4618 4619 4620
3 4618 4620 4621
3 4622 4644 4643
3 4625 4624 4623
3 4627 4626 4625
3 4629 4628 4627
3 4631 4630 4629
3 4634 4633 4632
3 4638 4637 4636
3 4640 4639 4638
3 4643 4642 4641
3 4623 4622 4643
3 4627 4625 4623
3 4631 4629 4627
3 4635 4634 4632
3 4640 4638 4636
3 4623 4643 4641
3 4632 4631 4627
3 4641 4640 4636
3 4627 4623 4641
3 4635 4632 4627
3 4627 4641 4636
3 4636 4635 4627
3 4645 4646 4647
3 4645 4647 4648
3 4649 4650 4651
3 4649 4651 4652
3 4653 4654 4655
3 4653 4655 4656
3 4657 4658 4659
3 4657 4659 4660
3 4661 4662 4663
3 4661 4663 4664
3 4665 4666 4667
3 4665 4667 4668
3 4669 4674 4673
3 4671 4670 4669
3 4669 4673 4672
3 4672 4671 4669
3 4675 4676 4677
3 4675 4677 4678
3 4679 4680 4681
3 4679 4681 4682
3 4683 4684 4685
3 4683 4685 4686
3 4687 4688 4689
3 4687 4689 4690
3 4691 4694 4693
3 4693 4692 4691
3 4695 4696 4697
3 4695 4697 4698
3 4699 4700 4701
3 4699 4701 4702
3 4703 4704 4705
3 4703 4705 4706
3 4707 4708 4709
3 4707 4709 4710
3 4711 4714 4713
3 4713 4712 4711
3 4715 4716 4717
3 4715 4717 4718
3 4719 4720 4721
3 4719 4721 4722
3 4723 4724 4725
3 4723 4725 4726
3 4727 4728 4729
3 4727 4729 4730
3 4731 4734 4733
3 4733 4732 4731
3 4735 4736 4737
3 4735 4737 4738
3 4739 4740 4741
3 4739 4741 4742
3 4743 4744 4745
3 4743 4745 4746
3 4747 4748 4749
3 4747 4749 4750
3 4751 4754 4753
3 4753 4752 4751
3 4755 4756 4757
3 4755 4757 4758
3 4759 4760 4761
3 4759 4761 4762
3 4763 4764 4765
3 4763 4765 4766
3 4767 4768 4769
3 4767 4769 4770
3 4771 4772 4773
3 4771 4773 4774
3 4775 4776 4777
3 4775 4777 4778
3 4779 4780 4781
3 4779 4781 4782
3 4783 4784 4785
3 4783 4785 4786
3 4787 4788 4789
3 4787 4789 4790
3 4791 4792 4793
3 4791 4793 4794
3 4795 4796 4797
3 4795 4797 4798
3 4799 4800 4801
3 4799 4801 4802
3 4803 4804 4805
3 4803 4805 4806
3 4807 4808 4809
3 4807 4809 4810
3 4811 4812 4813
3 4811 4813 4814
3 4815 4816 4817
3 4815 4817 4818
3 4819 4820 4821
3 4819 4821 4822
3 4823 4824 4825
3 4823 4825 4826
3 4827 4828 4829
3 4827 4829 4830
3 4831 4849 4848
3 4835 4834 4833
3 4837 4836 4835
3 4840 4839 4838
3 4843 4842 4841
3 4846 4845 4844
3 4832 4831 4848
3 4837 4835 4833
3 4840 4838 4837
3 4844 4843 4841
3 4847 4846 4844
3 4832 4848 4847
3 4837 4833 4832
3 4841 4840 4837
3 4847 4844 4841
3 4837 4832 4847
3 4847 4841 4837
3 4850 4851 4852
3 4850 4852 4853
3 4854 4855 4856
3 4854 4856 4857
3 4858 4859 4860
3 4858 4860 4861
3 4862 4863 4864
3 4862 4864 4865
3 4866 4869 4868
3 4868 4867 4866
3 4870 4871 4872
3 4870 4872 4873
3 4874 4875 4876
3 4874 4876 4877
3 4878 4879 4880
3 4878 4880 4881
3 4882 4883 4884
3 4882 4884 4885
3 4886 4887 4888
3 4886 4888 4889
3 4890 4891 4892
3 4890 4892 4893
3 4894 4899 4898
3 4896 4895 4894
3 4894 4898 4897
3 4897 4896 4894
3 4900 4901 4902
3 4900 4902 4903
3 4904 4905 4906
3 4904 4906 4907
3 4908 4909 4910
3 4908 4910 4911
3 4912 4913 4914
3 4912 4914 4915
3 4916 4917 4918
3 4916 4918 4919
3 4920 4921 4922
3 4920 4922 4923
3 4924 4925 4926
3 4924 4926 4927
3 4928 4929 4930
3 4928 4930 4931
3 4932 4933 4934
3 4932 4934 4935
3 4936 4937 4938
3 4936 4938 4939
3 4940 4941 4942
3 4940 4942 4943
3 4944 4945 4946
3 4944 4946 4947
3 4948 4959 4958
3 4950 4949 4948
3 4952 4951 4950
3 4955 4954 4953
3 4957 4956 4955
3 4950 4948 4958
3 4953 4952 4950
3 4957 4955 4953
3 4950 4958 4957
3 4957 4953 4950
3 4960 4961 4962
3 4960 4962 4963
3 4964 4965 4966
3 4964 4966 4967
3 4968 4969 4970
3 4968 4970 4971
3 4972 4973 4974
3 4972 4974 4975
3 4976 4979 4978
3 4978 4977 4976
3 4980 4981 4982
3 4980 4982 4983
3 4984 4985 4986
3 4984 4986 4987
3 4988 4989 4990
3 4988 4990 4991
3 4992 4993 4994
3 4992 4994 4995
3 4996 4997 4998
3 4996 4998 4999
3 5000 5001 5002
3 5000 5002 5003
3 5004 5005 5006
3 5004 5006 5007
3 5008 5009 5010
3 5008 5010 5011
3 5013 5012 5019
3 5015 5014 5013
3 5017 5016 5015
3 5019 5018 5017
3 5015 5013 5019
3 5019 5017 5015
3 5020 5021 5022
3 5020 5022 5023
3 5024 5025 5026
3 5024 5026 5027
3 5028 5029 5030
3 5028 5030 5031
3 5032 5033 5034
3 5032 5034 5035
3 5036 5037 5038
3 5036 5038 5039
3 5040 5041 5042
3 5040 5042 5043
3 5044 5045 5046
3 5044 5046 5047
3 5048 5049 5050
3 5048 5050 5051
3 5052 5053 5054
3 5052 5054 5055
3 5056 5057 5058
3 5056 5058 5059
3 5060 5061 5062
3 5060 5062 5063
3 5064 5065 5066
3 5064 5066 5067
3 5068 5069 5070
3 5068 5070 5071
3 5072 5073 5074
3 5072 5074 5075
3 5076 5089 5088
3 5079 5078 5077
3 5081 5080 5079
3 5085 5084 5083
3 5087 5086 5085
3 5077 5076 5088
3 5081 5079 5077
3 5087 5085 5083
3 5077 5088 5087
3 5087 5083 5082
3 5081 5077 5087
3 5087 5082 5081
3 5090 5091 5092
3 5090 5092 5093
3 5094 5095 5096
3 5094 5096 5097
3 5098 5099 5100
3 5098 5100 5101
3 5102 5103 5104
3 5102 5104 5105
3 5106 5109 5108
3 5108 5107 5106
3 5110 5111 5112
3 5110 5112 5113
3 5114 5115 5116
3 5114 5116 5117
3 5118 5119 5120
3 5118 5120 5121
3 5122 5123 5124
3 5122 5124 5125
3 5126 5127 5128
3 5126 5128 5129
3 5130 5131 5132
3 5130 5132 5133
3 5134 5135 5136
3 5134 5136 5137
3 5138 5139 5140
3 5138 5140 5141
3 5142 5143 5144
3 5142 5144 5145
3 5146 5147 5148
3 5146 5148 5149
3 5150 5151 5152
3 5150 5152 5153
3 5154 5155 5156
3 5154 5156 5157
3 5158 5159 5160
3 5158 5160 5161
3 5162 5163 5164
3 5162 5164 5165
3 5166 5179 5178
3 5169 5168 5167
3 5171 5170 5169
3 5173 5172 5171
3 5176 5175 5174
3 5167 5166 5178
3 5171 5169 5167
3 5174 5173 5171
3 5177 5176 5174
3 5167 5178 5177
3 5174 5171 5167
3 5167 5177 5174
3 5180 5181 5182
3 5180 5182 5183
3 5184 5185 5186
3 5184 5186 5187
3 5188 5189 5190
3 5188 5190 5191
3 5192 5193 5194
3 5192 5194 5195
3 5196 5197 5198
3 5196 5198 5199
3 5200 5201 5202
3 5200 5202 5203
3 5204 5209 5208
3 5206 5205 5204
3 5204 5208 5207
3 5207 5206 5204
3 5210 5211 5212
3 5210 5212 5213
3 5214 5215 5216
3 5214 5216 5217
3 5218 5219 5220
3 5218 5220 5221
3 5222 5223 5224
3 5222 5224 5225
3 5226 5229 5228
3 5228 5227 5226
3 5230 5231 5232
3 5230 5232 5233
3 5234 5235 5236
3 5234 5236 5237
3 5238 5239 5240
3 5238 5240 5241
3 5242 5243 5244
3 5242 5244 5245
3 5246 5249 5248
3 5248 5247 5246
3 5250 5251 5252
3 5250 5252 5253
3 5254 5255 5256
3 5254 5256 5257
3 5258 5259 5260
3 5258 5260 5261
3 5262 5263 5264
3 5262 5264 5265
3 5266 5267 5268
3 5266 5268 5269
3 5270 5271 5272
3 5270 5272 5273
3 5274 5275 5276
3 5274 5276 5277
3 5278 5279 5280
3 5278 5280 5281
3 5282 5283 5284
3 5282 5284 5285
3 5286 5287 5288
3 5286 5288 5289
3 5290 5291 5292
3 5290 5292 5293
3 5294 5295 5296
3 5294 5296 5297
3 5298 5299 5300
3 5298 5300 5301
3 5302 5303 5304
3 5302 5304 5305
3 5306 5307 5308
3 5306 5308 5309
3 5310 5311 5312
3 5310 5312 5313
3 5314 5315 5316
3 5314 5316 5317
3 5318 5319 5320
3 5318 5320 5321
3 5323 5322 5339
3 5325 5324 5323
3 5327 5326 5325
3 5330 5329 5328
3 5332 5331 5330
3 5334 5333 5332
3 5336 5335 5334
3 5325 5323 5339
3 5330 5328 5327
3 5334 5332 5330
3 5337 5336 5334
3 5325 5339 5338
3 5330 5327 5325
3 5337 5334 5330
3 5325 5338 5337
3 5337 5330 5325
3 5340 5341 5342
3 5340 5342 5343
3 5344 5345 5346
3 5344 5346 5347
3 5348 5349 5350
3 5348 5350 5351
3 5352 5353 5354
3 5352 5354 5355
3 5356 5357 5358
3 5356 5358 5359
3 5360 5361 5362
3 5360 5362 5363
3 5364 5365 5366
3 5364 5366 5367
3 5368 5369 5370
3 5368 5370 5371
3 5372 5373 5374
3 5372 5374 5375
3 5376 5377 5378
3 5376 5378 5379
3 5380 5389 5388
3 5382 5381 5380
3 5385 5384 5383
3 5387 5386 5385
3 5380 5388 5387
3 5387 5385 5383
3 5382 5380 5387
3 5387 5383 5382
3 5390 5391 5392
3 5390 5392 5393
3 5394 5395 5396
3 5394 5396 5397
3 5398 5399 5400
3 5398 5400 5401
3 5402 5403 5404
3 5402 5404 5405
3 5406 5407 5408
3 5406 5408 5409
3 5410 5411 5412
3 5410 5412 5413
3 5414 5415 5416
3 5414 5416 5417
3 5418 5419 5420
3 5418 5420 5421
3 5422 5423 5424
3 5422 5424 5425
3 5426 5434 5433
3 5428 5427 5426
3 5431 5430 5429
3 5426 5433 5432
3 5429 5428 5426
3 5432 5431 5429
3 5429 5426 5432
3 5435 5436 5437
3 5435 5437 5438
3 5439 5440 5441
3 5439 5441 5442
3 5443 5444 5445
3 5443 5445 5446
3 5447 5448 5449
3 5447 5449 5450
3 5451 5452 5453
3 5451 5453 5454
3 5455 5456 5457
3 5455 5457 5458
3 5459 5460 5461
3 5459 5461 5462
3 5463 5464 5465
3 5463 5465 5466
3 5467 5468 5469
3 5467 5469 5470
3 5471 5472 5473
3 5471 5473 5474
3 5475 5476 5477
3 5475 5477 5478
3 5479 5480 5481
3 5479 5481 5482
3 5483 5484 5485
3 5483 5485 5486
3 5487 5488 5489
3 5487 5489 5490
3 5491 5492 5493
3 5491 5493 5494
3 5495 5496 5497
3 5495 5497 5498
3 5499 5500 5501
3 5499 5501 5502
3 5504 5503 5519
3 5507 5506 5505
3 5509 5508 5507
3 5511 5510 5509
3 5515 5514 5513
3 5517 5516 5515
3 5519 5518 5517
3 5505 5504 5519
3 5511 5509 5507
3 5517 5515 5513
3 5505 5519 5517
3 5512 5511 5507
3 5505 5517 5513
3 5513 5512 5507
3 5507 5505 5513
3 5520 5521 5522
3 5520 5522 5523
3 5524 5525 5526
3 5524 5526 5527
3 5528 5529 5530
3 5528 5530 5531
3 5532 5533 5534
3 5532 5534 5535
3 5536 5539 5538
3 5538 5537 5536
3 5540 5541 5542
3 5540 5542 5543
3 5544 5545 5546
3 5544 5546 5547
3 5548 5549 5550
3 5548 5550 5551
3 5552 5553 5554
3 5552 5554 5555
3 5556 5559 5558
3 5558 5557 5556
3 5560 5561 5562
3 5560 5562 5563
3 5564 5565 5566
3 5564 5566 5567
3 5568 5569 5570
3 5568 5570 5571
3 5572 5573 5574
3 5572 5574 5575
3 5576 5577 5578
3 5576 5578 5579
3 5580 5581 5582
3 5580 5582 5583
3 5584 5585 5586
3 5584 5586 5587
3 5588 5589 5590
3 5588 5590 5591
3 5592 5593 5594
3 5592 5594 5595
3 5596 5597 5598
3 5596 5598 5599
3 5600 5601 5602
3 5600 5602 5603
3 5604 5605 5606
3 5604 5606 5607
3 5608 5609 5610
3 5608 5610 5611
3 5612 5613 5614
3 5612 5614 5615
3 5616 5617 5618
3 5616 5618 5619
3 5620 5621 5622
3 5620 5622 5623
3 5624 5625 5626
3 5624 5626 5627
3 5628 5629 5630
3 5628 5630 5631
3 5632 5633 5634
3 5632 5634 5635
3 5637 5636 5654
3 5639 5638 5637
3 5642 5641 5640
3 5644 5643 5642
3 5646 5645 5644
3 5650 5649 5648
3 5652 5651 5650
3 5654 5653 5652
3 5639 5637 5654
3 5644 5642 5640
3 5647 5646 5644
3 5650 5648 5647
3 5640 5639 5654
3 5647 5644 5640
3 5652 5650 5647
3 5640 5654 5652
3 5652 5647 5640
3 5655 5656 5657
3 5655 5657 5658
3 5659 5660 5661
3 5659 5661 5662
3 5663 5664 5665
3 5663 5665 5666
3 5667 5668 5669
3 5667 5669 5670
3 5671 5672 5673
3 5671 5673 5674
3 5675 5676 5677
3 5675 5677 5678
3 5679 5680 5681
3 5679 5681 5682
3 5683 5684 5685
3 5683 5685 5686
3 5687 5694 5693
3 5690 5689 5688
3 5693 5692 5691
3 5688 5687 5693
3 5691 5690 5688
3 5688 5693 5691
3 5695 5696 5697
3 5695 5697 5698
3 5699 5700 5701
3 5699 5701 5702
3 5703 5704 5705
3 5703 5705 5706
3 5707 5708 5709
3 5707 5709 5710
3 5711 5712 5713
3 5711 5713 5714
3 5715 5716 5717
3 5715 5717 5718
3 5719 5720 5721
3 5719 5721 5722
3 5723 5724 5725
3 5723 5725 5726
3 5727 5728 5729
3 5727 5729 5730
3 5731 5732 5733
3 5731 5733 5734
3 5735 5744 5743
3 5737 5736 5735
3 5739 5738 5737
3 5742 5741 5740
3 5735 5743 5742
3 5739 5737 5735
3 5735 5742 5740
3 5740 5739 5735
3 5745 5746 5747
3 5745 5747 5748
3 5749 5750 5751
3 5749 5751 5752
3 5753 5754 5755
3 5753 5755 5756
3 5757 5758 5759
3 5757 5759 5760
3 5761 5764 5763
3 5763 5762 5761
3 5765 5766 5767
3 5765 5767 5768
3 5769 5770 5771
3 5769 5771 5772
3 5773 5774 5775
3 5773 5775 5776
3 5777 5778 5779
3 5777 5779 5780
3 5781 5784 5783
3 5783 5782 5781
3 5785 5786 5787
3 5785 5787 5788
3 5789 5790 5791
3 5789 5791 5792
3 5793 5794 5795
3 5793 5795 5796
3 5797 5798 5799
3 5797 5799 5800
3 5801 5804 5803
3 5803 5802 5801
3 5805 5806 5807
3 5805 5807 5808
3 5809 5810 5811
3 5809 5811 5812
3 5813 5814 5815
3 5813 5815 5816
3 5817 5818 5819
3 5817 5819 5820
3 5821 5824 5823
3 5823 5822 5821
3 5825 5826 5827
3 5825 5827 5828
3 5829 5830 5831
3 5829 5831 5832
3 5833 5834 5835
3 5833 5835 5836
3 5837 5838 5839
3 5837 5839 5840
3 5841 5842 5843
3 5841 5843 5844
3 5845 5846 5847
3 5845 5847 5848
3 5849 5850 5851
3 5849 5851 5852
3 5853 5854 5855
3 5853 5855 5856
3 5857 5858 5859
3 5857 5859 5860
3 5861 5862 5863
3 5861 5863 5864
3 5865 5866 5867
3 5865 5867 5868
3 5869 5870 5871
3 5869 5871 5872
3 5873 5874 5875
3 5873 5875 5876
3 5877 5889 5888
3 5879 5878 5877
3 5881 5880 5879
3 5884 5883 5882
3 5886 5885 5884
3 5877 5888 5887
3 5882 5881 5879
3 5886 5884 5882
3 5879 5877 5887
3 5886 5882 5879
3 5879 5887 5886
3 5890 5891 5892
3 5890 5892 5893
3 5894 5895 5896
3 5894 5896 5897
3 5898 5899 5900
3 5898 5900 5901
3 5902 5903 5904
3 5902 5904 5905
3 5906 5907 5908
3 5906 5908 5909
3 5910 5911 5912
3 5910 5912 5913
3 5914 5915 5916
3 5914 5916 5917
3 5918 5924 5923
3 5920 5919 5918
3 5923 5922 5921
3 5920 5918 5923
3 5923 5921 5920
3 5925 5926 5927
3 5925 5927 5928
3 5929 5930 5931
3 5929 5931 5932
3 5933 5934 5935
3 5933 5935 5936
3 5937 5938 5939
3 5937 5939 5940
3 5941 5944 5943
3 5943 5942 5941
3 5945 5946 5947
3 5945 5947 5948
3 5949 5950 5951
3 5949 5951 5952
3 5953 5954 5955
3 5953 5955 5956
3 5957 5958 5959
3 5957 5959 5960
3 5961 5964 5963
3 5963 5962 5961
3 5965 5966 5967
3 5965 5967 5968
3 5969 5970 5971
3 5969 5971 5972
3 5973 5974 5975
3 5973 5975 5976
3 5977 5978 5979
3 5977 5979 5980
3 5981 5982 5983
3 5981 5983 5984
3 5985 5986 5987
3 5985 5987 5988
3 5989 5990 5991
3 5989 5991 5992
3 5993 5994 5995
3 5993 5995 5996
3 5997 5998 5999
3 5997 5999 6000
3 6001 6002 6003
3 6001 6003 6004
3 6005 6006 6007
3 6005 6007 6008
3 6009 6010 6011
3 6009 6011 6012
3 6013 6014 6015
3 6013 6015 6016
3 6017 6018 6019
3 6017 6019 6020
3 6021 6022 6023
3 6021 6023 6024
3 6025 6026 6027
3 6025 6027 6028
3 6029 6044 6043
3 6031 6030 6029
3 6033 6032 6031
3 6036 6035 6034
3 6039 6038 6037
3 6043 6042 6041
3 6031 6029 6043
3 6037 6036 6034
3 6040 6039 6037
3 6043 6041 6040
3 6033 6031 6043
3 6037 6034 6033
3 6043 6040 6037
3 6037 6033 6043
3 6045 6046 6047
3 6045 6047 6048
3 6049 6050 6051
3 6049 6051 6052
3 6053 6054 6055
3 6053 6055 6056
3 6057 6058 6059
3 6057 6059 6060
3 6061 6064 6063
3 6063 6062 6061
3 6065 6066 6067
3 6065 6067 6068
3 6069 6070 6071
3 6069 6071 6072
3 6073 6074 6075
3 6073 6075 6076
3 6077 6078 6079
3 6077 6079 6080
3 6081 6082 6083
3 6081 6083 6084
3 6085 6086 6087
3 6085 6087 6088
3 6089 6090 6091
3 6089 6091 6092
3 6093 6094 6095
3 6093 6095 6096
3 6097 6098 6099
3 6097 6099 6100
3 6101 6102 6103
3 6101 6103 6104
3 6106 6105 6114
3 6109 6108 6107
3 6111 6110 6109
3 6114 6113 6112
3 6111 6109 6107
3 6106 6114 6112
3 6111 6107 6106
3 6106 6112 6111
3 6115 6116 6117
3 6115 6117 6118
3 6119 6120 6121
3 6119 6121 6122
3 6123 6124 6125
3 6123 6125 6126
3 6127 6128 6129
3 6127 6129 6130
3 6131 6132 6133
3 6131 6133 6134
3 6135 6139 6138
3 6137 6136 6135
3 6135 6138 6137
3 6140 6141 6142
3 6140 6142 6143
3 6144 6145 6146
3 6144 6146 6147
3 6148 6149 6150
3 6148 6150 6151
3 6152 6153 6154
3 6152 6154 6155
3 6156 6159 6158
3 6158 6157 6156
3 6160 6161 6162
3 6160 6162 6163
3 6164 6165 6166
3 6164 6166 6167
3 6168 6169 6170
3 6168 6170 6171
3 6172 6173 6174
3 6172 6174 6175
3 6176 6177 6178
3 6176 6178 6179
3 6180 6181 6182
3 6180 6182 6183
3 6184 6185 6186
3 6184 6186 6187
3 6188 6189 6190
3 6188 6190 6191
3 6192 6193 6194
3 6192 6194 6195
3 6196 6197 6198
3 6196 6198 6199
3 6200 6201 6202
3 6200 6202 6203
3 6204 6205 6206
3 6204 6206 6207
3 6208 6209 6210
3 6208 6210 6211
3 6212 6213 6214
3 6212 6214 6215
3 6216 6217 6218
3 6216 6218 6219
3 6220 6221 6222
3 6220 6222 6223
3 6224 6225 6226
3 6224 6226 6227
3 6228 6229 6230
3 6228 6230 6231
3 6232 6233 6234
3 6232 6234 6235
3 6236 6237 6238
3 6236 6238 6239
3 6240 6241 6242
3 6240 6242 6243
3 6244 6245 6246
3 6244 6246 6247
3 6248 6249 6250
3 6248 6250 6251
3 6252 6274 6273
3 6254 6253 6252
3 6257 6256 6255
3 6259 6258 6257
3 6261 6260 6259
3 6265 6264 6263
3 6267 6266 6265
3 6269 6268 6267
3 6272 6271 6270
3 6252 6273 6272
3 6259 6257 6255
3 6265 6263 6262
3 6269 6267 6265
3 6252 6272 6270
3 6259 6255 6254
3 6269 6265 6262
3 6259 6254 6252
3 6270 6269 6262
3 6261 6259 6252
3 6252 6270 6262
3 6262 6261 6252
3 6275 6276 6277
3 6275 6277 6278
3 6279 6280 6281
3 6279 6281 6282
3 6283 6284 6285
3 6283 6285 6286
3 6287 6288 6289
3 6287 6289 6290
3 6291 6292 6293
3 6291 6293 6294
3 6295 6296 6297
3 6295 6297 6298
3 6299 6300 6301
3 6299 6301 6302
3 6303 6304 6305
3 6303 6305 6306
3 6307 6314 6313
3 6309 6308 6307
3 6311 6310 6309
3 6313 6312 6311
3 6309 6307 6313
3 6313 6311 6309
3 6315 6316 6317
3 6315 6317 6318
3 6319 6320 6321
3 6319 6321 6322
3 6323 6324 6325
3 6323 6325 6326
3 6327 6328 6329
3 6327 6329 6330
3 6331 6332 6333
3 6331 6333 6334
3 6335 6336 6337
3 6335 6337 6338
3 6339 6344 6343
3 6342 6341 6340
3 6340 6339 6343
3 6343 6342 6340
3 6345 6346 6347
3 6345 6347 6348
3 6349 6350 6351
3 6349 6351 6352
3 6353 6354 6355
3 6353 6355 6356
3 6357 6358 6359
3 6357 6359 6360
3 6361 6364 6363
3 6363 6362 6361
3 6365 6366 6367
3 6365 6367 6368
3 6369 6370 6371
3 6369 6371 6372
3 6373 6374 6375
3 6373 6375 6376
3 6377 6378 6379
3 6377 6379 6380
3 6381 6384 6383
3 6383 6382 6381
3 6385 6386 6387
3 6385 6387 6388
3 6389 6390 6391
3 6389 6391 6392
3 6393 6394 6395
3 6393 6395 6396
3 6397 6398 6399
3 6397 6399 6400
3 6401 6404 6403
3 6403 6402 6401
3 6405 6406 6407
3 6405 6407 6408
3 6409 6410 6411
3 6409 6411 6412
3 6413 6414 6415
3 6413 6415 6416
3 6417 6418 6419
3 6417 6419 6420
3 6421 6422 6423
3 6421 6423 6424
3 6425 6426 6427
3 6425 6427 6428
3 6429 6430 6431
3 6429 6431 6432
3 6433 6434 6435
3 6433 6435 6436
3 6437 6438 6439
3 6437 6439 6440
3 6441 6442 6443
3 6441 6443 6444
3 6445 6446 6447
3 6445 6447 6448
3 6449 6450 6451
3 6449 6451 6452
3 6453 6454 6455
3 6453 6455 6456
3 6457 6458 6459
3 6457 6459 6460
3 6461 6462 6463
3 6461 6463 6464
3 6465 6466 6467
3 6465 6467 6468
3 6469 6470 6471
3 6469 6471 6472
3 6473 6474 6475
3 6473 6475 6476
3 6477 6478 6479
3 6477 6479 6480
3 6481 6482 6483
3 6481 6483 6484
3 6485 6486 6487
3 6485 6487 6488
3 6489 6490 6491
3 6489 6491 6492
3 6493 6494 6495
3 6493 6495 6496
3 6497 6498 6499
3 6497 6499 6500
3 6501 6502 6503
3 6501 6503 6504
3 6505 6506 6507
3 6505 6507 6508
3 6509 6510 6511
3 6509 6511 6512
3 6513 6514 6515
3 6513 6515 6516
3 6517 6518 6519
3 6517 6519 6520
3 6521 6522 6523
3 6521 6523 6524
3 6525 6526 6527
3 6525 6527 6528
3 6529 6530 6531
3 6529 6531 6532
3 6533 6564 6563
3 6536 6535 6534
3 6544 6543 6542
3 6546 6545 6544
3 6548 6547 6546
3 6551 6550 6549
3 6554 6553 6552
3 6558 6557 6556
3 6560 6559 6558
3 6562 6561 6560
3 6534 6533 6563
3 6537 6536 6534
3 6546 6544 6542
3 6549 6548 6546
3 6552 6551 6549
3 6560 6558 6556
3 6534 6563 6562
3 6538 6537 6534
3 6546 6542 6541
3 6560 6556 6555
3 6534 6562 6560
3 6539 6538 6534
3 6546 6541 6540
3 6560 6555 6554
3 6549 6546 6540
3 6534 6560 6554
3 6552 6549 6540
3 6534 6554 6552
3 6552 6540 6539
3 6539 6534 6552
3 6565 6566 6567
3 6565 6567 6568
3 6569 6570 6571
3 6569 6571 6572
3 6573 6574 6575
3 6573 6575 6576
3 6577 6578 6579
3 6577 6579 6580
3 6581 6584 6583
3 6583 6582 6581
3 6585 6586 6587
3 6585 6587 6588
3 6589 6590 6591
3 6589 6591 6592
3 6593 6594 6595
3 6593 6595 6596
3 6597 6598 6599
3 6597 6599 6600
3 6601 6602 6603
3 6601 6603 6604
3 6605 6606 6607
3 6605 6607 6608
3 6609 6614 6613
3 6611 6610 6609
3 6613 6612 6611
3 6611 6609 6613
3 6615 6616 6617
3 6615 6617 6618
3 6619 6620 6621
3 6619 6621 6622
3 6623 6624 6625
3 6623 6625 6626
3 6627 6628 6629
3 6627 6629 6630
3 6631 6634 6633
3 6633 6632 6631
3 6635 6636 6637
3 6635 6637 6638
3 6639 6640 6641
3 6639 6641 6642
3 6643 6644 6645
3 6643 6645 6646
3 6647 6648 6649
3 6647 6649 6650
3 6651 6654 6653
3 6653 6652 6651
3 6655 6656 6657
3 6655 6657 6658
3 6659 6660 6661
3 6659 6661 6662
3 6663 6664 6665
3 6663 6665 6666
3 6667 6668 6669
3 6667 6669 6670
3 6671 6672 6673
3 6671 6673 6674
3 6675 6676 6677
3 6675 6677 6678
3 6679 6680 6681
3 6679 6681 6682
3 6683 6684 6685
3 6683 6685 6686
3 6687 6688 6689
3 6687 6689 6690
3 6691 6692 6693
3 6691 6693 6694
3 6695 6696 6697
3 6695 6697 6698
3 6699 6700 6701
3 6699 6701 6702
3 6703 6704 6705
3 6703 6705 6706
3 6707 6708 6709
3 6707 6709 6710
3 6711 6712 6713
3 6711 6713 6714
3 6715 6716 6717
3 6715 6717 6718
3 6719 6720 6721
3 6719 6721 6722
3 6723 6724 6725
3 6723 6725 6726
3 6727 6728 6729
3 6727 6729 6730
3 6731 6732 6733
3 6731 6733 6734
3 6735 6736 6737
3 6735 6737 6738
3 6739 6740 6741
3 6739 6741 6742
3 6743 6744 6745
3 6743 6745 6746
3 6747 6748 6749
3 6747 6749 6750
3 6751 6774 6773
3 6753 6752 6751
3 6756 6755 6754
3 6758 6757 6756
3 6761 6760 6759
3 6765 6764 6763
3 6767 6766 6765
3 6771 6770 6769
3 6753 6751 6773
3 6758 6756 6754
3 6762 6761 6759
3 6768 6767 6765
3 6772 6771 6769
3 6753 6773 6772
3 6758 6754 6753
3 6762 6759 6758
3 6768 6765 6763
3 6753 6772 6769
3 6762 6758 6753
3 6768 6763 6762
3 6753 6769 6768
3 6768 6762 6753
3 6775 6776 6777
3 6775 6777 6778
3 6779 6780 6781
3 6779 6781 6782
3 6783 6784 6785
3 6783 6785 6786
3 6787 6788 6789
3 6787 6789 6790
3 6791 6794 6793
3 6793 6792 6791
3 6795 6796 6797
3 6795 6797 6798
3 6799 6800 6801
3 6799 6801 6802
3 6803 6804 6805
3 6803 6805 6806
3 6807 6808 6809
3 6807 6809 6810
3 6811 6814 6813
3 6813 6812 6811
3 6815 6816 6817
3 6815 6817 6818
3 6819 6820 6821
3 6819 6821 6822
3 6823 6824 6825
3 6823 6825 6826
3 6827 6828 6829
3 6827 6829 6830
3 6831 6832 6833
3 6831 6833 6834
3 6835 6836 6837
3 6835 6837 6838
3 6839 6840 6841
3 6839 6841 6842
3 6843 6849 6848
3 6846 6845 6844
3 6848 6847 6846
3 6844 6843 6848
3 6848 6846 6844
3 6850 6851 6852
3 6850 6852 6853
3 6854 6855 6856
3 6854 6856 6857
3 6858 6859 6860
3 6858 6860 6861
3 6862 6863 6864
3 6862 6864 6865
3 6866 6867 6868
3 6866 6868 6869
3 6870 6871 6872
3 6870 6872 6873
3 6874 6875 6876
3 6874 6876 6877
3 6878 6879 6880
3 6878 6880 6881
3 6882 6883 6884
3 6882 6884 6885
3 6887 6886 6894
3 6890 6889 6888
3 6892 6891 6890
3 6894 6893 6892
3 6888 6887 6894
3 6892 6890 6888
3 6888 6894 6892
3 6895 6896 6897
3 6895 6897 6898
3 6899 6900 6901
3 6899 6901 6902
3 6903 6904 6905
3 6903 6905 6906
3 6907 6908 6909
3 6907 6909 6910
3 6911 6912 6913
3 6911 6913 6914
3 6915 6916 6917
3 6915 6917 6918
3 6919 6920 6921
3 6919 6921 6922
3 6923 6924 6925
3 6923 6925 6926
3 6927 6928 6929
3 6927 6929 6930
3 6931 6932 6933
3 6931 6933 6934
3 6935 6936 6937
3 6935 6937 6938
3 6939 6940 6941
3 6939 6941 6942
3 6943 6944 6945
3 6943 6945 6946
3 6947 6948 6949
3 6947 6949 6950
3 6951 6952 6953
3 6951 6953 6954
3 6955 6956 6957
3 6955 6957 6958
3 6959 6960 6961
3 6959 6961 6962
3 6963 6964 6965
3 6963 6965 6966
3 6967 6968 6969
3 6967 6969 6970
3 6971 6972 6973
3 6971 6973 6974
3 6975 6976 6977
3 6975 6977 6978
3 6979 6980 6981
3 6979 6981 6982
3 6983 6984 6985
3 6983 6985 6986
3 6987 6988 6989
3 6987 6989 6990
3 6991 6992 6993
3 6991 6993 6994
3 6995 6996 6997
3 6995 6997 6998
3 6999 7000 7001
3 6999 7001 7002
3 7003 7029 7028
3 7006 7005 7004
3 7008 7007 7006
3 7010 7009 7008
3 7012 7011 7010
3 7015 7014 7013
3 7017 7016 7015
3 7020 7019 7018
3 7023 7022 7021
3 7026 7025 7024
3 7028 7027 7026
3 7004 7003 7028
3 7010 7008 7006
3 7013 7012 7010
3 7017 7015 7013
3 7024 7023 7021
3 7028 7026 7024
3 7006 7004 7028
3 7013 7010 7006
3 7018 7017 7013
3 7024 7021 7020
3 7006 7028 7024
3 7018 7013 7006
3 7024 7020 7018
3 7018 7006 7024
3 7030 7031 7032
3 7030 7032 7033
3 7034 7035 7036
3 7034 7036 7037
3 7038 7039 7040
3 7038 7040 7041
3 7042 7043 7044
3 7042 7044 7045
3 7046 7047 7048
3 7046 7048 7049
3 7050 7054 7053
3 7052 7051 7050
3 7050 7053 7052
3 7055 7056 7057
3 7055 7057 7058
3 7059 7060 7061
3 7059 7061 7062
3 7063 7064 7065
3 7063 7065 7066
3 7067 7068 7069
3 7067 7069 7070
3 7071 7072 7073
3 7071 7073 7074
3 7075 7076 7077
3 7075 7077 7078
3 7079 7080 7081
3 7079 7081 7082
3 7083 7089 7088
3 7085 7084 7083
3 7087 7086 7085
3 7085 7083 7088
3 7088 7087 7085
3 7090 7091 7092
3 7090 7092 7093
3 7094 7095 7096
3 7094 7096 7097
3 7098 7099 7100
3 7098 7100 7101
3 7102 7103 7104
3 7102 7104 7105
3 7106 7107 7108
3 7106 7108 7109
3 7110 7111 7112
3 7110 7112 7113
3 7115 7114 7119
3 7117 7116 7115
3 7119 7118 7117
3 7117 7115 7119
3 7120 7121 7122
3 7120 7122 7123
3 7124 7125 7126
3 7124 7126 7127
3 7128 7129 7130
3 7128 7130 7131
3 7132 7133 7134
3 7132 7134 7135
3 7136 7137 7138
3 7136 7138 7139
3 7140 7141 7142
3 7140 7142 7143
3 7144 7145 7146
3 7144 7146 7147
3 7148 7149 7150
3 7148 7150 7151
3 7152 7159 7158
3 7154 7153 7152
3 7157 7156 7155
3 7152 7158 7157
3 7155 7154 7152
3 7152 7157 7155
3 7160 7161 7162
3 7160 7162 7163
3 7164 7165 7166
3 7164 7166 7167
3 7168 7169 7170
3 7168 7170 7171
3 7172 7173 7174
3 7172 7174 7175
3 7176 7177 7178
3 7176 7178 7179
3 7180 7181 7182
3 7180 7182 7183
3 7184 7185 7186
3 7184 7186 7187
3 7188 7189 7190
3 7188 7190 7191
3 7192 7193 7194
3 7192 7194 7195
3 7196 7204 7203
3 7198 7197 7196
3 7200 7199 7198
3 7202 7201 7200
3 7198 7196 7203
3 7202 7200 7198
3 7198 7203 7202
3 7205 7206 7207
3 7205 7207 7208
3 7209 7210 7211
3 7209 7211 7212
3 7213 7214 7215
3 7213 7215 7216
3 7217 7218 7219
3 7217 7219 7220
3 7221 7224 7223
3 7223 7222 7221
3 7225 7226 7227
3 7225 7227 7228
3 7229 7230 7231
3 7229 7231 7232
3 7233 7234 7235
3 7233 7235 7236
3 7237 7238 7239
3 7237 7239 7240
3 7241 7244 7243
3 7243 7242 7241
3 7245 7246 7247
3 7245 7247 7248
3 7249 7250 7251
3 7249 7251 7252
3 7253 7254 7255
3 7253 7255 7256
3 7257 7258 7259
3 7257 7259 7260
3 7261 7262 7263
3 7261 7263 7264
3 7265 7266 7267
3 7265 7267 7268
3 7269 7270 7271
3 7269 7271 7272
3 7273 7274 7275
3 7273 7275 7276
3 7277 7278 7279
3 7277 7279 7280
3 7281 7282 7283
3 7281 7283 7284
3 7285 7286 7287
3 7285 7287 7288
3 7289 7290 7291
3 7289 7291 7292
3 7293 7294 7295
3 7293 7295 7296
3 7297 7298 7299
3 7297 7299 7300
3 7301 7302 7303
3 7301 7303 7304
3 7305 7306 7307
3 7305 7307 7308
3 7309 7310 7311
3 7309 7311 7312
3 7313 7314 7315
3 7313 7315 7316
3 7317 7318 7319
3 7317 7319 7320
3 7321 7322 7323
3 7321 7323 7324
3 7325 7326 7327
3 7325 7327 7328
3 7329 7349 7348
3 7332 7331 7330
3 7335 7334 7333
3 7339 7338 7337
3 7341 7340 7339
3 7344 7343 7342
3 7346 7345 7344
3 7329 7348 7347
3 7333 7332 7330
3 7336 7335 7333
3 7342 7341 7339
3 7346 7344 7342
3 7330 7329 7347
3 7336 7333 7330
3 7342 7339 7337
3 7347 7346 7342
3 7336 7330 7347
3 7342 7337 7336
3 7336 7347 7342
3 7350 7351 7352
3 7350 7352 7353
3 7354 7355 7356
3 7354 7356 7357
3 7358 7359 7360
3 7358 7360 7361
3 7362 7363 7364
3 7362 7364 7365
3 7366 7367 7368
3 7366 7368 7369
3 7370 7371 7372
3 7370 7372 7373
3 7374 7375 7376
3 7374 7376 7377
3 7378 7384 7383
3 7380 7379 7378
3 7383 7382 7381
3 7381 7380 7378
3 7378 7383 7381
3 7385 7386 7387
3 7385 7387 7388
3 7389 7390 7391
3 7389 7391 7392
3 7393 7394 7395
3 7393 7395 7396
3 7397 7398 7399
3 7397 7399 7400
3 7401 7402 7403
3 7401 7403 7404
3 7405 7409 7408
3 7407 7406 7405
3 7405 7408 7407
3 7410 7411 7412
3 7410 7412 7413
3 7414 7415 7416
3 7414 7416 7417
3 7418 7419 7420
3 7418 7420 7421
3 7422 7423 7424
3 7422 7424 7425
3 7426 7427 7428
3 7426 7428 7429
3 7430 7434 7433
3 7432 7431 7430
3 7430 7433 7432
3 7435 7436 7437
3 7435 7437 7438
3 7439 7440 7441
3 7439 7441 7442
3 7443 7444 7445
3 7443 7445 7446
3 7447 7448 7449
3 7447 7449 7450
3 7451 7452 7453
3 7451 7453 7454
3 7455 7456 7457
3 7455 7457 7458
3 7459 7460 7461
3 7459 7461 7462
3 7463 7464 7465
3 7463 7465 7466
3 7467 7468 7469
3 7467 7469 7470
3 7471 7479 7478
3 7473 7472 7471
3 7475 7474 7473
3 7477 7476 7475
3 7471 7478 7477
3 7475 7473 7471
3 7471 7477 7475
3 7480 7481 7482
3 7480 7482 7483
3 7484 7485 7486
3 7484 7486 7487
3 7488 7489 7490
3 7488 7490 7491
3 7492 7493 7494
3 7492 7494 7495
3 7496 7497 7498
3 7496 7498 7499
3 7500 7501 7502
3 7500 7502 7503
3 7504 7505 7506
3 7504 7506 7507
3 7508 7509 7510
3 7508 7510 7511
3 7512 7519 7518
3 7514 7513 7512
3 7516 7515 7514
3 7512 7518 7517
3 7516 7514 7512
3 7512 7517 7516
3 7520 7521 7522
3 7520 7522 7523
3 7524 7525 7526
3 7524 7526 7527
3 7528 7529 7530
3 7528 7530 7531
3 7532 7533 7534
3 7532 7534 7535
3 7536 7537 7538
3 7536 7538 7539
3 7540 7541 7542
3 7540 7542 7543
3 7544 7545 7546
3 7544 7546 7547
3 7548 7549 7550
3 7548 7550 7551
3 7552 7553 7554
3 7552 7554 7555
3 7556 7557 7558
3 7556 7558 7559
3 7560 7561 7562
3 7560 7562 7563
3 7564 7565 7566
3 7564 7566 7567
3 7568 7569 7570
3 7568 7570 7571
3 7572 7573 7574
3 7572 7574 7575
3 7576 7577 7578
3 7576 7578 7579
3 7580 7581 7582
3 7580 7582 7583
3 7584 7585 7586
3 7584 7586 7587
3 7588 7589 7590
3 7588 7590 7591
3 7592 7593 7594
3 7592 7594 7595
3 7596 7597 7598
3 7596 7598 7599
3 7600 7601 7602
3 7600 7602 7603
3 7604 7605 7606
3 7604 7606 7607
3 7608 7609 7610
3 7608 7610 7611
3 7612 7634 7633
3 7615 7614 7613
3 7618 7617 7616
3 7622 7621 7620
3 7624 7623 7622
3 7628 7627 7626
3 7631 7630 7629
3 7613 7612 7633
3 7616 7615 7613
3 7619 7618 7616
3 7624 7622 7620
3 7628 7626 7625
3 7632 7631 7629
3 7613 7633 7632
3 7619 7616 7613
3 7624 7620 7619
3 7629 7628 7625
3 7613 7632 7629
3 7624 7619 7613
3 7613 7629 7625
3 7625 7624 7613
3 7635 7636 7637
3 7635 7637 7638
3 7639 7640 7641
3 7639 7641 7642
3 7643 7644 7645
3 7643 7645 7646
3 7647 7648 7649
3 7647 7649 7650
3 7651 7652 7653
3 7651 7653 7654
3 7655 7656 7657
3 7655 7657 7658
3 7659 7664 7663
3 7661 7660 7659
3 7663 7662 7661
3 7661 7659 7663
3 7665 7666 7667
3 7665 7667 7668
3 7669 7670 7671
3 7669 7671 7672
3 7673 7674 7675
3 7673 7675 7676
3 7677 7678 7679
3 7677 7679 7680
3 7681 7682 7683
3 7681 7683 7684
3 7685 7689 7688
3 7687 7686 7685
3 7685 7688 7687
3 7690 7691 7692
3 7690 7692 7693
3 7694 7695 7696
3 7694 7696 7697
3 7698 7699 7700
3 7698 7700 7701
3 7702 7703 7704
3 7702 7704 7705
3 7706 7709 7708
3 7708 7707 7706
3 7710 7711 7712
3 7710 7712 7713
3 7714 7715 7716
3 7714 7716 7717
3 7718 7719 7720
3 7718 7720 7721
3 7722 7723 7724
3 7722 7724 7725
3 7726 7727 7728
3 7726 7728 7729
3 7730 7731 7732
3 7730 7732 7733
3 7734 7739 7738
3 7736 7735 7734
3 7738 7737 7736
3 7736 7734 7738
3 7740 7741 7742
3 7740 7742 7743
3 7744 7745 7746
3 7744 7746 7747
3 7748 7749 7750
3 7748 7750 7751
3 7752 7753 7754
3 7752 7754 7755
3 7756 7757 7758
3 7756 7758 7759
3 7760 7761 7762
3 7760 7762 7763
3 7764 7769 7768
3 7766 7765 7764
3 7764 7768 7767
3 7767 7766 7764
3 7770 7771 7772
3 7770 7772 7773
3 7774 7775 7776
3 7774 7776 7777
3 7778 7779 7780
3 7778 7780 7781
3 7782 7783 7784
3 7782 7784 7785
3 7786 7787 7788
3 7786 7788 7789
3 7790 7791 7792
3 7790 7792 7793
3 7794 7795 7796
3 7794 7796 7797
3 7798 7799 7800
3 7798 7800 7801
3 7802 7803 7804
3 7802 7804 7805
3 7806 7807 7808
3 7806 7808 7809
3 7810 7811 7812
3 7810 7812 7813
3 7814 7815 7816
3 7814 7816 7817
3 7818 7819 7820
3 7818 7820 7821
3 7822 7823 7824
3 7822 7824 7825
3 7826 7827 7828
3 7826 7828 7829
3 7830 7831 7832
3 7830 7832 7833
3 7834 7835 7836
3 7834 7836 7837
3 7838 7839 7840
3 7838 7840 7841
3 7842 7843 7844
3 7842 7844 7845
3 7846 7847 7848
3 7846 7848 7849
3 7850 7869 7868
3 7852 7851 7850
3 7855 7854 7853
3 7857 7856 7855
3 7860 7859 7858
3 7862 7861 7860
3 7865 7864 7863
3 7868 7867 7866
3 7852 7850 7868
3 7858 7857 7855
3 7862 7860 7858
3 7866 7865 7863
3 7852 7868 7866
3 7858 7855 7853
3 7863 7862 7858
3 7853 7852 7866
3 7866 7863 7858
3 7858 7853 7866
3 7870 7871 7872
3 7870 7872 7873
3 7874 7875 7876
3 7874 7876 7877
3 7878 7879 7880
3 7878 7880 7881
3 7882 7883 7884
3 7882 7884 7885
3 7886 7887 7888
3 7886 7888 7889
3 7890 7891 7892
3 7890 7892 7893
3 7894 7895 7896
3 7894 7896 7897
3 7898 7899 7900
3 7898 7900 7901
3 7902 7903 7904
3 7902 7904 7905
3 7906 7914 7913
3 7909 7908 7907
3 7911 7910 7909
3 7913 7912 7911
3 7907 7906 7913
3 7911 7909 7907
3 7907 7913 7911
3 7915 7916 7917
3 7915 7917 7918
3 7919 7920 7921
3 7919 7921 7922
3 7923 7924 7925
3 7923 7925 7926
3 7927 7928 7929
3 7927 7929 7930
3 7931 7934 7933
3 7933 7932 7931
3 7935 7936 7937
3 7935 7937 7938
3 7939 7940 7941
3 7939 7941 7942
3 7943 7944 7945
3 7943 7945 7946
3 7947 7948 7949
3 7947 7949 7950
3 7951 7952 7953
3 7951 7953 7954
3 7955 7959 7958
3 7958 7957 7956
3 7956 7955 7958
3 7960 7961 7962
3 7960 7962 7963
3 7964 7965 7966
3 7964 7966 7967
3 7968 7969 7970
3 7968 7970 7971
3 7972 7973 7974
3 7972 7974 7975
3 7976 7977 7978
3 7976 7978 7979
3 7980 7984 7983
3 7982 7981 7980
3 7980 7983 7982
3 7985 7986 7987
3 7985 7987 7988
3 7989 7990 7991
3 7989 7991 7992
3 7993 7994 7995
3 7993 7995 7996
3 7997 7998 7999
3 7997 7999 8000
3 8001 8002 8003
3 8001 8003 8004
3 8005 8006 8007
3 8005 8007 8008
3 8009 8010 8011
3 8009 8011 8012
3 8013 8019 8018
3 8015 8014 8013
3 8018 8017 8016
3 8015 8013 8018
3 8018 8016 8015
3 8020 8021 8022
3 8020 8022 8023
3 8024 8025 8026
3 8024 8026 8027
3 8028 8029 8030
3 8028 8030 8031
3 8032 8033 8034
3 8032 8034 8035
3 8036 8039 8038
3 8038 8037 8036
3 8040 8041 8042
3 8040 8042 8043
3 8044 8045 8046
3 8044 8046 8047
3 8048 8049 8050
3 8048 8050 8051
3 8052 8053 8054
3 8052 8054 8055
3 8056 8059 8058
3 8058 8057 8056
3 8060 8061 8062
3 8060 8062 8063
3 8064 8065 8066
3 8064 8066 8067
3 8068 8069 8070
3 8068 8070 8071
3 8072 8073 8074
3 8072 8074 8075
3 8076 8077 8078
3 8076 8078 8079
3 8080 8081 8082
3 8080 8082 8083
3 8084 8085 8086
3 8084 8086 8087
3 8088 8089 8090
3 8088 8090 8091
3 8092 8093 8094
3 8092 8094 8095
3 8096 8097 8098
3 8096 8098 8099
3 8100 8101 8102
3 8100 8102 8103
3 8104 8105 8106
3 8104 8106 8107
3 8108 8109 8110
3 8108 8110 8111
3 8112 8113 8114
3 8112 8114 8115
3 8116 8117 8118
3 8116 8118 8119
3 8120 8121 8122
3 8120 8122 8123
3 8124 8125 8126
3 8124 8126 8127
3 8128 8129 8130
3 8128 8130 8131
3 8132 8133 8134
3 8132 8134 8135
3 8136 8137 8138
3 8136 8138 8139
3 8140 8141 8142
3 8140 8142 8143
3 8144 8145 8146
3 8144 8146 8147
3 8148 8149 8150
3 8148 8150 8151
3 8152 8153 8154
3 8152 8154 8155
3 8156 8157 8158
3 8156 8158 8159
3 8160 8161 8162
3 8160 8162 8163
3 8164 8165 8166
3 8164 8166 8167
3 8168 8169 8170
3 8168 8170 8171
3 8172 8173 8174
3 8172 8174 8175
3 8176 8177 8178
3 8176 8178 8179
3 8180 8181 8182
3 8180 8182 8183
3 8184 8185 8186
3 8184 8186 8187
3 8188 8189 8190
3 8188 8190 8191
3 8192 8193 8194
3 8192 8194 8195
3 8196 8197 8198
3 8196 8198 8199
3 8200 8201 8202
3 8200 8202 8203
3 8204 8205 8206
3 8204 8206 8207
3 8208 8209 8210
3 8208 8210 8211
3 8212 8213 8214
3 8212 8214 8215
3 8216 8217 8218
3 8216 8218 8219
3 8220 8221 8222
3 8220 8222 8223
3 8224 8225 8226
3 8224 8226 8227
3 8228 8229 8230
3 8228 8230 8231
3 8233 8232 8274
3 8236 8235 8234
3 8239 8238 8237
3 8243 8242 8241
3 8247 8246 8245
3 8250 8249 8248
3 8252 8251 8250
3 8254 8253 8252
3 8256 8255 8254
3 8259 8258 8257
3 8262 8261 8260
3 8264 8263 8262
3 8266 8265 8264
3 8268 8267 8266
3 8270 8269 8268
3 8273 8272 8271
3 8234 8233 8274
3 8237 8236 8234
3 8240 8239 8237
3 8244 8243 8241
3 8248 8247 8245
3 8252 8250 8248
3 8256 8254 8252
3 8264 8262 8260
3 8268 8266 8264
3 8237 8234 8274
3 8245 8244 8241
3 8252 8248 8245
3 8257 8256 8252
3 8270 8268 8264
3 8237 8274 8273
3 8252 8245 8241
3 8259 8257 8252
3 8271 8270 8264
3 8240 8237 8273
3 8252 8241 8240
3 8271 8264 8260
3 8240 8273 8271
3 8259 8252 8240
3 8240 8271 8260
3 8260 8259 8240
3 8275 8276 8277
3 8275 8277 8278
3 8279 8280 8281
3 8279 8281 8282
3 8283 8284 8285
3 8283 8285 8286
3 8287 8288 8289
3 8287 8289 8290
3 8291 8292 8293
3 8291 8293 8294
3 8295 8296 8297
3 8295 8297 8298
3 8299 8300 8301
3 8299 8301 8302
3 8303 8304 8305
3 8303 8305 8306
3 8307 8308 8309
3 8307 8309 8310
3 8311 8312 8313
3 8311 8313 8314
3 8316 8315 8324
3 8319 8318 8317
3 8322 8321 8320
3 8324 8323 8322
3 8317 8316 8324
3 8320 8319 8317
3 8317 8324 8322
3 8322 8320 8317
3 8325 8326 8327
3 8325 8327 8328
3 8329 8330 8331
3 8329 8331 8332
3 8333 8334 8335
3 8333 8335 8336
3 8337 8338 8339
3 8337 8339 8340
3 8341 8342 8343
3 8341 8343 8344
3 8345 8346 8347
3 8345 8347 8348
3 8349 8350 8351
3 8349 8351 8352
3 8353 8354 8355
3 8353 8355 8356
3 8357 8358 8359
3 8357 8359 8360
3 8361 8362 8363
3 8361 8363 8364
3 8365 8366 8367
3 8365 8367 8368
3 8369 8379 8378
3 8371 8370 8369
3 8373 8372 8371
3 8375 8374 8373
3 8377 8376 8375
3 8369 8378 8377
3 8373 8371 8369
3 8377 8375 8373
3 8373 8369 8377
3 8380 8381 8382
3 8380 8382 8383
3 8384 8385 8386
3 8384 8386 8387
3 8388 8389 8390
3 8388 8390 8391
3 8392 8393 8394
3 8392 8394 8395
3 8396 8397 8398
3 8396 8398 8399
3 8400 8404 8403
3 8402 8401 8400
3 8400 8403 8402
3 8405 8406 8407
3 8405 8407 8408
3 8409 8410 8411
3 8409 8411 8412
3 8413 8414 8415
3 8413 8415 8416
3 8417 8418 8419
3 8417 8419 8420
3 8421 8422 8423
3 8421 8423 8424
3 8425 8426 8427
3 8425 8427 8428
3 8429 8434 8433
3 8431 8430 8429
3 8433 8432 8431
3 8431 8429 8433
3 8435 8436 8437
3 8435 8437 8438
3 8439 8440 8441
3 8439 8441 8442
3 8443 8444 8445
3 8443 8445 8446
3 8447 8448 8449
3 8447 8449 8450
3 8451 8452 8453
3 8451 8453 8454
3 8455 8456 8457
3 8455 8457 8458
3 8459 8464 8463
3 8461 8460 8459
3 8463 8462 8461
3 8461 8459 8463
3 8465 8466 8467
3 8465 8467 8468
3 8469 8470 8471
3 8469 8471 8472
3 8473 8474 8475
3 8473 8475 8476
3 8477 8478 8479
3 8477 8479 8480
3 8481 8482 8483
3 8481 8483 8484
3 8485 8486 8487
3 8485 8487 8488
3 8489 8494 8493
3 8491 8490 8489
3 8493 8492 8491
3 8491 8489 8493
3 8495 8496 8497
3 8495 8497 8498
3 8499 8500 8501
3 8499 8501 8502
3 8503 8504 8505
3 8503 8505 8506
3 8507 8508 8509
3 8507 8509 8510
3 8511 8512 8513
3 8511 8513 8514
3 8515 8519 8518
3 8517 8516 8515
3 8515 8518 8517
3 8520 8521 8522
3 8520 8522 8523
3 8524 8525 8526
3 8524 8526 8527
3 8528 8529 8530
3 8528 8530 8531
3 8532 8533 8534
3 8532 8534 8535
3 8536 8537 8538
3 8536 8538 8539
3 8540 8541 8542
3 8540 8542 8543
3 8544 8549 8548
3 8546 8545 8544
3 8544 8548 8547
3 8547 8546 8544
3 8550 8551 8552
3 8550 8552 8553
3 8554 8555 8556
3 8554 8556 8557
3 8558 8559 8560
3 8558 8560 8561
3 8562 8563 8564
3 8562 8564 8565
3 8566 8567 8568
3 8566 8568 8569
3 8570 8574 8573
3 8572 8571 8570
3 8570 8573 8572
3 8575 8576 8577
3 8575 8577 8578
3 8579 8580 8581
3 8579 8581 8582
3 8583 8584 8585
3 8583 8585 8586
3 8587 8588 8589
3 8587 8589 8590
3 8591 8592 8593
3 8591 8593 8594
3 8595 8596 8597
3 8595 8597 8598
3 8599 8600 8601
3 8599 8601 8602
3 8603 8604 8605
3 8603 8605 8606
3 8607 8608 8609
3 8607 8609 8610
3 8611 8612 8613
3 8611 8613 8614
3 8615 8616 8617
3 8615 8617 8618
3 8619 8620 8621
3 8619 8621 8622
3 8623 8624 8625
3 8623 8625 8626
3 8627 8628 8629
3 8627 8629 8630
3 8631 8632 8633
3 8631 8633 8634
3 8635 8636 8637
3 8635 8637 8638
3 8639 8640 8641
3 8639 8641 8642
3 8643 8644 8645
3 8643 8645 8646
3 8647 8648 8649
3 8647 8649 8650
3 8651 8652 8653
3 8651 8653 8654
3 8655 8656 8657
3 8655 8657 8658
3 8659 8660 8661
3 8659 8661 8662
3 8663 8664 8665
3 8663 8665 8666
3 8667 8668 8669
3 8667 8669 8670
3 8671 8672 8673
3 8671 8673 8674
3 8675 8676 8677
3 8675 8677 8678
3 8679 8680 8681
3 8679 8681 8682
3 8683 8684 8685
3 8683 8685 8686
3 8687 8688 8689
3 8687 8689 8690
3 8691 8692 8693
3 8691 8693 8694
3 8695 8696 8697
3 8695 8697 8698
3 8699 8700 8701
3 8699 8701 8702
3 8703 8704 8705
3 8703 8705 8706
3 8707 8739 8738
3 8709 8708 8707
3 8713 8712 8711
3 8715 8714 8713
3 8719 8718 8717
3 8721 8720 8719
3 8723 8722 8721
3 8725 8724 8723
3 8727 8726 8725
3 8729 8728 8727
3 8731 8730 8729
3 8733 8732 8731
3 8735 8734 8733
3 8707 8738 8737
3 8710 8709 8707
3 8715 8713 8711
3 8719 8717 8716
3 8723 8721 8719
3 8729 8727 8725
3 8733 8731 8729
3 8736 8735 8733
3 8710 8707 8737
3 8723 8719 8716
3 8729 8725 8723
3 8736 8733 8729
3 8711 8710 8737
3 8729 8723 8716
3 8711 8737 8736
3 8729 8716 8715
3 8715 8711 8736
3 8736 8729 8715
3 8740 8741 8742
3 8740 8742 8743
3 8744 8745 8746
3 8744 8746 8747
3 8748 8749 8750
3 8748 8750 8751
3 8752 8753 8754
3 8752 8754 8755
3 8756 8757 8758
3 8756 8758 8759
3 8760 8761 8762
3 8760 8762 8763
3 8764 8765 8766
3 8764 8766 8767
3 8768 8769 8770
3 8768 8770 8771
3 8772 8773 8774
3 8772 8774 8775
3 8776 8777 8778
3 8776 8778 8779
3 8780 8781 8782
3 8780 8782 8783
3 8784 8785 8786
3 8784 8786 8787
3 8788 8789 8790
3 8788 8790 8791
3 8792 8793 8794
3 8792 8794 8795
3 8796 8797 8798
3 8796 8798 8799
3 8800 8801 8802
3 8800 8802 8803
3 8804 8805 8806
3 8804 8806 8807
3 8808 8809 8810
3 8808 8810 8811
3 8812 8813 8814
3 8812 8814 8815
3 8816 8817 8818
3 8816 8818 8819
3 8820 8821 8822
3 8820 8822 8823
3 8824 8825 8826
3 8824 8826 8827
3 8828 8829 8830
3 8828 8830 8831
3 8832 8833 8834
3 8832 8834 8835
3 8836 8837 8838
3 8836 8838 8839
3 8840 8841 8842
3 8840 8842 8843
3 8844 8845 8846
3 8844 8846 8847
3 8848 8849 8850
3 8848 8850 8851
3 8852 8853 8854
3 8852 8854 8855
3 8856 8857 8858
3 8856 8858 8859
3 8860 8861 8862
3 8860 8862 8863
3 8864 8865 8866
3 8864 8866 8867
3 8868 8869 8870
3 8868 8870 8871
3 8873 8872 8904
3 8875 8874 8873
3 8877 8876 8875
3 8890 8889 8888
3 8892 8891 8890
3 8894 8893 8892
3 8899 8898 8897
3 8901 8900 8899
3 8903 8902 8901
3 8875 8873 8904
3 8878 8877 8875
3 8890 8888 8887
3 8894 8892 8890
3 8899 8897 8896
3 8903 8901 8899
3 8875 8904 8903
3 8879 8878 8875
3 8890 8887 8886
3 8895 8894 8890
3 8899 8896 8895
3 8875 8903 8899
3 8895 8890 8886
3 8879 8875 8899
3 8895 8886 8885
3 8880 8879 8899
3 8895 8885 8884
3 8881 8880 8899
3 8895 8884 8883
3 8881 8899 8895
3 8895 8883 8882
3 8882 8881 8895
3 8905 8906 8907
3 8905 8907 8908
3 8909 8910 8911
3 8909 8911 8912
3 8913 8914 8915
3 8913 8915 8916
3 8917 8918 8919
3 8917 8919 8920
3 8921 8924 8923
3 8923 8922 8921
3 8925 8926 8927
3 8925 8927 8928
3 8929 8930 8931
3 8929 8931 8932
3 8933 8934 8935
3 8933 8935 8936
3 8937 8938 8939
3 8937 8939 8940
3 8941 8942 8943
3 8941 8943 8944
3 8945 8946 8947
3 8945 8947 8948
3 8949 8950 8951
3 8949 8951 8952
3 8953 8954 8955
3 8953 8955 8956
3 8957 8958 8959
3 8957 8959 8960
3 8961 8962 8963
3 8961 8963 8964
3 8965 8966 8967
3 8965 8967 8968
3 8969 8970 8971
3 8969 8971 8972
3 8973 8974 8975
3 8973 8975 8976
3 8977 8989 8988
3 8979 8978 8977
3 8982 8981 8980
3 8984 8983 8982
3 8986 8985 8984
3 8988 8987 8986
3 8979 8977 8988
3 8984 8982 8980
3 8988 8986 8984
3 8980 8979 8988
3 8988 8984 8980
3 8990 8991 8992
3 8990 8992 8993
3 8994 8995 8996
3 8994 8996 8997
3 8998 8999 9000
3 8998 9000 9001
3 9002 9003 9004
3 9002 9004 9005
3 9006 9009 9008
3 9008 9007 9006
3 9010 9011 9012
3 9010 9012 9013
3 9014 9015 9016
3 9014 9016 9017
3 9018 9019 9020
3 9018 9020 9021
3 9022 9023 9024
3 9022 9024 9025
3 9026 9027 9028
3 9026 9028 9029
3 9030 9031 9032
3 9030 9032 9033
3 9034 9035 9036
3 9034 9036 9037
3 9038 9039 9040
3 9038 9040 9041
3 9042 9043 9044
3 9042 9044 9045
3 9046 9054 9053
3 9050 9049 9048
3 9053 9052 9051
3 9047 9046 9053
3 9051 9050 9048
3 9047 9053 9051
3 9051 9048 9047
3 9055 9056 9057
3 9055 9057 9058
3 9059 9060 9061
3 9059 9061 9062
3 9063 9064 9065
3 9063 9065 9066
3 9067 9068 9069
3 9067 9069 9070
3 9071 9072 9073
3 9071 9073 9074
3 9075 9076 9077
3 9075 9077 9078
3 9079 9080 9081
3 9079 9081 9082
3 9084 9083 9089
3 9086 9085 9084
3 9089 9088 9087
3 9086 9084 9089
3 9089 9087 9086
3 9090 9091 9092
3 9090 9092 9093
3 9094 9095 9096
3 9094 9096 9097
3 9098 9099 9100
3 9098 9100 9101
3 9102 9103 9104
3 9102 9104 9105
3 9106 9109 9108
3 9108 9107 9106
3 9110 9111 9112
3 9110 9112 9113
3 9114 9115 9116
3 9114 9116 9117
3 9118 9119 9120
3 9118 9120 9121
3 9122 9123 9124
3 9122 9124 9125
3 9126 9127 9128
3 9126 9128 9129
3 9130 9131 9132
3 9130 9132 9133
3 9135 9134 9139
3 9137 9136 9135
3 9139 9138 9137
3 9137 9135 9139
3 9140 9141 9142
3 9140 9142 9143
3 9144 9145 9146
3 9144 9146 9147
3 9148 9149 9150
3 9148 9150 9151
3 9152 9153 9154
3 9152 9154 9155
3 9156 9159 9158
3 9158 9157 9156
3 9160 9161 9162
3 9160 9162 9163
3 9164 9165 9166
3 9164 9166 9167
3 9168 9169 9170
3 9168 9170 9171
3 9172 9173 9174
3 9172 9174 9175
3 9176 9177 9178
3 9176 9178 9179
3 9180 9181 9182
3 9180 9182 9183
3 9185 9184 9189
3 9187 9186 9185
3 9189 9188 9187
3 9187 9185 9189
3 9190 9191 9192
3 9190 9192 9193
3 9194 9195 9196
3 9194 9196 9197
3 9198 9199 9200
3 9198 9200 9201
3 9202 9203 9204
3 9202 9204 9205
3 9206 9207 9208
3 9206 9208 9209
3 9210 9211 9212
3 9210 9212 9213
3 9214 9215 9216
3 9214 9216 9217
3 9218 9219 9220
3 9218 9220 9221
3 9222 9223 9224
3 9222 9224 9225
3 9226 9227 9228
3 9226 9228 9229
3 9230 9231 9232
3 9230 9232 9233
3 9234 9235 9236
3 9234 9236 9237
3 9238 9239 9240
3 9238 9240 9241
3 9242 9243 9244
3 9242 9244 9245
3 9246 9247 9248
3 9246 9248 9249
3 9250 9251 9252
3 9250 9252 9253
3 9254 9269 9268
3 9257 9256 9255
3 9260 9259 9258
3 9263 9262 9261
3 9265 9264 9263
3 9255 9254 9268
3 9258 9257 9255
3 9265 9263 9261
3 9258 9255 9268
3 9266 9265 9261
3 9258 9268 9267
3 9266 9261 9260
3 9258 9267 9266
3 9266 9260 9258
3 9270 9271 9272
3 9270 9272 9273
3 9274 9275 9276
3 9274 9276 9277
3 9278 9279 9280
3 9278 9280 9281
3 9282 9283 9284
3 9282 9284 9285
3 9286 9289 9288
3 9288 9287 9286
3 9290 9291 9292
3 9290 9292 9293
3 9294 9295 9296
3 9294 9296 9297
3 9298 9299 9300
3 9298 9300 9301
3 9302 9303 9304
3 9302 9304 9305
3 9306 9307 9308
3 9306 9308 9309
3 9310 9311 9312
3 9310 9312 9313
3 9314 9315 9316
3 9314 9316 9317
3 9318 9319 9320
3 9318 9320 9321
3 9322 9323 9324
3 9322 9324 9325
3 9326 9327 9328
3 9326 9328 9329
3 9330 9331 9332
3 9330 9332 9333
3 9334 9335 9336
3 9334 9336 9337
3 9338 9339 9340
3 9338 9340 9341
3 9342 9343 9344
3 9342 9344 9345
3 9346 9347 9348
3 9346 9348 9349
3 9350 9351 9352
3 9350 9352 9353
3 9354 9355 9356
3 9354 9356 9357
3 9358 9359 9360
3 9358 9360 9361
3 9363 9362 9379
3 9366 9365 9364
3 9368 9367 9366
3 9372 9371 9370
3 9374 9373 9372
3 9377 9376 9375
3 9379 9378 9377
3 9368 9366 9364
3 9372 9370 9369
3 9375 9374 9372
3 9379 9377 9375
3 9368 9364 9363
3 9375 9372 9369
3 9363 9379 9375
3 9369 9368 9363
3 9363 9375 9369
3 9380 9381 9382
3 9380 9382 9383
3 9384 9385 9386
3 9384 9386 9387
3 9388 9389 9390
3 9388 9390 9391
3 9392 9393 9394
3 9392 9394 9395
3 9396 9399 9398
3 9398 9397 9396
3 9400 9401 9402
3 9400 9402 9403
3 9404 9405 9406
3 9404 9406 9407
3 9408 9409 9410
3 9408 9410 9411
3 9412 9413 9414
3 9412 9414 9415
3 9416 9417 9418
3 9416 9418 9419
3 9420 9421 9422
3 9420 9422 9423
3 9424 9425 9426
3 9424 9426 9427
3 9428 9429 9430
3 9428 9430 9431
3 9432 9433 9434
3 9432 9434 9435
3 9436 9437 9438
3 9436 9438 9439
3 9440 9441 9442
3 9440 9442 9443
3 9444 9445 9446
3 9444 9446 9447
3 9448 9449 9450
3 9448 9450 9451
3 9452 9453 9454
3 9452 9454 9455
3 9457 9456 9469
3 9460 9459 9458
3 9464 9463 9462
3 9467 9466 9465
3 9458 9457 9469
3 9461 9460 9458
3 9465 9464 9462
3 9458 9469 9468
3 9467 9465 9462
3 9461 9458 9468
3 9467 9462 9461
3 9461 9468 9467
3 9470 9471 9472
3 9470 9472 9473
3 9474 9475 9476
3 9474 9476 9477
3 9478 9479 9480
3 9478 9480 9481
3 9482 9483 9484
3 9482 9484 9485
3 9486 9487 9488
3 9486 9488 9489
3 9490 9491 9492
3 9490 9492 9493
3 9494 9495 9496
3 9494 9496 9497
3 9498 9499 9500
3 9498 9500 9501
3 9502 9503 9504
3 9502 9504 9505
3 9506 9507 9508
3 9506 9508 9509
3 9510 9511 9512
3 9510 9512 9513
3 9514 9515 9516
3 9514 9516 9517
3 9518 9519 9520
3 9518 9520 9521
3 9522 9534 9533
3 9524 9523 9522
3 9526 9525 9524
3 9529 9528 9527
3 9531 9530 9529
3 9533 9532 9531
3 9524 9522 9533
3 9527 9526 9524
3 9531 9529 9527
3 9527 9524 9533
3 9533 9531 9527
3 9535 9536 9537
3 9535 9537 9538
3 9539 9540 9541
3 9539 9541 9542
3 9543 9544 9545
3 9543 9545 9546
3 9547 9548 9549
3 9547 9549 9550
3 9551 9552 9553
3 9551 9553 9554
3 9555 9556 9557
3 9555 9557 9558
3 9559 9560 9561
3 9559 9561 9562
3 9563 9564 9565
3 9563 9565 9566
3 9567 9568 9569
3 9567 9569 9570
3 9571 9572 9573
3 9571 9573 9574
3 9575 9576 9577
3 9575 9577 9578
3 9579 9580 9581
3 9579 9581 9582
3 9585 9584 9583
3 9589 9588 9587
3 9592 9591 9590
3 9585 9583 9594
3 9589 9587 9586
3 9593 9592 9590
3 9586 9585 9594
3 9590 9589 9586
3 9594 9593 9590
3 9590 9586 9594
3 9595 9596 9597
3 9595 9597 9598
3 9599 9600 9601
3 9599 9601 9602
3 9603 9604 9605
3 9603 9605 9606
3 9607 9608 9609
3 9607 9609 9610
3 9611 9612 9613
3 9611 9613 9614
3 9615 9619 9618
3 9617 9616 9615
3 9615 9618 9617
3 9620 9621 9622
3 9620 9622 9623
3 9624 9625 9626
3 9624 9626 9627
3 9628 9629 9630
3 9628 9630 9631
3 9632 9633 9634
3 9632 9634 9635
3 9636 9637 9638
3 9636 9638 9639
3 9640 9641 9642
3 9640 9642 9643
3 9644 9645 9646
3 9644 9646 9647
3 9648 9649 9650
3 9648 9650 9651
3 9652 9653 9654
3 9652 9654 9655
3 9656 9657 9658
3 9656 9658 9659
3 9660 9661 9662
3 9660 9662 9663
3 9664 9674 9673
3 9667 9666 9665
3 9669 9668 9667
3 9672 9671 9670
3 9664 9673 9672
3 9669 9667 9665
3 9672 9670 9669
3 9665 9664 9672
3 9672 9669 9665
3 9675 9676 9677
3 9675 9677 9678
3 9679 9680 9681
3 9679 9681 9682
3 9683 9684 9685
3 9683 9685 9686
3 9687 9688 9689
3 9687 9689 9690
3 9691 9692 9693
3 9691 9693 9694
3 9695 9696 9697
3 9695 9697 9698
3 9699 9700 9701
3 9699 9701 9702
3 9703 9704 9705
3 9703 9705 9706
3 9707 9708 9709
3 9707 9709 9710
3 9711 9712 9713
3 9711 9713 9714
3 9715 9716 9717
3 9715 9717 9718
3 9719 9720 9721
3 9719 9721 9722
3 9723 9724 9725
3 9723 9725 9726
3 9727 9728 9729
3 9727 9729 9730
3 9731 9732 9733
3 9731 9733 9734
3 9735 9736 9737
3 9735 9737 9738
3 9739 9740 9741
3 9739 9741 9742
3 9743 9744 9745
3 9743 9745 9746
3 9747 9748 9749
3 9747 9749 9750
3 9751 9752 9753
3 9751 9753 9754
3 9755 9756 9757
3 9755 9757 9758
3 9759 9760 9761
3 9759 9761 9762
3 9763 9764 9765
3 9763 9765 9766
3 9767 9768 9769
3 9767 9769 9770
3 9771 9772 9773
3 9771 9773 9774
3 9775 9776 9777
3 9775 9777 9778
3 9779 9780 9781
3 9779 9781 9782
3 9783 9784 9785
3 9783 9785 9786
3 9787 9788 9789
3 9787 9789 9790
3 9791 9792 9793
3 9791 9793 9794
3 9795 9796 9797
3 9795 9797 9798
3 9799 9800 9801
3 9799 9801 9802
3 9803 9804 9805
3 9803 9805 9806
3 9807 9808 9809
3 9807 9809 9810
3 9811 9812 9813
3 9811 9813 9814
3 9815 9816 9817
3 9815 9817 9818
3 9819 9820 9821
3 9819 9821 9822
3 9823 9824 9825
3 9823 9825 9826
3 9827 9828 9829
3 9827 9829 9830
3 9831 9832 9833
3 9831 9833 9834
3 9835 9836 9837
3 9835 9837 9838
3 9839 9840 9841
3 9839 9841 9842
3 9843 9844 9845
3 9843 9845 9846
3 9847 9848 9849
3 9847 9849 9850
3 9851 9852 9853
3 9851 9853 9854
3 9855 9856 9857
3 9855 9857 9858
3 9860 9859 9904
3 9862 9861 9860
3 9880 9879 9878
3 9882 9881 9880
3 9884 9883 9882
3 9888 9887 9886
3 9894 9893 9892
3 9896 9895 9894
3 9898 9897 9896
3 9900 9899 9898
3 9904 9903 9902
3 9862 9860 9904
3 9880 9878 9877
3 9884 9882 9880
3 9889 9888 9886
3 9894 9892 9891
3 9898 9896 9894
3 9862 9904 9902
3 9880 9877 9876
3 9885 9884 9880
3 9890 9889 9886
3 9898 9894 9891
3 9862 9902 9901
3 9880 9876 9875
3 9886 9885 9880
3 9891 9890 9886
3 9900 9898 9891
3 9863 9862 9901
3 9886 9880 9875
3 9900 9891 9886
3 9864 9863 9901
3 9886 9875 9874
3 9901 9900 9886
3 9865 9864 9901
3 9886 9874 9873
3 9865 9901 9886
3 9886 9873 9872
3 9866 9865 9886
3 9886 9872 9871
3 9867 9866 9886
3 9886 9871 9870
3 9868 9867 9886
3 9886 9870 9869
3 9869 9868 9886
3 9905 9906 9907
3 9905 9907 9908
3 9909 9910 9911
3 9909 9911 9912
3 9913 9914 9915
3 9913 9915 9916
3 9917 9918 9919
3 9917 9919 9920
3 9921 9922 9923
3 9921 9923 9924
3 9925 9926 9927
3 9925 9927 9928
3 9929 9930 9931
3 9929 9931 9932
3 9933 9934 9935
3 9933 9935 9936
3 9937 9938 9939
3 9937 9939 9940
3 9941 9942 9943
3 9941 9943 9944
3 9945 9946 9947
3 9945 9947 9948
3 9949 9950 9951
3 9949 9951 9952
3 9953 9954 9955
3 9953 9955 9956
3 9957 9958 9959
3 9957 9959 9960
3 9961 9962 9963
3 9961 9963 9964
3 9965 9966 9967
3 9965 9967 9968
3 9969 9970 9971
3 9969 9971 9972
3 9973 9974 9975
3 9973 9975 9976
3 9977 9978 9979
3 9977 9979 9980
3 9981 9982 9983
3 9981 9983 9984
3 9985 10004 10003
3 9994 9993 9992
3 9998 9997 9996
3 10000 9999 9998
3 10002 10001 10000
3 9985 10003 10002
3 9995 9994 9992
3 9998 9996 9995
3 10002 10000 9998
3 9986 9985 10002
3 9998 9995 9992
3 9987 9986 10002
3 10002 9998 9992
3 9988 9987 10002
3 10002 9992 9991
3 9989 9988 10002
3 10002 9991 9990
3 9990 9989 10002
3 10005 10006 10007
3 10005 10007 10008
3 10009 10010 10011
3 10009 10011 10012
3 10013 10014 10015
3 10013 10015 10016
3 10017 10018 10019
3 10017 10019 10020
3 10021 10022 10023
3 10021 10023 10024
3 10025 10026 10027
3 10025 10027 10028
3 10029 10030 10031
3 10029 10031 10032
3 10033 10034 10035
3 10033 10035 10036
3 10037 10038 10039
3 10037 10039 10040
3 10041 10042 10043
3 10041 10043 10044
3 10045 10046 10047
3 10045 10047 10048
3 10049 10050 10051
3 10049 10051 10052
3 10053 10054 10055
3 10053 10055 10056
3 10057 10058 10059
3 10057 10059 10060
3 10061 10062 10063
3 10061 10063 10064
3 10065 10066 10067
3 10065 10067 10068
3 10069 10070 10071
3 10069 10071 10072
3 10073 10074 10075
3 10073 10075 10076
3 10077 10078 10079
3 10077 10079 10080
3 10081 10099 10098
3 10086 10085 10084
3 10088 10087 10086
3 10091 10090 10089
3 10093 10092 10091
3 10095 10094 10093
3 10097 10096 10095
3 10081 10098 10097
3 10088 10086 10084
3 10093 10091 10089
3 10097 10095 10093
3 10088 10084 10083
3 10093 10089 10088
3 10081 10097 10093
3 10088 10083 10082
3 10082 10081 10093
3 10093 10088 10082
3 10100 10101 10102
3 10100 10102 10103
3 10104 10105 10106
3 10104 10106 10107
3 10108 10109 10110
3 10108 10110 10111
3 10112 10113 10114
3 10112 10114 10115
3 10116 10119 10118
3 10118 10117 10116
3 10120 10121 10122
3 10120 10122 10123
3 10124 10125 10126
3 10124 10126 10127
3 10128 10129 10130
3 10128 10130 10131
3 10132 10133 10134
3 10132 10134 10135
3 10136 10137 10138
3 10136 10138 10139
3 10140 10141 10142
3 10140 10142 10143
3 10144 10145 10146
3 10144 10146 10147
3 10148 10149 10150
3 10148 10150 10151
3 10152 10159 10158
3 10154 10153 10152
3 10157 10156 10155
3 10152 10158 10157
3 10155 10154 10152
3 10152 10157 10155
3 10160 10161 10162
3 10160 10162 10163
3 10164 10165 10166
3 10164 10166 10167
3 10168 10169 10170
3 10168 10170 10171
3 10172 10173 10174
3 10172 10174 10175
3 10176 10177 10178
3 10176 10178 10179
3 10180 10181 10182
3 10180 10182 10183
3 10184 10185 10186
3 10184 10186 10187
3 10188 10189 10190
3 10188 10190 10191
3 10192 10193 10194
3 10192 10194 10195
3 10196 10197 10198
3 10196 10198 10199
3 10200 10201 10202
3 10200 10202 10203
3 10204 10205 10206
3 10204 10206 10207
3 10208 10209 10210
3 10208 10210 10211
3 10212 10213 10214
3 10212 10214 10215
3 10216 10217 10218
3 10216 10218 10219
3 10220 10221 10222
3 10220 10222 10223
3 10224 10225 10226
3 10224 10226 10227
3 10228 10229 10230
3 10228 10230 10231
3 10232 10233 10234
3 10232 10234 10235
3 10236 10237 10238
3 10236 10238 10239
3 10240 10241 10242
3 10240 10242 10243
3 10244 10245 10246
3 10244 10246 10247
3 10248 10249 10250
3 10248 10250 10251
3 10252 10253 10254
3 10252 10254 10255
3 10256 10257 10258
3 10256 10258 10259
3 10260 10261 10262
3 10260 10262 10263
3 10264 10265 10266
3 10264 10266 10267
3 10268 10269 10270
3 10268 10270 10271
3 10272 10273 10274
3 10272 10274 10275
3 10276 10277 10278
3 10276 10278 10279
3 10280 10281 10282
3 10280 10282 10283
3 10284 10285 10286
3 10284 10286 10287
3 10288 10289 10290
3 10288 10290 10291
3 10292 10293 10294
3 10292 10294 10295
3 10296 10297 10298
3 10296 10298 10299
3 10300 10301 10302
3 10300 10302 10303
3 10305 10304 10339
3 10307 10306 10305
3 10309 10308 10307
3 10312 10311 10310
3 10314 10313 10312
3 10321 10320 10319
3 10323 10322 10321
3 10327 10326 10325
3 10330 10329 10328
3 10332 10331 10330
3 10339 10338 10337
3 10307 10305 10339
3 10310 10309 10307
3 10314 10312 10310
3 10323 10321 10319
3 10328 10327 10325
3 10339 10337 10336
3 10310 10307 10339
3 10315 10314 10310
3 10323 10319 10318
3 10330 10328 10325
3 10339 10336 10335
3 10324 10323 10318
3 10339 10335 10334
3 10325 10324 10318
3 10310 10339 10334
3 10325 10318 10317
3 10310 10334 10333
3 10330 10325 10317
3 10310 10333 10332
3 10330 10317 10316
3 10315 10310 10332
3 10330 10316 10315
3 10315 10332 10330
3 10340 10341 10342
3 10340 10342 10343
3 10344 10345 10346
3 10344 10346 10347
3 10348 10349 10350
3 10348 10350 10351
3 10352 10353 10354
3 10352 10354 10355
3 10356 10357 10358
3 10356 10358 10359
3 10360 10361 10362
3 10360 10362 10363
3 10364 10365 10366
3 10364 10366 10367
3 10368 10369 10370
3 10368 10370 10371
3 10372 10373 10374
3 10372 10374 10375
3 10376 10377 10378
3 10376 10378 10379
3 10380 10381 10382
3 10380 10382 10383
3 10384 10385 10386
3 10384 10386 10387
3 10388 10389 10390
3 10388 10390 10391
3 10393 10392 10404
3 10396 10395 10394
3 10398 10397 10396
3 10400 10399 10398
3 10402 10401 10400
3 10393 10404 10403
3 10396 10394 10393
3 10400 10398 10396
3 10403 10402 10400
3 10396 10393 10403
3 10403 10400 10396
3 10405 10406 10407
3 10405 10407 10408
3 10409 10410 10411
3 10409 10411 10412
3 10413 10414 10415
3 10413 10415 10416
3 10417 10418 10419
3 10417 10419 10420
3 10421 10422 10423
3 10421 10423 10424
3 10425 10426 10427
3 10425 10427 10428
3 10429 10430 10431
3 10429 10431 10432
3 10433 10434 10435
3 10433 10435 10436
3 10437 10438 10439
3 10437 10439 10440
3 10441 10449 10448
3 10443 10442 10441
3 10447 10446 10445
3 10441 10448 10447
3 10444 10443 10441
3 10447 10445 10444
3 10444 10441 10447
3 10450 10451 10452
3 10450 10452 10453
3 10454 10455 10456
3 10454 10456 10457
3 10458 10459 10460
3 10458 10460 10461
3 10462 10463 10464
3 10462 10464 10465
3 10466 10467 10468
3 10466 10468 10469
3 10470 10471 10472
3 10470 10472 10473
3 10474 10475 10476
3 10474 10476 10477
3 10478 10484 10483
3 10481 10480 10479
3 10483 10482 10481
3 10479 10478 10483
3 10483 10481 10479
3 10485 10486 10487
3 10485 10487 10488
3 10489 10490 10491
3 10489 10491 10492
3 10493 10494 10495
3 10493 10495 10496
3 10497 10498 10499
3 10497 10499 10500
3 10501 10502 10503
3 10501 10503 10504
3 10505 10506 10507
3 10505 10507 10508
3 10509 10510 10511
3 10509 10511 10512
3 10513 10514 10515
3 10513 10515 10516
3 10517 10518 10519
3 10517 10519 10520
3 10521 10522 10523
3 10521 10523 10524
3 10525 10526 10527
3 10525 10527 10528
3 10529 10530 10531
3 10529 10531 10532
3 10533 10534 10535
3 10533 10535 10536
3 10537 10538 10539
3 10537 10539 10540
3 10541 10542 10543
3 10541 10543 10544
3 10545 10546 10547
3 10545 10547 10548
3 10549 10550 10551
3 10549 10551 10552
3 10553 10554 10555
3 10553 10555 10556
3 10557 10558 10559
3 10557 10559 10560
3 10561 10562 10563
3 10561 10563 10564
3 10566 10565 10584
3 10568 10567 10566
3 10570 10569 10568
3 10572 10571 10570
3 10574 10573 10572
3 10579 10578 10577
3 10581 10580 10579
3 10566 10584 10583
3 10570 10568 10566
3 10574 10572 10570
3 10579 10577 10576
3 10582 10581 10579
3 10570 10566 10583
3 10575 10574 10570
3 10579 10576 10575
3 10570 10583 10582
3 10582 10579 10575
3 10575 10570 10582
3 10585 10586 10587
3 10585 10587 10588
3 10589 10590 10591
3 10589 10591 10592
3 10593 10594 10595
3 10593 10595 10596
3 10597 10598 10599
3 10597 10599 10600
3 10601 10602 10603
3 10601 10603 10604
3 10605 10606 10607
3 10605 10607 10608
3 10609 10610 10611
3 10609 10611 10612
3 10613 10614 10615
3 10613 10615 10616
3 10617 10618 10619
3 10617 10619 10620
3 10621 10622 10623
3 10621 10623 10624
3 10625 10626 10627
3 10625 10627 10628
3 10629 10639 10638
3 10631 10630 10629
3 10633 10632 10631
3 10635 10634 10633
3 10637 10636 10635
3 10631 10629 10638
3 10637 10635 10633
3 10631 10638 10637
3 10637 10633 10631
3 10640 10641 10642
3 10640 10642 10643
3 10644 10645 10646
3 10644 10646 10647
3 10648 10649 10650
3 10648 10650 10651
3 10652 10653 10654
3 10652 10654 10655
3 10656 10659 10658
3 10658 10657 10656
3 10660 10661 10662
3 10660 10662 10663
3 10664 10665 10666
3 10664 10666 10667
3 10668 10669 10670
3 10668 10670 10671
3 10672 10673 10674
3 10672 10674 10675
3 10676 10677 10678
3 10676 10678 10679
3 10680 10681 10682
3 10680 10682 10683
3 10684 10689 10688
3 10686 10685 10684
3 10688 10687 10686
3 10686 10684 10688
3 10690 10691 10692
3 10690 10692 10693
3 10694 10695 10696
3 10694 10696 10697
3 10698 10699 10700
3 10698 10700 10701
3 10702 10703 10704
3 10702 10704 10705
3 10706 10707 10708
3 10706 10708 10709
3 10710 10711 10712
3 10710 10712 10713
3 10714 10715 10716
3 10714 10716 10717
3 10718 10719 10720
3 10718 10720 10721
3 10722 10729 10728
3 10724 10723 10722
3 10727 10726 10725
3 10722 10728 10727
3 10725 10724 10722
3 10722 10727 10725
3 10730 10731 10732
3 10730 10732 10733
3 10734 10735 10736
3 10734 10736 10737
3 10738 10739 10740
3 10738 10740 10741
3 10742 10743 10744
3 10742 10744 10745
3 10746 10749 10748
3 10748 10747 10746
3 10750 10751 10752
3 10750 10752 10753
3 10754 10755 10756
3 10754 10756 10757
3 10758 10759 10760
3 10758 10760 10761
3 10762 10763 10764
3 10762 10764 10765
3 10766 10767 10768
3 10766 10768 10769
3 10770 10771 10772
3 10770 10772 10773
3 10774 10775 10776
3 10774 10776 10777
3 10778 10779 10780
3 10778 10780 10781
3 10782 10783 10784
3 10782 10784 10785
3 10786 10787 10788
3 10786 10788 10789
3 10790 10791 10792
3 10790 10792 10793
3 10794 10795 10796
3 10794 10796 10797
3 10798 10809 10808
3 10803 10802 10801
3 10805 10804 10803
3 10807 10806 10805
3 10798 10808 10807
3 10805 10803 10801
3 10799 10798 10807
3 10805 10801 10800
3 10799 10807 10805
3 10805 10800 10799
3 10810 10811 10812
3 10810 10812 10813
3 10814 10815 10816
3 10814 10816 10817
3 10818 10819 10820
3 10818 10820 10821
3 10822 10823 10824
3 10822 10824 10825
3 10826 10827 10828
3 10826 10828 10829
3 10830 10831 10832
3 10830 10832 10833
3 10834 10835 10836
3 10834 10836 10837
3 10838 10839 10840
3 10838 10840 10841
3 10842 10843 10844
3 10842 10844 10845
3 10846 10847 10848
3 10846 10848 10849
3 10850 10851 10852
3 10850 10852 10853
3 10854 10864 10863
3 10856 10855 10854
3 10859 10858 10857
3 10862 10861 10860
3 10857 10856 10854
3 10863 10862 10860
3 10859 10857 10854
3 10854 10863 10860
3 10860 10859 10854
3 10865 10866 10867
3 10865 10867 10868
3 10869 10870 10871
3 10869 10871 10872
3 10873 10874 10875
3 10873 10875 10876
3 10877 10878 10879
3 10877 10879 10880
3 10881 10882 10883
3 10881 10883 10884
3 10885 10886 10887
3 10885 10887 10888
3 10889 10890 10891
3 10889 10891 10892
3 10893 10894 10895
3 10893 10895 10896
3 10897 10904 10903
3 10902 10901 10900
3 10897 10903 10902
3 10902 10900 10899
3 10898 10897 10902
3 10902 10899 10898
3 10905 10906 10907
3 10905 10907 10908
3 10909 10910 10911
3 10909 10911 10912
3 10913 10914 10915
3 10913 10915 10916
3 10917 10918 10919
3 10917 10919 10920
3 10921 10922 10923
3 10921 10923 10924
3 10925 10926 10927
3 10925 10927 10928
3 10929 10930 10931
3 10929 10931 10932
3 10933 10934 10935
3 10933 10935 10936
3 10937 10938 10939
3 10937 10939 10940
3 10941 10942 10943
3 10941 10943 10944
3 10945 10946 10947
3 10945 10947 10948
3 10949 10950 10951
3 10949 10951 10952
3 10953 10954 10955
3 10953 10955 10956
3 10957 10958 10959
3 10957 10959 10960
3 10961 10962 10963
3 10961 10963 10964
3 10965 10966 10967
3 10965 10967 10968
3 10969 10970 10971
3 10969 10971 10972
3 10973 10974 10975
3 10973 10975 10976
3 10977 10978 10979
3 10977 10979 10980
3 10981 10982 10983
3 10981 10983 10984
3 10985 10986 10987
3 10985 10987 10988
3 10989 10990 10991
3 10989 10991 10992
3 10993 10994 10995
3 10993 10995 10996
3 10997 10998 10999
3 10997 10999 11000
3 11002 11001 11024
3 11005 11004 11003
3 11007 11006 11005
3 11011 11010 11009
3 11015 11014 11013
3 11017 11016 11015
3 11019 11018 11017
3 11021 11020 11019
3 11023 11022 11021
3 11002 11024 11023
3 11005 11003 11002
3 11015 11013 11012
3 11019 11017 11015
3 11023 11021 11019
3 11005 11002 11023
3 11015 11012 11011
3 11023 11019 11015
3 11007 11005 11023
3 11015 11011 11009
3 11007 11023 11015
3 11015 11009 11008
3 11008 11007 11015
3 11025 11026 11027
3 11025 11027 11028
3 11029 11030 11031
3 11029 11031 11032
3 11033 11034 11035
3 11033 11035 11036
3 11037 11038 11039
3 11037 11039 11040
3 11041 11042 11043
3 11041 11043 11044
3 11045 11046 11047
3 11045 11047 11048
3 11049 11054 11053
3 11051 11050 11049
3 11053 11052 11051
3 11051 11049 11053
3 11055 11056 11057
3 11055 11057 11058
3 11059 11060 11061
3 11059 11061 11062
3 11063 11064 11065
3 11063 11065 11066
3 11067 11068 11069
3 11067 11069 11070
3 11071 11072 11073
3 11071 11073 11074
3 11075 11076 11077
3 11075 11077 11078
3 11079 11080 11081
3 11079 11081 11082
3 11083 11084 11085
3 11083 11085 11086
3 11087 11088 11089
3 11087 11089 11090
3 11091 11092 11093
3 11091 11093 11094
3 11095 11104 11103
3 11097 11096 11095
3 11099 11098 11097
3 11101 11100 11099
3 11095 11103 11102
3 11099 11097 11095
3 11102 11101 11099
3 11099 11095 11102
3 11105 11106 11107
3 11105 11107 11108
3 11109 11110 11111
3 11109 11111 11112
3 11113 11114 11115
3 11113 11115 11116
3 11117 11118 11119
3 11117 11119 11120
3 11121 11122 11123
3 11121 11123 11124
3 11125 11126 11127
3 11125 11127 11128
3 11129 11130 11131
3 11129 11131 11132
3 11133 11134 11135
3 11133 11135 11136
3 11137 11144 11143
3 11139 11138 11137
3 11141 11140 11139
3 11143 11142 11141
3 11139 11137 11143
3 11143 11141 11139
3 11145 11146 11147
3 11145 11147 11148
3 11149 11150 11151
3 11149 11151 11152
3 11153 11154 11155
3 11153 11155 11156
3 11157 11158 11159
3 11157 11159 11160
3 11161 11162 11163
3 11161 11163 11164
3 11165 11169 11168
3 11168 11167 11166
3 11166 11165 11168
3 11170 11171 11172
3 11170 11172 11173
3 11174 11175 11176
3 11174 11176 11177
3 11178 11179 11180
3 11178 11180 11181
3 11182 11183 11184
3 11182 11184 11185
3 11186 11187 11188
3 11186 11188 11189
3 11190 11191 11192
3 11190 11192 11193
3 11194 11195 11196
3 11194 11196 11197
3 11198 11199 11200
3 11198 11200 11201
3 11202 11203 11204
3 11202 11204 11205
3 11206 11207 11208
3 11206 11208 11209
3 11210 11211 11212
3 11210 11212 11213
3 11214 11215 11216
3 11214 11216 11217
3 11218 11219 11220
3 11218 11220 11221
3 11222 11223 11224
3 11222 11224 11225
3 11226 11227 11228
3 11226 11228 11229
3 11230 11231 11232
3 11230 11232 11233
3 11234 11235 11236
3 11234 11236 11237
3 11238 11239 11240
3 11238 11240 11241
3 11242 11243 11244
3 11242 11244 11245
3 11246 11247 11248
3 11246 11248 11249
3 11250 11251 11252
3 11250 11252 11253
3 11254 11255 11256
3 11254 11256 11257
3 11258 11259 11260
3 11258 11260 11261
3 11262 11263 11264
3 11262 11264 11265
3 11266 11267 11268
3 11266 11268 11269
3 11270 11271 11272
3 11270 11272 11273
3 11274 11275 11276
3 11274 11276 11277
3 11278 11279 11280
3 11278 11280 11281
3 11282 11283 11284
3 11282 11284 11285
3 11286 11287 11288
3 11286 11288 11289
3 11290 11291 11292
3 11290 11292 11293
3 11294 11295 11296
3 11294 11296 11297
3 11298 11299 11300
3 11298 11300 11301
3 11304 11303 11302
3 11306 11305 11304
3 11308 11307 11306
3 11311 11310 11309
3 11314 11313 11312
3 11316 11315 11314
3 11318 11317 11316
3 11321 11320 11319
3 11323 11322 11321
3 11326 11325 11324
3 11328 11327 11326
3 11330 11329 11328
3 11332 11331 11330
3 11334 11333 11332
3 11306 11304 11302
3 11312 11311 11309
3 11316 11314 11312
3 11323 11321 11319
3 11330 11328 11326
3 11308 11306 11302
3 11312 11309 11308
3 11318 11316 11312
3 11323 11319 11318
3 11332 11330 11326
3 11312 11308 11302
3 11324 11323 11318
3 11332 11326 11324
3 11318 11312 11302
3 11332 11324 11318
3 11318 11302 11334
3 11334 11332 11318
3 11335 11336 11337
3 11335 11337 11338
3 11339 11340 11341
3 11339 11341 11342
3 11343 11344 11345
3 11343 11345 11346
3 11347 11348 11349
3 11347 11349 11350
3 11351 11352 11353
3 11351 11353 11354
3 11355 11356 11357
3 11355 11357 11358
3 11359 11360 11361
3 11359 11361 11362
3 11363 11364 11365
3 11363 11365 11366
3 11367 11368 11369
3 11367 11369 11370
3 11371 11372 11373
3 11371 11373 11374
3 11375 11376 11377
3 11375 11377 11378
3 11379 11389 11388
3 11382 11381 11380
3 11385 11384 11383
3 11388 11387 11386
3 11380 11379 11388
3 11383 11382 11380
3 11386 11385 11383
3 11380 11388 11386
3 11386 11383 11380
3 11390 11391 11392
3 11390 11392 11393
3 11394 11395 11396
3 11394 11396 11397
3 11398 11399 11400
3 11398 11400 11401
3 11402 11403 11404
3 11402 11404 11405
3 11406 11407 11408
3 11406 11408 11409
3 11410 11414 11413
3 11412 11411 11410
3 11410 11413 11412
3 11415 11416 11417
3 11415 11417 11418
3 11419 11420 11421
3 11419 11421 11422
3 11423 11424 11425
3 11423 11425 11426
3 11427 11428 11429
3 11427 11429 11430
3 11431 11432 11433
3 11431 11433 11434
3 11435 11436 11437
3 11435 11437 11438
3 11439 11444 11443
3 11442 11441 11440
3 11440 11439 11443
3 11443 11442 11440
3 11445 11446 11447
3 11445 11447 11448
3 11449 11450 11451
3 11449 11451 11452
3 11453 11454 11455
3 11453 11455 11456
3 11457 11458 11459
3 11457 11459 11460
3 11461 11464 11463
3 11463 11462 11461
3 11465 11466 11467
3 11465 11467 11468
3 11469 11470 11471
3 11469 11471 11472
3 11473 11474 11475
3 11473 11475 11476
3 11477 11478 11479
3 11477 11479 11480
3 11481 11482 11483
3 11481 11483 11484
3 11485 11486 11487
3 11485 11487 11488
3 11489 11490 11491
3 11489 11491 11492
3 11493 11494 11495
3 11493 11495 11496
3 11497 11498 11499
3 11497 11499 11500
3 11502 11501 11509
3 11505 11504 11503
3 11507 11506 11505
3 11509 11508 11507
3 11503 11502 11509
3 11507 11505 11503
3 11503 11509 11507
3 11510 11511 11512
3 11510 11512 11513
3 11514 11515 11516
3 11514 11516 11517
3 11518 11519 11520
3 11518 11520 11521
3 11522 11523 11524
3 11522 11524 11525
3 11526 11527 11528
3 11526 11528 11529
3 11530 11531 11532
3 11530 11532 11533
3 11534 11535 11536
3 11534 11536 11537
3 11538 11539 11540
3 11538 11540 11541
3 11542 11543 11544
3 11542 11544 11545
3 11546 11547 11548
3 11546 11548 11549
3 11550 11551 11552
3 11550 11552 11553
3 11554 11555 11556
3 11554 11556 11557
3 11558 11559 11560
3 11558 11560 11561
3 11562 11563 11564
3 11562 11564 11565
3 11566 11567 11568
3 11566 11568 11569
3 11570 11571 11572
3 11570 11572 11573
3 11574 11575 11576
3 11574 11576 11577
3 11578 11579 11580
3 11578 11580 11581
3 11582 11583 11584
3 11582 11584 11585
3 11586 11587 11588
3 11586 11588 11589
3 11590 11591 11592
3 11590 11592 11593
3 11594 11595 11596
3 11594 11596 11597
3 11598 11599 11600
3 11598 11600 11601
3 11602 11603 11604
3 11602 11604 11605
3 11606 11629 11628
3 11610 11609 11608
3 11612 11611 11610
3 11616 11615 11614
3 11618 11617 11616
3 11622 11621 11620
3 11624 11623 11622
3 11606 11628 11627
3 11612 11610 11608
3 11618 11616 11614
3 11625 11624 11622
3 11606 11627 11626
3 11612 11608 11607
3 11618 11614 11613
3 11625 11622 11620
3 11607 11606 11626
3 11613 11612 11607
3 11619 11618 11613
3 11625 11620 11619
3 11613 11607 11626
3 11625 11619 11613
3 11613 11626 11625
3 11630 11631 11632
3 11630 11632 11633
3 11634 11635 11636
3 11634 11636 11637
3 11638 11639 11640
3 11638 11640 11641
3 11642 11643 11644
3 11642 11644 11645
3 11646 11647 11648
3 11646 11648 11649
3 11650 11651 11652
3 11650 11652 11653
3 11654 11655 11656
3 11654 11656 11657
3 11658 11664 11663
3 11660 11659 11658
3 11662 11661 11660
3 11658 11663 11662
3 11662 11660 11658
3 11665 11666 11667
3 11665 11667 11668
3 11669 11670 11671
3 11669 11671 11672
3 11673 11674 11675
3 11673 11675 11676
3 11677 11678 11679
3 11677 11679 11680
3 11681 11682 11683
3 11681 11683 11684
3 11685 11686 11687
3 11685 11687 11688
3 11689 11694 11693
3 11691 11690 11689
3 11693 11692 11691
3 11691 11689 11693
3 11695 11696 11697
3 11695 11697 11698
3 11699 11700 11701
3 11699 11701 11702
3 11703 11704 11705
3 11703 11705 11706
3 11707 11708 11709
3 11707 11709 11710
3 11711 11712 11713
3 11711 11713 11714
3 11715 11716 11717
3 11715 11717 11718
3 11720 11719 11724
3 11722 11721 11720
3 11724 11723 11722
3 11722 11720 11724
3 11725 11726 11727
3 11725 11727 11728
3 11729 11730 11731
3 11729 11731 11732
3 11733 11734 11735
3 11733 11735 11736
3 11737 11738 11739
3 11737 11739 11740
3 11741 11744 11743
3 11743 11742 11741
3 11745 11746 11747
3 11745 11747 11748
3 11749 11750 11751
3 11749 11751 11752
3 11753 11754 11755
3 11753 11755 11756
3 11757 11758 11759
3 11757 11759 11760
3 11761 11762 11763
3 11761 11763 11764
3 11765 11766 11767
3 11765 11767 11768
3 11770 11769 11774
3 11772 11771 11770
3 11774 11773 11772
3 11772 11770 11774
3 11775 11776 11777
3 11775 11777 11778
3 11779 11780 11781
3 11779 11781 11782
3 11783 11784 11785
3 11783 11785 11786
3 11787 11788 11789
3 11787 11789 11790
3 11791 11792 11793
3 11791 11793 11794
3 11795 11796 11797
3 11795 11797 11798
3 11799 11800 11801
3 11799 11801 11802
3 11803 11804 11805
3 11803 11805 11806
3 11807 11808 11809
3 11807 11809 11810
3 11811 11812 11813
3 11811 11813 11814
3 11815 11816 11817
3 11815 11817 11818
3 11819 11820 11821
3 11819 11821 11822
3 11823 11824 11825
3 11823 11825 11826
3 11827 11828 11829
3 11827 11829 11830
3 11831 11832 11833
3 11831 11833 11834
3 11835 11836 11837
3 11835 11837 11838
3 11839 11840 11841
3 11839 11841 11842
3 11843 11844 11845
3 11843 11845 11846
3 11848 11847 11864
3 11850 11849 11848
3 11852 11851 11850
3 11854 11853 11852
3 11857 11856 11855
3 11859 11858 11857
3 11861 11860 11859
3 11863 11862 11861
3 11848 11864 11863
3 11852 11850 11848
3 11855 11854 11852
3 11859 11857 11855
3 11848 11863 11861
3 11855 11852 11848
3 11861 11859 11855
3 11855 11848 11861
3 11865 11866 11867
3 11865 11867 11868
3 11869 11870 11871
3 11869 11871 11872
3 11873 11874 11875
3 11873 11875 11876
3 11877 11878 11879
3 11877 11879 11880
3 11881 11884 11883
3 11883 11882 11881
3 11885 11886 11887
3 11885 11887 11888
3 11889 11890 11891
3 11889 11891 11892
3 11893 11894 11895
3 11893 11895 11896
3 11897 11898 11899
3 11897 11899 11900
3 11901 11904 11903
3 11903 11902 11901
3 11905 11906 11907
3 11905 11907 11908
3 11909 11910 11911
3 11909 11911 11912
3 11913 11914 11915
3 11913 11915 11916
3 11917 11918 11919
3 11917 11919 11920
3 11921 11924 11923
3 11923 11922 11921
3 11925 11926 11927
3 11925 11927 11928
3 11929 11930 11931
3 11929 11931 11932
3 11933 11934 11935
3 11933 11935 11936
3 11937 11938 11939
3 11937 11939 11940
3 11941 11944 11943
3 11943 11942 11941
3 11945 11946 11947
3 11945 11947 11948
3 11949 11950 11951
3 11949 11951 11952
3 11953 11954 11955
3 11953 11955 11956
3 11957 11958 11959
3 11957 11959 11960
3 11961 11964 11963
3 11963 11962 11961
3 11965 11966 11967
3 11965 11967 11968
3 11969 11970 11971
3 11969 11971 11972
3 11973 11974 11975
3 11973 11975 11976
3 11977 11978 11979
3 11977 11979 11980
3 11981 11982 11983
3 11981 11983 11984
3 11985 11986 11987
3 11985 11987 11988
3 11989 11990 11991
3 11989 11991 11992
3 11993 11994 11995
3 11993 11995 11996
3 11997 11998 11999
3 11997 11999 12000
3 12001 12002 12003
3 12001 12003 12004
3 12005 12006 12007
3 12005 12007 12008
3 12009 12010 12011
3 12009 12011 12012
3 12013 12014 12015
3 12013 12015 12016
3 12017 12018 12019
3 12017 12019 12020
3 12021 12022 12023
3 12021 12023 12024
3 12025 12026 12027
3 12025 12027 12028
3 12029 12030 12031
3 12029 12031 12032
3 12033 12034 12035
3 12033 12035 12036
3 12037 12038 12039
3 12037 12039 12040
3 12041 12042 12043
3 12041 12043 12044
3 12045 12046 12047
3 12045 12047 12048
3 12049 12050 12051
3 12049 12051 12052
3 12053 12054 12055
3 12053 12055 12056
3 12057 12079 12078
3 12059 12058 12057
3 12062 12061 12060
3 12064 12063 12062
3 12066 12065 12064
3 12068 12067 12066
3 12070 12069 12068
3 12073 12072 12071
3 12077 12076 12075
3 12059 12057 12078
3 12066 12064 12062
3 12070 12068 12066
3 12074 12073 12071
3 12078 12077 12075
3 12060 12059 12078
3 12066 12062 12060
3 12071 12070 12066
3 12060 12078 12075
3 12071 12066 12060
3 12060 12075 12074
3 12074 12071 12060
3 12080 12081 12082
3 12080 12082 12083
3 12084 12085 12086
3 12084 12086 12087
3 12088 12089 12090
3 12088 12090 12091
3 12092 12093 12094
3 12092 12094 12095
3 12096 12097 12098
3 12096 12098 12099
3 12100 12101 12102
3 12100 12102 12103
3 12104 12105 12106
3 12104 12106 12107
3 12108 12109 12110
3 12108 12110 12111
3 12112 12113 12114
3 12112 12114 12115
3 12116 12117 12118
3 12116 12118 12119
3 12120 12121 12122
3 12120 12122 12123
3 12124 12125 12126
3 12124 12126 12127
3 12128 12129 12130
3 12128 12130 12131
3 12132 12133 12134
3 12132 12134 12135
3 12136 12137 12138
3 12136 12138 12139
3 12140 12154 12153
3 12142 12141 12140
3 12144 12143 12142
3 12146 12145 12144
3 12148 12147 12146
3 12150 12149 12148
3 12152 12151 12150
3 12140 12153 12152
3 12144 12142 12140
3 12148 12146 12144
3 12152 12150 12148
3 12144 12140 12152
3 12152 12148 12144
3 12155 12156 12157
3 12155 12157 12158
3 12159 12160 12161
3 12159 12161 12162
3 12163 12164 12165
3 12163 12165 12166
3 12167 12168 12169
3 12167 12169 12170
3 12171 12172 12173
3 12171 12173 12174
3 12175 12176 12177
3 12175 12177 12178
3 12179 12184 12183
3 12181 12180 12179
3 12183 12182 12181
3 12181 12179 12183
3 12185 12186 12187
3 12185 12187 12188
3 12189 12190 12191
3 12189 12191 12192
3 12193 12194 12195
3 12193 12195 12196
3 12197 12198 12199
3 12197 12199 12200
3 12201 12202 12203
3 12201 12203 12204
3 12205 12209 12208
3 12207 12206 12205
3 12205 12208 12207
3 12210 12211 12212
3 12210 12212 12213
3 12214 12215 12216
3 12214 12216 12217
3 12218 12219 12220
3 12218 12220 12221
3 12222 12223 12224
3 12222 12224 12225
3 12226 12227 12228
3 12226 12228 12229
3 12230 12234 12233
3 12232 12231 12230
3 12230 12233 12232
3 12235 12236 12237
3 12235 12237 12238
3 12239 12240 12241
3 12239 12241 12242
3 12243 12244 12245
3 12243 12245 12246
3 12247 12248 12249
3 12247 12249 12250
3 12251 12252 12253
3 12251 12253 12254
3 12255 12256 12257
3 12255 12257 12258
3 12260 12259 12264
3 12262 12261 12260
3 12264 12263 12262
3 12262 12260 12264
3 12265 12266 12267
3 12265 12267 12268
3 12269 12270 12271
3 12269 12271 12272
3 12273 12274 12275
3 12273 12275 12276
3 12277 12278 12279
3 12277 12279 12280
3 12281 12282 12283
3 12281 12283 12284
3 12285 12286 12287
3 12285 12287 12288
3 12289 12290 12291
3 12289 12291 12292
3 12293 12294 12295
3 12293 12295 12296
3 12297 12298 12299
3 12297 12299 12300
3 12301 12302 12303
3 12301 12303 12304
3 12305 12306 12307
3 12305 12307 12308
3 12309 12310 12311
3 12309 12311 12312
3 12313 12314 12315
3 12313 12315 12316
3 12317 12318 12319
3 12317 12319 12320
3 12321 12322 12323
3 12321 12323 12324
3 12325 12326 12327
3 12325 12327 12328
3 12329 12330 12331
3 12329 12331 12332
3 12333 12334 12335
3 12333 12335 12336
3 12337 12338 12339
3 12337 12339 12340
3 12341 12342 12343
3 12341 12343 12344
3 12345 12346 12347
3 12345 12347 12348
3 12349 12369 12368
3 12351 12350 12349
3 12353 12352 12351
3 12355 12354 12353
3 12357 12356 12355
3 12360 12359 12358
3 12362 12361 12360
3 12365 12364 12363
3 12368 12367 12366
3 12351 12349 12368
3 12357 12355 12353
3 12362 12360 12358
3 12366 12365 12363
3 12351 12368 12366
3 12358 12357 12353
3 12363 12362 12358
3 12351 12366 12363
3 12363 12358 12353
3 12353 12351 12363
